doc_id,locale,summary_len,body0_len
guideArticle.al-wadi-al-gadid.el-wadi-el-gedid-museum,en,240,76
guideArticle.al-wadi-al-gadid.el-wadi-el-gedid-museum,es,240,64
guideArticle.al-wadi-al-gadid.el-wadi-el-gedid-museum,ja,240,39
guideArticle.alexandria.the-national-museum,en,240,19
guideArticle.alexandria.the-national-museum,es,240,17
guideArticle.alexandria.the-national-museum,ja,240,5
guideArticle.cairo.al-azhar-mosque,es,157,508
guideArticle.cairo.al-azhar-to-the-citadel,en,240,52
guideArticle.cairo.al-azhar-to-the-citadel,es,240,49
guideArticle.cairo.al-azhar-to-the-citadel,ja,240,29
guideArticle.cairo.amir-taz-palace,es,197,540
guideArticle.cairo.an-nasir-mohammed-bin-qalawoon-mosque,en,239,85
guideArticle.cairo.an-nasir-mohammed-bin-qalawoon-mosque,es,240,86
guideArticle.cairo.an-nasir-mohammed-bin-qalawoon-mosque,ja,240,37
guideArticle.cairo.aqsunqur-mosque-the-blue-mosque,es,251,757
guideArticle.cairo.aqsunur-mosque,en,240,71
guideArticle.cairo.aqsunur-mosque,es,240,83
guideArticle.cairo.aqsunur-mosque,ja,240,37
guideArticle.cairo.bab-zuweila,es,188,701
guideArticle.cairo.bein-al-qasreen,es,147,744
guideArticle.cairo.beit-al-harrawi,es,181,637
guideArticle.cairo.beit-al-suhaymi,es,190,548
guideArticle.cairo.beit-zeinab-al-khatoun,es,228,586
guideArticle.cairo.ben-ezra-synagogue,es,219,430
guideArticle.cairo.church-of-saint-barbara,es,165,576
guideArticle.cairo.church-of-saint-sergius-and-bacchus-abu-serga,es,242,691
guideArticle.cairo.church-of-st-barbara,en,240,66
guideArticle.cairo.church-of-st-barbara,es,240,75
guideArticle.cairo.church-of-st-barbara,ja,240,22
guideArticle.cairo.church-of-st-sergius-bacchus,en,240,67
guideArticle.cairo.church-of-st-sergius-bacchus,es,240,68
guideArticle.cairo.church-of-st-sergius-bacchus,ja,240,26
guideArticle.cairo.complex-of-sultan-al-ashraf-barsbay,es,102,522
guideArticle.cairo.egyptian-museum-of-antiquities,es,235,608
guideArticle.cairo.egyptian-textile-museum,es,180,454
guideArticle.cairo.from-al-azhar-to-the-citadel-walking-islamic-cairo,es,278,661
guideArticle.cairo.gawhara-terrace-and-palace,es,172,425
guideArticle.cairo.gayer-anderson-museum,es,268,718
guideArticle.cairo.hanging-church-al-mu-allaqa,es,177,677
guideArticle.cairo.ibn-tulun-citadel,en,240,75
guideArticle.cairo.ibn-tulun-citadel,es,240,89
guideArticle.cairo.ibn-tulun-citadel,ja,240,31
guideArticle.cairo.khan-al-khalili-bazaar,en,240,22
guideArticle.cairo.khan-al-khalili-bazaar,es,240,21
guideArticle.cairo.khan-al-khalili-bazaar,ja,240,27
guideArticle.cairo.khan-el-khalili,es,133,565
guideArticle.cairo.khanqah-mausoleum-of-sultan-baybars-al-gashankir,en,240,75
guideArticle.cairo.khanqah-mausoleum-of-sultan-baybars-al-gashankir,es,240,76
guideArticle.cairo.khanqah-mausoleum-of-sultan-baybars-al-gashankir,ja,240,35
guideArticle.cairo.khayrbek-complex,es,249,472
guideArticle.cairo.madrasa-and-khanqah-of-sultan-barquq,es,248,554
guideArticle.cairo.madrasa-of-al-nasir-muhammad-ibn-qalawun-en-2026-05,en,203,497
guideArticle.cairo.madrassa-and-mausoleum-of-barquq,en,239,53
guideArticle.cairo.madrassa-and-mausoleum-of-barquq,es,240,53
guideArticle.cairo.madrassa-and-mausoleum-of-barquq,ja,240,19
guideArticle.cairo.madrassa-mausoleum-of-as-salih-negm-el-din-ayyub,en,240,74
guideArticle.cairo.madrassa-mausoleum-of-as-salih-negm-el-din-ayyub,es,240,73
guideArticle.cairo.madrassa-mausoleum-of-as-salih-negm-el-din-ayyub,ja,240,37
guideArticle.cairo.madrassa-mausoleum-of-qalawun,en,240,63
guideArticle.cairo.madrassa-mausoleum-of-qalawun,es,240,73
guideArticle.cairo.madrassa-mausoleum-of-qalawun,ja,240,26
guideArticle.cairo.mausoleum-of-al-ghouri,es,217,637
guideArticle.cairo.midan-al-hussein,es,269,532
guideArticle.cairo.mosque-madrasa-of-al-ghouri,es,252,517
guideArticle.cairo.mosque-madrassa-of-al-ghouri,en,240,83
guideArticle.cairo.mosque-madrassa-of-al-ghouri,es,240,93
guideArticle.cairo.mosque-madrassa-of-al-ghouri,ja,240,29
guideArticle.cairo.mosque-madrassa-of-umm-sultan-sha-aban,es,225,839
guideArticle.cairo.mosque-madrassa-of-umm-sultan-shaaban,en,239,39
guideArticle.cairo.mosque-madrassa-of-umm-sultan-shaaban,es,240,46
guideArticle.cairo.mosque-madrassa-of-umm-sultan-shaaban,ja,240,19
guideArticle.cairo.mosque-of-al-mu-ayyad-shaykh,es,228,645
guideArticle.cairo.mosque-of-al-nasir-mohammed-ben-qalawoon,en,240,70
guideArticle.cairo.mosque-of-al-nasir-mohammed-ben-qalawoon,es,240,78
guideArticle.cairo.mosque-of-al-nasir-mohammed-ben-qalawoon,ja,240,32
guideArticle.cairo.mosque-of-al-nasir-muhammad-ibn-qalawun-en-2026-05,en,166,358
guideArticle.cairo.mosque-of-amr-ibn-al-as,es,266,775
guideArticle.cairo.mosque-of-ibn-tulun,es,266,728
guideArticle.cairo.mosque-of-sayyidna-al-hussein,es,161,554
guideArticle.cairo.northern-cemetery,es,229,572
guideArticle.cairo.northern-walls-and-gates-of-fatimid-cairo,es,220,720
guideArticle.cairo.roman-towers-and-church-of-saint-george,es,278,662
guideArticle.cairo.sabil-and-kuttab-of-abdel-rahman-katkhuda,en,240,74
guideArticle.cairo.sabil-and-kuttab-of-abdel-rahman-katkhuda,es,240,74
guideArticle.cairo.sabil-and-kuttab-of-abdel-rahman-katkhuda,ja,240,35
guideArticle.cairo.sabil-kuttab-of-abd-al-rahman-katkhuda,es,244,534
guideArticle.cairo.sabil-of-muhammad-ali-pasha,es,220,563
guideArticle.cairo.sharia-al-muizz-li-din-allah,es,268,615
guideArticle.cairo.the-citadel-of-saladin,es,257,696
guideArticle.cairo.the-coptic-museum,es,163,601
guideArticle.cairo.the-hanging-church,en,239,46
guideArticle.cairo.the-hanging-church,es,239,58
guideArticle.cairo.the-hanging-church,ja,240,20
guideArticle.cairo.the-mosque-of-sultan-qaitbey,en,240,66
guideArticle.cairo.the-mosque-of-sultan-qaitbey,es,239,76
guideArticle.cairo.the-mosque-of-sultan-qaitbey,ja,240,30
guideArticle.giza.abusir-necropolis,es,156,513
guideArticle.giza.abusir-pyramid-of-niuserre,en,240,90
guideArticle.giza.abusir-pyramid-of-niuserre,es,240,103
guideArticle.giza.abusir-pyramid-of-niuserre,ja,240,34
guideArticle.giza.dahshur-necropolis,es,164,443
guideArticle.giza.imhotep-museum-at-saqqara,es,201,549
guideArticle.giza.mastaba-of-ptahshepses-at-abusir,es,188,533
guideArticle.giza.memphis-mit-rahina,es,201,777
guideArticle.giza.mit-rahina-museum,es,163,538
guideArticle.giza.pyramid-of-djedefre-at-abu-rawash,es,259,730
guideArticle.giza.pyramid-of-khentkaus-ii-at-abusir,es,257,731
guideArticle.giza.pyramid-of-neferirkare-at-abusir,es,271,774
guideArticle.giza.pyramid-of-sahure-at-abusir,es,182,505
guideArticle.giza.pyramids-of-zawyet-el-aryan,es,224,581
guideArticle.giza.tanis-san-al-hagar,es,237,748
guideArticle.giza.the-bent-pyramid-of-sneferu,es,271,842
guideArticle.giza.the-great-pyramid-of-khufu,es,275,631
guideArticle.giza.the-great-sphinx,es,273,653
guideArticle.giza.the-layer-pyramid-of-khaba-at-zawyet-el-aryan,es,246,579
guideArticle.giza.the-red-pyramid-of-sneferu,es,210,741
guideArticle.giza.the-saqqara-necropolis,es,216,689
guideArticle.giza.the-solar-boat-of-khufu,es,167,416
guideArticle.giza.the-white-pyramid-of-amenemhat-ii,es,139,614
guideArticle.giza.tomb-of-mereruka-at-saqqara,es,273,560
guideArticle.giza.tours-in-giza,es,161,428
guideArticle.kom-ombo.gebel-el-silsila,es,152,966
guideArticle.kom-ombo.khnum-temple,en,240,22
guideArticle.kom-ombo.khnum-temple,es,240,36
guideArticle.kom-ombo.khnum-temple,ja,240,9
guideArticle.luxor.el-assasif,es,150,1807
guideArticle.luxor.el-khokha,es,248,1634
guideArticle.luxor.madinat-habu-temple,es,252,1261
guideArticle.luxor.only-in-luxor,es,201,790
guideArticle.luxor.the-colossi-of-memnon,es,249,1113
guideArticle.luxor.the-karnak-temple,es,244,1086
guideArticle.luxor.the-luxor-museum,es,258,1214
guideArticle.luxor.the-luxor-temple,es,265,1578
guideArticle.luxor.the-mortuary-temple-of-queen-hatshepsut,en,240,59
guideArticle.luxor.the-mortuary-temple-of-queen-hatshepsut,ja,240,28
guideArticle.luxor.valley-of-the-kings,es,208,1704
guideArticle.luxor.valley-of-the-queens,es,271,1571
guideArticle.qena.the-temple-of-dendera,ja,240,10
guideArticle.qena.the-temple-of-hathor,en,240,36
guideArticle.qena.the-temple-of-hathor,es,239,33
guideArticle.qena.the-temple-of-hathor,ja,240,10
guideArticle.saint-catherine.mosque-of-al-hakim-be-amr-allah,en,240,31
guideArticle.saint-catherine.mosque-of-al-hakim-be-amr-allah,es,240,33
guideArticle.saint-catherine.mosque-of-al-hakim-be-amr-allah,ja,240,21
guideArticle.siwa-oasis.food-in-siwa-oasis,es,173,969
guideArticle.siwa-oasis.getting-around-in-siwa-oasis,es,242,467
guideArticle.siwa-oasis.how-to-go-in-siwa-oasis,es,124,614
guideArticle.siwa-oasis.shali-fortress,es,122,483
guideArticle.siwa-oasis.siwa-house-museum,es,217,385
guideArticle.siwa-oasis.tours-in-siwa-oasis,es,181,632
guideArticle.siwa-oasis.upcoming-events-in-siwa-oasis,es,243,449
wp-page-112945,en,240,12
wp-page-112945,es,240,12
wp-page-112945,ja,240,9
wp-page-114934,en,240,32
wp-page-114934,es,240,52
wp-page-114934,ja,240,17
wp-page-114936,en,240,30
wp-page-114936,es,240,52
wp-page-114936,ja,240,16
wp-page-114938,en,240,37
wp-page-114938,es,239,56
wp-page-114938,ja,240,24
wp-page-145963,en,240,60
wp-page-145963,es,240,60
wp-page-145963,ja,240,37
wp-page-145987,en,240,55
wp-page-145987,es,240,72
wp-page-145987,ja,240,32
wp-page-153215,en,239,42
wp-page-153215,es,240,55
wp-page-153215,ja,240,23
wp-page-153289,en,240,37
wp-page-153289,es,240,42
wp-page-153289,ja,240,20
wp-page-155767,en,240,46
wp-page-155767,es,240,69
wp-page-155767,ja,240,27
wp-page-239598,en,240,109
wp-page-239598,es,240,141
wp-page-239598,ja,240,55
wp-page-59386,es,269,598
wp-page-59387,es,217,444
wp-page-59388,es,118,474
wp-page-59389,es,249,683
wp-page-59391,es,256,400
wp-page-59393,es,119,680
wp-page-59394,es,153,546
wp-page-59407,es,113,478
wp-page-59426,ja,240,27
wp-page-59634,en,240,42
wp-page-59634,es,240,50
wp-page-59634,ja,240,23
wp-page-59636,en,240,77
wp-page-59636,es,240,81
wp-page-59636,ja,240,26
wp-page-59638,en,240,27
wp-page-59638,es,239,33
wp-page-59638,ja,240,14
wp-page-59642,en,239,70
wp-page-59642,es,240,75
wp-page-59642,ja,240,37
wp-page-59655,en,240,18
wp-page-59655,es,240,18
wp-page-59655,ja,240,6
wp-page-59687,en,221,295
wp-page-59687,es,237,322
wp-page-59749,ja,240,11
wp-page-60075,es,133,545
wp-page-60076,es,124,511
wp-page-60416,en,239,60
wp-page-60416,es,239,28
wp-page-60416,ja,240,20
wp-page-60419,en,240,71
wp-page-60419,es,240,79
wp-page-60419,ja,240,19
wp-page-60420,en,240,64
wp-page-60420,es,240,55
wp-page-60420,ja,240,13
wp-page-60421,en,240,53
wp-page-60421,es,239,32
wp-page-60421,ja,240,13
wp-page-60422,en,240,56
wp-page-60422,es,239,57
wp-page-60422,ja,240,21
wp-page-60423,en,239,42
wp-page-60423,es,240,41
wp-page-60423,ja,240,18
wp-page-60424,en,240,18
wp-page-60424,es,239,27
wp-page-60424,ja,240,23
wp-page-60425,en,240,41
wp-page-60425,es,240,41
wp-page-60425,ja,240,18
wp-page-60426,en,240,25
wp-page-60426,es,240,25
wp-page-60426,ja,240,17
wp-page-60506,en,240,26
wp-page-60506,es,240,22
wp-page-60506,ja,240,13
wp-page-60508,en,240,50
wp-page-60508,es,240,60
wp-page-60509,en,240,19
wp-page-60509,es,240,55
wp-page-60509,ja,240,24
wp-page-60510,es,251,798
wp-page-60511,en,240,14
wp-page-60511,es,240,35
wp-page-60511,ja,240,13
wp-page-60513,en,239,46
wp-page-60513,es,240,25
wp-page-60601,en,240,40
wp-page-60601,es,240,33
wp-page-60601,ja,240,24
wp-page-60604,en,240,22
wp-page-60604,es,240,22
wp-page-60604,ja,239,14
wp-page-60624,es,112,763
wp-page-60643,es,183,869
wp-page-60648,es,250,626
wp-page-60649,es,216,792
wp-page-60653,es,142,1153
wp-page-60657,es,276,1380
wp-page-60661,es,104,851
wp-page-61927,en,240,18
wp-page-61927,ja,240,17
wp-page-63606,es,219,549
wp-page-69927,es,178,711
wp-page-72292,en,240,43
wp-page-72292,es,240,56
wp-page-72292,ja,240,18
wp-page-72314,en,240,46
wp-page-72314,es,240,64
wp-page-72314,ja,240,17
wp-page-72323,es,240,74
wp-page-72323,ja,240,24
wp-page-72325,es,240,72
wp-page-72325,ja,240,22
wp-page-72327,en,240,37
wp-page-72327,es,240,50
wp-page-72327,ja,240,12
wp-page-72336,en,240,49
wp-page-72336,es,240,53
wp-page-72336,ja,240,16
wp-page-72338,ja,240,19
wp-page-72343,en,240,50
wp-page-72343,es,240,45
wp-page-72343,ja,240,18
wp-page-72364,es,240,90
wp-page-72364,ja,240,30
wp-page-75564,en,271,370
wp-page-75799,en,240,33
wp-page-75799,es,239,39
wp-page-75799,ja,240,13
wp-page-76469,es,239,70
wp-page-76469,ja,240,29
wp-page-78370,es,142,868
wp-page-78374,es,132,667
wp-page-78784,es,275,619
wp-page-86817,en,240,26
wp-page-86817,es,240,40
wp-page-86817,ja,240,17
wp-page-86832,en,240,23
wp-page-86832,es,239,35
wp-page-86832,ja,240,14
wp-page-86841,en,240,23
wp-page-86841,es,239,36
wp-page-86841,ja,240,16
wp-page-86858,en,240,26
wp-page-86858,es,239,37
wp-page-86858,ja,240,16
wp-page-86865,en,240,55
wp-page-86865,es,240,74
wp-page-86865,ja,240,17
wp-page-86911,en,240,33
wp-page-86911,es,240,45
wp-page-86911,ja,240,21
wp-page-86936,en,240,24
wp-page-86936,es,239,37
wp-page-86936,ja,240,15
wp-page-87001,en,239,28
wp-page-87001,es,240,41
wp-page-87001,ja,240,18
wp-page-87064,en,239,23
wp-page-87064,es,240,40
wp-page-87064,ja,240,16
wp-page-87070,en,240,28
wp-page-87070,es,239,45
wp-page-87070,ja,240,19
wp-page-87387,en,240,27
wp-page-87387,es,239,48
wp-page-87387,ja,240,20
wp-page-87408,en,240,27
wp-page-87408,es,240,49
wp-page-87408,ja,240,14
wp-page-87495,en,240,45
wp-page-87495,es,240,82
wp-page-87495,ja,240,29
wp-page-87635,en,240,41
wp-page-87635,es,240,49
wp-page-87635,ja,240,22
wp-page-87636,en,240,51
wp-page-87636,es,240,63
wp-page-87636,ja,240,38
wp-page-87739,en,240,27
wp-page-87739,es,240,52
wp-page-87739,ja,240,12
wp-page-87759,en,240,46
wp-page-87759,es,239,89
wp-page-87759,ja,240,34
wp-page-87767,en,240,56
wp-page-87767,es,240,84
wp-page-87767,ja,240,29
wp-page-87837,en,239,52
wp-page-87837,es,239,60
wp-page-87837,ja,240,32
wp-page-88171,es,240,75
wp-page-88171,ja,240,30
wp-page-88559,en,240,35
wp-page-88559,es,240,68
wp-page-88559,ja,240,22
wp-page-88566,en,240,65
wp-page-88566,es,240,65
wp-page-88566,ja,240,26
wp-page-89437,en,240,65
wp-page-89437,es,240,58
wp-page-89437,ja,240,26
wp-page-96618,en,239,65
wp-page-96618,es,240,70
wp-page-96618,ja,240,20
