from_url,destination,sub,clicks,impressions
https://travel2egypt.org/how-to-choose-a-sim-card-for-your-trip-to-egypt/,,,7360,348156
https://travel2egypt.org/alcohol-in-egypt/,,,6500,348010
https://travel2egypt.org/are-there-crocodiles-in-the-nile-river/,,,2738,259051
https://travel2egypt.org/ja/エジプトのチップ文化（バクシーシ）/,,,1997,36415
https://travel2egypt.org/water-safety-in-egypt-advice-for-travelers/,,,1821,134872
https://travel2egypt.org/faux-pas-to-avoid-in-egypt/,,,1310,94974
https://travel2egypt.org/es/hay-cocodrilos-en-el-rio-nilo/,,,1215,60407
https://travel2egypt.org/escorts-in-egypt/,,,1049,22983
https://travel2egypt.org/ja/エジプトで避けるべき失礼な行動/,,,861,62379
https://travel2egypt.org/es/tu-nombre-en-jeroglificos/,,,831,24565
https://travel2egypt.org/toilets-in-egypt/,,,777,53060
https://travel2egypt.org/ja/エジプトの水安全-旅行者へのアドバイス/,,,730,18403
https://travel2egypt.org/attractions-entrance-fees/,,,689,96612
https://travel2egypt.org/es/propinas-en-egipto/,,,660,27357
https://travel2egypt.org/es/alcohol-en-egipto/,,,636,18133
https://travel2egypt.org/antique-market-in-cairo-the-diana-market/,,,576,18140
https://travel2egypt.org/egypt-transportation-tips/,,,575,94334
https://travel2egypt.org/safety-guide-for-travelers-to-egypt/,,,550,269026
https://travel2egypt.org/why-january-is-the-perfect-month-to-visit-egypt/,,,541,41963
https://travel2egypt.org/es/las-bebidas-alcoholicas-en-egipto/,,,494,14387
https://travel2egypt.org/ja/エジプト・ナイルクルーズ完全ガイド/,,,457,6703
https://travel2egypt.org/,,,443,68976
https://travel2egypt.org/ja/エジプトのトイレ情報/,,,442,14952
https://travel2egypt.org/ja/エジプトの神々：エジプト神話で最も重要な神々/,,,417,47665
https://travel2egypt.org/cave-church-cairo/,,,414,64591
https://travel2egypt.org/opening-hours-and-public-holidays/,,,411,148406
https://travel2egypt.org/cinematic-guide-to-egypts-film-sites/,,,389,48702
https://travel2egypt.org/es/tumbas-imprescindibles-del-valle-de-los-reyes/,,,382,16014
https://travel2egypt.org/wadi-feiran/,,,376,19496
https://travel2egypt.org/dahab-seasonal-guide/,,,374,52873
https://travel2egypt.org/private-tour-2-days-1-night-trip-to-saint-catherine-from-cairo/,,,366,33800
https://travel2egypt.org/es/los-coptos-de-egipto-guardianes-de-una-antigua-fe/,,,365,89230
https://travel2egypt.org/visiting-egypt-in-july/,,,365,43124
https://travel2egypt.org/how-to-go-to-saint-catherine/,,,363,15281
https://travel2egypt.org/myths-and-facts-about/,,,356,32431
https://travel2egypt.org/ja/エジプト旅行に最適なsimカードの選び方/,,,354,7551
https://travel2egypt.org/middle-kingdom-pharaohs/,,,350,63634
https://travel2egypt.org/es/telefonos-en-egipto/,,,341,19776
https://travel2egypt.org/siwa-salt-lakes/,,,335,58346
https://travel2egypt.org/places-to-visit-in-cairo-at-night/,,,329,44193
https://travel2egypt.org/ja/ルクソールの移動手段あれこれ/,,,303,2381
https://travel2egypt.org/es/precios-de-las-entradas-a-las-atracciones-de-luxor/,,,289,12085
https://travel2egypt.org/ja/古代エジプトに関する14の誤解と真実/,,,288,11399
https://travel2egypt.org/sacred-places-in-egypt-temples-mosques-and-religious-sites-to-explore/,,,275,25922
https://travel2egypt.org/ja/エジプトの値段交渉/,,,273,1662
https://travel2egypt.org/the-copts-of-egypt-guardians-of-an-ancient-faith/,,,272,89684
https://travel2egypt.org/ja/エジプトの映画撮影地への映画ガイド/,,,268,8964
https://travel2egypt.org/telephones-in-egypt/,,,263,92173
https://travel2egypt.org/ja/ナイル川にワニはいますか？/,,,252,7050
https://travel2egypt.org/cultural-etiquette-in-egypt/,,,247,25043
https://travel2egypt.org/cairo-private-car-and-guide/,,,240,8701
https://travel2egypt.org/es/explorando-la-iglesia-de-la-cueva-de-el-cairo-una-joya-escondida-en-la-montana-mokattam/,,,238,7126
https://travel2egypt.org/how-to-go-to-faiyum/,,,227,11228
https://travel2egypt.org/ja/夜のカイロで訪れたいおすすめスポット/,,,217,3025
https://travel2egypt.org/getting-around-sharm-el-sheikh/,,,210,19821
https://travel2egypt.org/wifi-in-egypt/,,,208,60139
https://travel2egypt.org/es/por-que-enero-es-el-mes-perfecto-para-visitar-egipto/,,,208,17781
https://travel2egypt.org/egypt-scams-bargaining-tips/,,,208,14524
https://travel2egypt.org/sharm-el-sheikh-travel-guide/getting-around/,sharm-el-sheikh,getting-around,203,17740
https://travel2egypt.org/al-arish-travel-guide/,,,196,44976
https://travel2egypt.org/es/visitar-egipto-en-julio/,,,196,21150
https://travel2egypt.org/ja/ルクソール旅行ガイド/移動手段あれこれ/,,,196,1670
https://travel2egypt.org/es/14-mitos-del-antiguo-egipto-realidad-o-ficcion/,,,193,26235
https://travel2egypt.org/ja/エジプトのアルコール/,,,193,7714
https://travel2egypt.org/dahab-travel-guide/when-to-visit-dahab/,dahab,when-to-visit-dahab,189,21367
https://travel2egypt.org/traditional-food-in-aswan/,,,189,14579
https://travel2egypt.org/how-to-get-around-alexandria/,,,187,13501
https://travel2egypt.org/egyptian-gods/,,,186,86150
https://travel2egypt.org/why-you-should-visit-egypt-in-april/,,,184,26741
https://travel2egypt.org/how-to-go-to-bahariya-oasis/,,,184,4616
https://travel2egypt.org/group-day-tours/,,,174,78430
https://travel2egypt.org/es/transporte-en-egipto/,,,172,8260
https://travel2egypt.org/local-hospitals-in-egypt/,,,171,15663
https://travel2egypt.org/exploring-the-great-sphinx-of-giza/,,,170,23198
https://travel2egypt.org/es/tumbas-imprescindibles-del-valle-de-los-reyes-2024-joyas-ocultas-y-consejos-ineditos-para-los-visitantes/,,,170,8630
https://travel2egypt.org/where-to-eat-in-alexandria/,,,164,17501
https://travel2egypt.org/es/dioses-egipcios/,,,161,78982
https://travel2egypt.org/es/entradas-a-las-atracciones/,,,159,5347
https://travel2egypt.org/ja/アレクサンドリアへのアクセス方法/,,,159,2572
https://travel2egypt.org/airports-in-egypt/,,,157,63621
https://travel2egypt.org/es/cine-de-egipto/,,,154,26994
https://travel2egypt.org/aswan-travel-guide/culinary-feasting/,aswan,culinary-feasting,153,6986
https://travel2egypt.org/best-time-to-cruise-the-nile-2/,,,151,16505
https://travel2egypt.org/month-by-month-guide-to-egypt/,,,148,23773
https://travel2egypt.org/es/la-electricidad-en-egipto/,,,147,53193
https://travel2egypt.org/wellness-and-medical-tourism-in-egypt/,,,145,15356
https://travel2egypt.org/ja/ギザのピラミッドで詐欺を避ける方法/,,,142,2581
https://travel2egypt.org/ja/エジプトの言語/,,,141,64398
https://travel2egypt.org/when-to-go-marsa-alam/,,,141,35846
https://travel2egypt.org/aswan-and-abu-simbel-from-luxor/,,,140,17165
https://travel2egypt.org/ja/エジプトの通貨/,,,137,12205
https://travel2egypt.org/es/129-razones-para-visitar-el-templo-de-karnak/,,,135,21399
https://travel2egypt.org/ja/営業時間と祝日/,,,134,6775
https://travel2egypt.org/esna-travel-guide/,,,133,20171
https://travel2egypt.org/ja/時の守護者：ギザの大スフィンクスを探索する/,,,131,29072
https://travel2egypt.org/es/donde-esta-tutankamon-ahora/,,,130,8126
https://travel2egypt.org/ja/カイトベイの要塞/,,,130,1926
https://travel2egypt.org/es/hospitales-locales-en-egipto-costos-y-atencion-medica/,,,129,5042
https://travel2egypt.org/language-in-egypt/,,,128,160613
https://travel2egypt.org/ja/エジプトのシニア向けグループ旅行/,,,128,1546
https://travel2egypt.org/how-to-dress-when-visiting-egypt/,,,127,27194
https://travel2egypt.org/ja/ギザの観光地チケット料金/,,,125,6243
https://travel2egypt.org/es/nilo-en-zamalek/,,,124,4401
https://travel2egypt.org/es/retretes-en-egipto/,,,124,3076
https://travel2egypt.org/al-gouna-travel-guide/mangroovy-beach/,al-gouna,mangroovy-beach,123,5876
https://travel2egypt.org/the-evolution-of-food-in-egypt/,,,121,16101
https://travel2egypt.org/sufi-dance-tanoura-show-in-the-wikala-of-el-ghoury/,,,121,5853
https://travel2egypt.org/electricity-in-egypt/,,,120,46384
https://travel2egypt.org/ja/エジプトでの電話利用について/,,,118,4437
https://travel2egypt.org/es/explora-el-gran-museo-egipcio-2024-guia-para-iniciados/,,,116,3694
https://travel2egypt.org/time-in-egypt/,,,114,11891
https://travel2egypt.org/how-to-avoid-scams-at-giza-pyramids/,,,111,9557
https://travel2egypt.org/ja/シャルム・エル・シェイクまでの行き方/,,,110,3060
https://travel2egypt.org/nabq-national-park/,,,107,14477
https://travel2egypt.org/ja/カイロ国立エジプト文明博物館の究極ガイド/,,,107,2221
https://travel2egypt.org/ja/ワディ・フェイラン：シナイの古代の谷を巡る旅/,,,107,717
https://travel2egypt.org/traveling-to-egypt-in-august/,,,106,11385
https://travel2egypt.org/egypt-tours-from-germany/,,,106,8504
https://travel2egypt.org/es/gran-museo-egipcio/,,,102,5878
https://travel2egypt.org/es/reyes-del-antiguo-egipto/,,,101,53510
https://travel2egypt.org/edfu-travel-guide/,,,101,29015
https://travel2egypt.org/es/las-mejores-opciones-de-tarjetas-sim-para-viajar-a-egipto/,,,100,5347
https://travel2egypt.org/must-see-tombs-in-the-valley-of-the-kings/,,,98,20807
https://travel2egypt.org/sharm-el-sheikh-historical-overview/,,,98,19473
https://travel2egypt.org/overnight-sataya-dolphin-reef-safari/,,,98,5721
https://travel2egypt.org/nile-link-private-cartransfer-from-aswan-to-luxor/,,,98,5328
https://travel2egypt.org/ancient-egyptian-kings/,,,97,79297
https://travel2egypt.org/luxor-private-day-tours/,,,97,12096
https://travel2egypt.org/restaurants-in-zamalek/,,,96,35032
https://travel2egypt.org/ja/エジプトのラマダン/,,,96,6920
https://travel2egypt.org/es/mercado-local-de-asuan/,,,96,3066
https://travel2egypt.org/es/restaurantes-con-vistas-al-nilo-en-zamalek-el-cairo/,,,95,3654
https://travel2egypt.org/es/guia-cinematografica-de-los-sitios-de-cine-de-egipto/,,,94,8443
https://travel2egypt.org/ja/美食の饗宴/,,,93,1248
https://travel2egypt.org/es/lugares-que-visitar-en-el-cairo-de-noche/,,,92,7048
https://travel2egypt.org/es/el-mejor-itinerario-de-12-dias-por-egipto/,,,92,3731
https://travel2egypt.org/sharm-el-sheikh-to-mount-sinai/,,,91,16207
https://travel2egypt.org/ja/ルクソールの観光地チケット料金/,,,91,2379
https://travel2egypt.org/ja/観光地の入場料/,,,90,3417
https://travel2egypt.org/ancient-egypt-myths/,,,89,8113
https://travel2egypt.org/ja/ファラオからファラフェルへ：エジプトの食文化/,,,89,5758
https://travel2egypt.org/ja/7月にエジプトを訪れる-4o-mini/,,,89,2292
https://travel2egypt.org/es/horario-y-dias-festivos/,,,88,13358
https://travel2egypt.org/egypt-bird-watching-tour/,,,88,2088
https://travel2egypt.org/es/los-mejores-itinerarios-de-viaje-por-egipto/,,,87,19841
https://travel2egypt.org/ismailia-travel-guide/,,,87,18855
https://travel2egypt.org/saint-catherine-travel-guide/pilgrims-travel-guide/,saint-catherine,pilgrims-travel-guide,87,3626
https://travel2egypt.org/islamic-cairo-and-its-religious-significance/,,,86,13390
https://travel2egypt.org/saint-catherine-travel-guide/moses-mountain/,saint-catherine,moses-mountain,85,25836
https://travel2egypt.org/how-to-go-to-marsa-matruh/,,,83,19907
https://travel2egypt.org/eco-lodges-in-egypt/,,,82,7142
https://travel2egypt.org/day-tour-to-esna-edfu-kom-ombo-from-luxor/,,,82,6809
https://travel2egypt.org/es/hoteles-historicos-en-egipto-donde-la-historia-se-encuentra-con-el-lujo/,,,82,5166
https://travel2egypt.org/marsa-alam-travel-guide/weather-travel-guide/,marsa-alam,weather-travel-guide,81,30043
https://travel2egypt.org/ismailia-arrival-guide/,,,81,20031
https://travel2egypt.org/islamic-architectural-heritage-in-egypt/,,,81,12074
https://travel2egypt.org/things-to-do-in-asyut/,,,80,10386
https://travel2egypt.org/marriott-mena-house-stay-of-distinction/,,,79,5197
https://travel2egypt.org/bargaining-in-egypt/,,,77,4293
https://travel2egypt.org/history-of-asyut/,,,76,26247
https://travel2egypt.org/14-myths-and-facts-about-ancient-egypt/,,,76,5463
https://travel2egypt.org/ticket-prices-for-attractions-in-giza/,,,75,21886
https://travel2egypt.org/sinai-historical-sites/,,,75,9239
https://travel2egypt.org/es/preguntas-frecuentes-sobre-viajes-a-egipto/,,,75,8487
https://travel2egypt.org/nile-cruise-luxor-to-cairo/,,,75,7108
https://travel2egypt.org/ja/エジプトの交通手段/,,,74,2472
https://travel2egypt.org/ja/アスワンのローカルマーケット/,,,74,673
https://travel2egypt.org/public-transport-in-hurghada/,,,73,5937
https://travel2egypt.org/moses-mountain/,,,72,95796
https://travel2egypt.org/es/dioses-egipcios-los-dioses-mas-significativos-de-la-mitologia-egipcia/,,,72,37097
https://travel2egypt.org/dendera-and-abydos-temples-from-luxor/,,,72,5777
https://travel2egypt.org/ghaliet-ecolodge-siwa/,,,72,4404
https://travel2egypt.org/ja/ナイルのお祭り/,,,72,2734
https://travel2egypt.org/qena-travel-guide/,,,71,28124
https://travel2egypt.org/aswan-felucca-adventure/,,,71,7060
https://travel2egypt.org/m-s-amwaj-livingstone-nile-cruise/,,,71,5363
https://travel2egypt.org/how-to-go-to-nuweiba/,,,71,5231
https://travel2egypt.org/es/como-evitar-estafas-en-las-piramides-de-giza/,,,71,1522
https://travel2egypt.org/es/moneda-en-egipto/,,,70,22102
https://travel2egypt.org/1-day-giza-pyramids-itinerary/,,,70,6186
https://travel2egypt.org/es/para-navegar-por-el-nilo/,,,69,8006
https://travel2egypt.org/weather-in-fayoum/,,,68,11193
https://travel2egypt.org/best-ecolodges-in-fayoum/,,,68,4825
https://travel2egypt.org/sharm-el-sheikh-travel-guide/resort-city/,sharm-el-sheikh,resort-city,67,11738
https://travel2egypt.org/ja/ルクソールのレストラン＆グルメ/,,,67,1573
https://travel2egypt.org/siwas-historical-landmarks/,,,66,18812
https://travel2egypt.org/ja/ビーチを越えて：マルサアラムの忘れられない観/,,,66,1086
https://travel2egypt.org/ja/アレクサンドリア旅行ガイド/グレコ・ローマン博物館/,,,66,688
https://travel2egypt.org/es/excursion-privada-menfis-y-saqqara/,,,65,5121
https://travel2egypt.org/old-kingdom-pharaohs/,,,64,24804
https://travel2egypt.org/was-king-tut-buried-in-a-pyramid/,,,64,18275
https://travel2egypt.org/cleopatra-pool/,,,64,9013
https://travel2egypt.org/upcoming-events-in-sharm-el-sheikh/,,,64,6649
https://travel2egypt.org/ja/アレクサンドリア旅行ガイド/美食の旅/,,,64,645
https://travel2egypt.org/ja/カイロの洞窟教会探訪：モカッタム山の隠れた宝/,,,63,1593
https://travel2egypt.org/where-is-tutankhamun-now/,,,62,20398
https://travel2egypt.org/siwa-oasis-travel-guide/cleopatra-pool/,siwa-oasis,cleopatra-pool,62,6840
https://travel2egypt.org/egyptian-mummies/,,,62,4978
https://travel2egypt.org/ja/シワ・オアシスアクセスガイド/,,,62,1225
https://travel2egypt.org/top-restaurants-in-luxor/,,,61,5706
https://travel2egypt.org/ticket-prices-for-attractions-in-luxor/,,,60,17977
https://travel2egypt.org/exploring-coptic-cairo/,,,60,11507
https://travel2egypt.org/ja/アレクサンドリアの移動方法/,,,60,561
https://travel2egypt.org/family-beach-holidays-in-egypt/,,,59,23144
https://travel2egypt.org/a-visit-to-cairos-khan-el-khalili-bazaar/,,,59,19069
https://travel2egypt.org/tombs-of-the-nobles-in-aswan/,,,59,3976
https://travel2egypt.org/events-in-siwa/,,,59,1883
https://travel2egypt.org/ja/エジプトの最高のホテルとナイルクルーズ/,,,59,1384
https://travel2egypt.org/ja/ツタンカーメン王の墓の呪い/,,,58,8127
https://travel2egypt.org/aswan-private-car-and-guide/,,,58,4067
https://travel2egypt.org/ja/太陽の祭り/,,,58,2303
https://travel2egypt.org/exploring-egypt-in-september/,,,57,7227
https://travel2egypt.org/our-hotels-grade-concept/,,,57,4477
https://travel2egypt.org/a-helicopter-adventure-over-the-pyramids-and-nile/,,,57,2618
https://travel2egypt.org/es/tumbas-de-los-nobles-en-asuan/,,,57,1215
https://travel2egypt.org/es/maneras-de-llegar-a-sharm-el-sheikh/,,,57,1016
https://travel2egypt.org/ja/m-s-アル・ジャミラ・ナイル・クルーズ（m-s-al-jamila-nile-cruise）/,,,57,244
https://travel2egypt.org/dahab-travel-guide/bohemian-paradise/,dahab,bohemian-paradise,56,12460
https://travel2egypt.org/al-fayoum-travel-guide/approach-roads/,al-fayoum,approach-roads,56,3689
https://travel2egypt.org/ja/ポンペイの柱/,,,56,1943
https://travel2egypt.org/ja/2024年グランド・エジプト博物館を探訪：内部ガイ/,,,56,1199
https://travel2egypt.org/planning-your-trip-to-dahab/,,,55,15378
https://travel2egypt.org/egypt-in-may/,,,54,13289
https://travel2egypt.org/the-definitive-guide-to-egypt-nile-cruise/,,,53,15544
https://travel2egypt.org/es/hitos-historicos-de-siwa/,,,53,11783
https://travel2egypt.org/the-agha-khan-mausoleum/,,,53,9443
https://travel2egypt.org/move-around-siwa/,,,53,1306
https://travel2egypt.org/ja/ダハビーヤ・ナイルクルーズ旅行に持って行くべ/,,,53,772
https://travel2egypt.org/ja/シワ・オアシス旅行ガイド/クレオパトラの泉/,,,53,562
https://travel2egypt.org/aqua-park-cleo-park/,,,52,9100
https://travel2egypt.org/ja/シャルム・エル・シェイク旅行ガイド/移動方法/,,,52,379
https://travel2egypt.org/what-is-included-in-nile-cruise-packages/,,,51,8592
https://travel2egypt.org/es/la-mejor-epoca-para-navegar-por-el-nilo-y-vivir-una-epica-aventura-en-crucero/,,,51,4975
https://travel2egypt.org/3-day-siwa-journey-from-alexandria/,,,51,4745
https://travel2egypt.org/es/vida-nubia-excursion-privada-por-la-aldea-nubia-y-el-nilo-en-barco-a-motor/,,,51,2636
https://travel2egypt.org/ja/カイロの美食探訪：エジプト首都の味わい/,,,51,1288
https://travel2egypt.org/getting-around-in-el-gouna/,,,50,7987
https://travel2egypt.org/reaching-siwa-egypt/,,,50,5826
https://travel2egypt.org/luxor-private-car-and-guide/,,,50,4249
https://travel2egypt.org/es/m-s-al-kahila-crucero-por-el-nilo/,,,50,1863
https://travel2egypt.org/food-in-abu-simbel/,,,50,1432
https://travel2egypt.org/marsa-alam-arrival-guide/,,,49,6846
https://travel2egypt.org/es/souq-bab-el-louk-el-mercado-fresco-de-el-cairo/,,,49,4354
https://travel2egypt.org/how-to-go-to-esna/,,,49,1362
https://travel2egypt.org/ja/古代エジプトの王たち：エジプトのファラオたち/,,,48,15153
https://travel2egypt.org/aswan-travel-guide/tombs-of-the-nobles-in-aswan/,aswan,tombs-of-the-nobles-in-aswan,48,4101
https://travel2egypt.org/bahariya-oasis-travel-guide/pathway-overview/,bahariya-oasis,pathway-overview,48,2737
https://travel2egypt.org/ja/エジプトのウェルネスと医療ツーリズム：古代の/,,,48,1455
https://travel2egypt.org/dahab-historical-guide/,,,47,14511
https://travel2egypt.org/tipping-in-egypt/,,,47,10299
https://travel2egypt.org/private-tour-transfer-from-luxor-to-hurghada-by-bus/,,,47,7205
https://travel2egypt.org/asyut-travel-guide/activities-calling/,asyut,activities-calling,47,5479
https://travel2egypt.org/ways-to-get-to-suez/,,,47,5028
https://travel2egypt.org/es/7-cosas-inolvidables-que-hacer-en-aswan/,,,47,4467
https://travel2egypt.org/ja/アスワンで訪れるべき厳選9スポット/,,,46,1502
https://travel2egypt.org/es/negociacion-en-egipto/,,,46,1168
https://travel2egypt.org/es/la-lengua-en-egipto/,,,45,28401
https://travel2egypt.org/es/reyes-del-antiguo-egipto-el-majestuoso-reinado-de-los-faraones-de-egipto/,,,45,27339
https://travel2egypt.org/es/sim-para-viajar-a-egipto/,,,45,5778
https://travel2egypt.org/sharm-el-luli/,,,44,9418
https://travel2egypt.org/health-and-safety/,,,44,7829
https://travel2egypt.org/es/guia-de-viaje-de-guiza/la-piramide-negra/,,,44,7231
https://travel2egypt.org/how-to-go-to-al-arish/,,,44,3602
https://travel2egypt.org/things-to-do-in-ismailia/,,,44,3395
https://travel2egypt.org/es/cairo-largest-market-ataba/,,,44,2577
https://travel2egypt.org/bahariya-oasis-travel-guide/valley-of-the-golden-mummies/,bahariya-oasis,valley-of-the-golden-mummies,44,2485
https://travel2egypt.org/ja/アスワンからルクソールへのプライベートバス送/,,,44,1232
https://travel2egypt.org/ja/カイロ・ザマレクのナイルビューのレストラン/,,,44,1190
https://travel2egypt.org/currency-in-egypt/,,,43,77081
https://travel2egypt.org/asyut-travel-guide/,,,43,23641
https://travel2egypt.org/al-qasr-village/,,,43,5439
https://travel2egypt.org/where-to-stay-in-fayoum/,,,43,5116
https://travel2egypt.org/ja/ツタンカーメンは今どこにいるのか/,,,43,2824
https://travel2egypt.org/ja/エジプトの魅惑的な湖/,,,43,1508
https://travel2egypt.org/es/tours-por-egipto-desde-alemania/,,,43,1194
https://travel2egypt.org/getting-around-marsa-matruh/,,,42,7571
https://travel2egypt.org/mobility-in-marsa-alam/,,,42,4304
https://travel2egypt.org/ja/コム・オンボ-旅行ガイド/ナイルのお祭り/,,,42,1466
https://travel2egypt.org/es/visita-privada-a-las-iconicas-piramides-de-guiza-y-la-esfinge/,,,41,6793
https://travel2egypt.org/gebel-el-silsila/,,,41,5008
https://travel2egypt.org/wadi-el-natrun-accommodation-guide/,,,41,4951
https://travel2egypt.org/sharm-el-sheikh-travel-guide/nabq-national-park/,sharm-el-sheikh,nabq-national-park,41,3670
https://travel2egypt.org/es/wifi-en-egipto/,,,40,3906
https://travel2egypt.org/ja/フルガダでできる33の素晴らしいこと/,,,40,1044
https://travel2egypt.org/the-holy-family-trip-in-egypt/,,,39,8934
https://travel2egypt.org/sonesta-st-george-luxor/,,,39,8008
https://travel2egypt.org/es/viajar-a-egipto-en-agosto/,,,39,6323
https://travel2egypt.org/nuweiba-tarabeen/,,,39,6037
https://travel2egypt.org/national-museum-of-egyptian/,,,39,5979
https://travel2egypt.org/zeytouna-beach/,,,39,4349
https://travel2egypt.org/hollywood-vs-history-egypt-in-the-movies/,,,39,3502
https://travel2egypt.org/es/abu-simble-en-avion-desde-asuan/,,,39,2578
https://travel2egypt.org/things-to-do-in-beni-suef/,,,38,6599
https://travel2egypt.org/es/ascenso-al-amanecer-del-monte-sinai/,,,38,4166
https://travel2egypt.org/aswan-local-market/,,,38,3494
https://travel2egypt.org/es/guia-de-viaje-de-asuan/mercado-local-de-asuan/,,,38,1231
https://travel2egypt.org/saladin-citadel-khan-el-khalili-bazaar-cairo/,,,37,12724
https://travel2egypt.org/es/la-historia-de-la-tumba-de-tutankhamun/,,,37,11089
https://travel2egypt.org/history-of-marsa-matruh/,,,37,7774
https://travel2egypt.org/cairo-dinner-cruise-with-belly-dancing-show/,,,37,5696
https://travel2egypt.org/transport-to-qena/,,,37,3941
https://travel2egypt.org/valley-of-the-golden-mummies/,,,37,3573
https://travel2egypt.org/distance-between-egyptian-cities/,,,36,29726
https://travel2egypt.org/farafra-oasis-travel-guide/,,,36,11823
https://travel2egypt.org/es/lo-mejor-que-hacer-en-luxor/,,,36,8597
https://travel2egypt.org/marsa-matruh-travel-guide/discovering-travel-guide/,marsa-matruh,discovering-travel-guide,36,8248
https://travel2egypt.org/the-grand-islamic-day-tour/,,,36,4592
https://travel2egypt.org/marsa-matruh-travel-guide/getting-around/,marsa-matruh,getting-around,36,4496
https://travel2egypt.org/what-to-eat-in-hurghada/,,,36,3720
https://travel2egypt.org/nubian-lodges-in-aswan-abu-simbel/,,,36,3581
https://travel2egypt.org/nuweiba-travel-guide/nuweiba-tarabeen/,nuweiba,nuweiba-tarabeen,36,3253
https://travel2egypt.org/where-to-stay-in-edfu/,,,36,2120
https://travel2egypt.org/getting-around-in-aswan/,,,36,1794
https://travel2egypt.org/al-arish-history/,,,35,15281
https://travel2egypt.org/how-to-choose-the-right-egyptian-airport-for-your-private-flight/,,,35,8406
https://travel2egypt.org/es/guia-de-viaje-de-guiza/saqqara-sakkara/,,,35,6794
https://travel2egypt.org/a-simple-guide-to-the-valley-of-the-kings/,,,35,5469
https://travel2egypt.org/ways-to-get-to-taba/,,,35,3984
https://travel2egypt.org/uncovering-sohag-heritage/,,,34,21387
https://travel2egypt.org/sataya-reef-marsa-alam-dolphin-house/,,,34,10274
https://travel2egypt.org/types-of-dahabiya-boats/,,,34,4605
https://travel2egypt.org/es/la-antigua-ciudad-de-pelusium/,,,34,2907
https://travel2egypt.org/aswan-airport-transfer/,,,34,2231
https://travel2egypt.org/es/visita-a-esna-edfu-y-kom-ombo/,,,34,2213
https://travel2egypt.org/wadi-al-natron-travel-guide/spiritual-retreats/,wadi-al-natron,spiritual-retreats,34,1508
https://travel2egypt.org/sound-light-show-at-karnak-temple-in-luxor/,,,33,19253
https://travel2egypt.org/weather-in-cairo/,,,33,18328
https://travel2egypt.org/weather-in-giza/,,,33,9485
https://travel2egypt.org/the-curse-of-king-tuts-tomb/,,,33,8579
https://travel2egypt.org/es/egipto-los-mejores-hoteles-y-cruceros-por-el-nilo/,,,33,7739
https://travel2egypt.org/es/el-oasis-de-bahariya-y-el-desierto-negro-las-joyas-ocultas-de-egipto/,,,33,5763
https://travel2egypt.org/getting-to-wadi-el-natrun/,,,33,5680
https://travel2egypt.org/ja/カイロの必見イスラム教の名所/,,,33,2279
https://travel2egypt.org/ja/エジプトの月別ガイド/,,,33,1389
https://travel2egypt.org/ja/シワ・オアシス：時を超えた壮大な冒険/,,,33,1113
https://travel2egypt.org/es/precios-de-las-entradas-de-las-atracciones-de-alejandria/,,,33,1066
https://travel2egypt.org/siwa-oasis-travel-guide/festivities-culture/,siwa-oasis,festivities-culture,33,862
https://travel2egypt.org/sohag-travel-guide/,,,32,20819
https://travel2egypt.org/weather-in-sainte-catherine/,,,32,9334
https://travel2egypt.org/cairo-largest-market-ataba/,,,31,12262
https://travel2egypt.org/es/bazar-khan-el-khalili/,,,31,7045
https://travel2egypt.org/suez-travel-guide/,,,31,6883
https://travel2egypt.org/private-tour-nubian-village-with-motor-boat/,,,31,5439
https://travel2egypt.org/nuweiba-weather-guide/,,,31,5102
https://travel2egypt.org/esna-temple-and-el-kab-day-tour-from-luxor/,,,31,2154
https://travel2egypt.org/things-to-do-in-marsa-matruh/,,,31,1967
https://travel2egypt.org/how-to-choose-a-sim-card-for-your-trip-to-egypt/#elementor-toc__heading-anchor-2,,,30,133073
https://travel2egypt.org/must-visit-museums-in-egypt/,,,30,61798
https://travel2egypt.org/best-family-resorts-in-egypt/,,,30,12211
https://travel2egypt.org/transportation-in-egypt/,,,30,9373
https://travel2egypt.org/aswan-travel-guide/the-agha-khan-mausoleum/,aswan,the-agha-khan-mausoleum,30,7327
https://travel2egypt.org/the-small-temple-of-abu-simble/,,,30,6352
https://travel2egypt.org/history-of-akhmim/,,,30,5646
https://travel2egypt.org/visit-to-esna-edfu-kom-ombo/,,,30,3205
https://travel2egypt.org/where-to-stay-in-saint-catherine/,,,30,2967
https://travel2egypt.org/the-westin-soma-bay-golf-resort-spa/,,,30,1981
https://travel2egypt.org/es/gays-y-lesbianas/,,,30,1515
https://travel2egypt.org/getting-around-in-farafra/,,,30,1156
https://travel2egypt.org/full-day-trip-to-cairo-by-plane-from-sharm-el-sheikh/,,,29,40886
https://travel2egypt.org/hurghada-marina/,,,29,13103
https://travel2egypt.org/2-weeks-egypt-tour-itinerary/,,,29,11062
https://travel2egypt.org/explore-egypt-in-november/,,,29,9401
https://travel2egypt.org/al-quseir-travel-guide/the-port-of-myos-hormos/,al-quseir,the-port-of-myos-hormos,29,5258
https://travel2egypt.org/group-tours-vs-private-tours/,,,29,4793
https://travel2egypt.org/es/descubre-los-lagos-salados-de-siwa-bienestar-y-aventura-en-egipto/,,,29,4757
https://travel2egypt.org/es/lo-mejor-que-hacer-en-luxor-egipto/,,,29,3836
https://travel2egypt.org/the-speos-of-horemheb/,,,29,2667
https://travel2egypt.org/private-tour-transfer-from-luxor-to-marsa-alam-by-car/,,,29,2181
https://travel2egypt.org/siwa-dining-experiences/,,,29,2108
https://travel2egypt.org/touts-in-egypt/,,,29,1924
https://travel2egypt.org/ja/ギザのエジプトシャワルマ：セムセマレストラン/,,,29,1300
https://travel2egypt.org/ja/シワの歴史的名所/,,,29,1171
https://travel2egypt.org/the-ancient-city-of-pelusium/,,,28,8937
https://travel2egypt.org/story-of-taba/,,,28,8664
https://travel2egypt.org/weather-in-aswan/,,,28,7862
https://travel2egypt.org/ticket-prices-for-attractions-in-cairo/,,,28,5286
https://travel2egypt.org/history-of-hurghada/,,,28,4910
https://travel2egypt.org/es/ciudadela-de-saladino-y-bazar-de-khan-el-khalili-el-cairo/,,,28,3520
https://travel2egypt.org/luxor-travel-guide/feasting-in-luxor/,luxor,feasting-in-luxor,28,3342
https://travel2egypt.org/abu-simble-travel-guide/the-small-temple-of-abu-simble/,abu-simble,the-small-temple-of-abu-simble,28,2511
https://travel2egypt.org/siwa-oasis-travel-guide/journey-adventure/,siwa-oasis,journey-adventure,28,1652
https://travel2egypt.org/beni-suef-travel-guide/,,,27,17848
https://travel2egypt.org/ja/エジプトの天候ガイド/,,,27,6798
https://travel2egypt.org/abu-simble-by-plane-from-aswan/,,,27,6540
https://travel2egypt.org/es/ramadan-en-egipto/,,,27,5454
https://travel2egypt.org/es/paquetes-de-viaje-para-grupos-pequenos/,,,27,2313
https://travel2egypt.org/history-of-bahariya-oasis/,,,27,1871
https://travel2egypt.org/sinai-desert-safaris/,,,26,8268
https://travel2egypt.org/how-to-go-to-minya/,,,26,7104
https://travel2egypt.org/ismailia-travel-guide/how-to-go/,ismailia,how-to-go,26,5329
https://travel2egypt.org/es/el-tiempo-en-egipto/,,,26,3409
https://travel2egypt.org/the-port-of-myos-hormos/,,,26,3198
https://travel2egypt.org/private-tour-transfer-from-aswan-to-luxor-by-bus/,,,26,1865
https://travel2egypt.org/pack-for-a-dahabiya-nile-cruise-journey/,,,26,1520
https://travel2egypt.org/es/explora-luxor-coche-privado-y-servicio-de-guia/,,,26,1003
https://travel2egypt.org/naama-bay/,,,25,12613
https://travel2egypt.org/bahariya-oasis-and-the-black-desert/,,,25,9307
https://travel2egypt.org/129-reasons-to-visit-karnak-temple/,,,25,6277
https://travel2egypt.org/travel-to-ras-sudr/,,,25,4717
https://travel2egypt.org/ja/古代の驚異：明らかにされたエジプトのピラミッ/,,,25,4278
https://travel2egypt.org/aswan-travel-guide/weather-navigating/,aswan,weather-navigating,25,4156
https://travel2egypt.org/history-of-al-faiyum/,,,25,3969
https://travel2egypt.org/ja/ギザ旅行ガイド/カフラー王のピラミッド/,,,25,1962
https://travel2egypt.org/things-to-do-in-qena/,,,25,1882
https://travel2egypt.org/ja/9月のエジプト探訪：夏の終わりの冒険/,,,25,1004
https://travel2egypt.org/aswan-travel-guide/events-festivals/,aswan,events-festivals,25,587
https://travel2egypt.org/egypt-travel-packages/,,,24,119736
https://travel2egypt.org/how-to-reach-beni-suef/,,,24,8462
https://travel2egypt.org/es/saqqara-sakkara/,,,24,7980
https://travel2egypt.org/felucca-rides-in-egypt/,,,24,5479
https://travel2egypt.org/es/visita-al-bazar-khan-el-khalili-de-el-cairo/,,,24,3841
https://travel2egypt.org/es/descubre-la-tierra-de-los-faraones/,,,24,3591
https://travel2egypt.org/where-to-stay-in-bahariya-oasis/,,,24,2307
https://travel2egypt.org/es/guia-de-viaje-de-abu-simble/fiestas-del-sol/,,,24,2118
https://travel2egypt.org/history-of-safaga/,,,24,1994
https://travel2egypt.org/bahariya-oasis-travel-guide/al-qasr-village/,bahariya-oasis,al-qasr-village,24,1859
https://travel2egypt.org/ja/エジプトの文化とエチケット/,,,24,1340
https://travel2egypt.org/siwa-oasis-travel-guide/taste-oasis/,siwa-oasis,taste-oasis,24,1339
https://travel2egypt.org/m-s-al-kahila-nile-cruise/,,,24,1304
https://travel2egypt.org/cultural-events-in-luxor/,,,24,1155
https://travel2egypt.org/how-to-go-to-farafra/,,,24,1152
https://travel2egypt.org/budget-hotels-near-the-pyramids/,,,23,8201
https://travel2egypt.org/uncovering-nuweiba-heritage/,,,23,6194
https://travel2egypt.org/es/historia-de-abu-simple/,,,23,5449
https://travel2egypt.org/what-to-eat-in-asyut/,,,23,5207
https://travel2egypt.org/egypt-tours-from-turkey/,,,23,4880
https://travel2egypt.org/how-to-reach-aswan/,,,23,4139
https://travel2egypt.org/ticket-prices-for-attractions-in-aswan/,,,23,3952
https://travel2egypt.org/el-ashmunein/,,,23,3878
https://travel2egypt.org/es/como-moverse-por-egipto/,,,23,3216
https://travel2egypt.org/saint-catherine-travel-guide/visiting-tips/,saint-catherine,visiting-tips,23,2143
https://travel2egypt.org/es/precios-de-las-entradas-a-las-atracciones-de-el-cairo/,,,23,1506
https://travel2egypt.org/ja/シャルム・エル・シェイクの年間気候ガイド/,,,23,1263
https://travel2egypt.org/group-day-tour-pyramids-of-giza-and-sphinx/,,,22,31843
https://travel2egypt.org/alexandria-to-cairo-private-day-tour-of-giza-pyramids-sphinx-egyptian-museum-khan-el-khalili/,,,22,12667
https://travel2egypt.org/es/guardianes-del-tiempo-explorando-la-gran-esfinge-de-guiza/,,,22,12456
https://travel2egypt.org/es/safaris-por-el-desierto-del-sinai-desvelando-los-misterios-de-la-frontera-salvaje-de-egipto/,,,22,7936
https://travel2egypt.org/es/lagos-encantadores-de-egipto/,,,22,6509
https://travel2egypt.org/egyptian-shawarma/,,,22,6412
https://travel2egypt.org/ras-sudr-travel-guide/places-in-ras-sudr/,ras-sudr,places-in-ras-sudr,22,2851
https://travel2egypt.org/es/guia-de-viaje-de-al-arish/,,,22,2413
https://travel2egypt.org/your-name-in-hieroglyphics/,,,22,2177
https://travel2egypt.org/food-in-safaga/,,,22,2041
https://travel2egypt.org/es/guia-de-viaje-de-taba/guia-de-movimiento/,,,22,1862
https://travel2egypt.org/travel-with-disabilities/,,,22,1809
https://travel2egypt.org/ja/エジプトの冬休み/,,,22,1181
https://travel2egypt.org/agatha-dahabiya/,,,22,1073
https://travel2egypt.org/ramadan-in-egypt/,,,21,9568
https://travel2egypt.org/al-fayoum-travel-guide/,,,21,8092
https://travel2egypt.org/es/guia-de-viaje-de-suez/,,,21,7241
https://travel2egypt.org/al-arish-travel-guide/the-ancient-city-of-pelusium/,al-arish,the-ancient-city-of-pelusium,21,6059
https://travel2egypt.org/taba-travel-guide/movement-guide/,taba,movement-guide,21,6020
https://travel2egypt.org/es/hoteles-economicos-cerca-de-las-piramides/,,,21,5007
https://travel2egypt.org/ras-sudr-travel-guide/,,,21,3197
https://travel2egypt.org/aswan-travel-guide/aswan-local-market/,aswan,aswan-local-market,21,2230
https://travel2egypt.org/adventure-activities-in-siwa-oasis/,,,21,2001
https://travel2egypt.org/es/etiqueta-cultural-en-egipto/,,,21,1613
https://travel2egypt.org/ja/,,,21,1551
https://travel2egypt.org/ehnasya-el-medina/,,,21,1187
https://travel2egypt.org/4-day-ultimate-lake-nasser-experience/,,,21,1164
https://travel2egypt.org/es/guia-de-viaje-de-guiza/tumba-de-mereruka/,,,21,1089
https://travel2egypt.org/asyut-travel-guide/history-unearthed/,asyut,history-unearthed,20,18122
https://travel2egypt.org/es/distancia-entre-ciudades-egipcias/,,,20,8167
https://travel2egypt.org/egypt-tours-from-india/,,,20,8014
https://travel2egypt.org/es/escapadas-en-octubre-descubrir-egipto-en-otono/,,,20,7670
https://travel2egypt.org/exclusive-escape-private-snorkeling-sea-trip-in-sharm-el-sheikh/,,,20,4764
https://travel2egypt.org/es/museos-de-visita-obligada-en-egipto-descubre-artefactos-y-tesoros-antiguos/,,,20,4422
https://travel2egypt.org/es/piscina-cleopatra/,,,20,3428
https://travel2egypt.org/dendera-and-abydos-temple-tour-hurghada/,,,20,3076
https://travel2egypt.org/al-gouna-travel-guide/zeytouna-beach/,al-gouna,zeytouna-beach,20,2589
https://travel2egypt.org/eco-felucca-sailing-at-sunset-time/,,,20,2493
https://travel2egypt.org/fayoum-oasis-including-pyramids-of-meydum-hawara/,,,20,2026
https://travel2egypt.org/responsible-travel/,,,20,1814
https://travel2egypt.org/es/guia-de-viaje-de-guiza/memphis-museo-mit-rahina/,,,20,1205
https://travel2egypt.org/bahariya-oasis-travel-guide/el-hayz/,bahariya-oasis,el-hayz,20,456
https://travel2egypt.org/the-western-desert-in-egypt/,,,19,9953
https://travel2egypt.org/es/aeropuertos-en-egipto/,,,19,6753
https://travel2egypt.org/the-story-of-king-tutankhamun-tomb/,,,19,5745
https://travel2egypt.org/bardawil-lake/,,,19,5512
https://travel2egypt.org/lake-nasser-cruises/,,,19,4500
https://travel2egypt.org/al-arish-travel-guide/bardawil-lake/,al-arish,bardawil-lake,19,3667
https://travel2egypt.org/m-s-nubian-sea/,,,19,3157
https://travel2egypt.org/kom-ombo-travel-guide/gebel-el-silsila/,kom-ombo,gebel-el-silsila,19,2884
https://travel2egypt.org/es/fiestas-del-sol/,,,19,2553
https://travel2egypt.org/bawiti/,,,19,2068
https://travel2egypt.org/ja/ギザの天気は今どう/,,,19,1882
https://travel2egypt.org/top-restaurants-in-ras-sudr/,,,19,1708
https://travel2egypt.org/es/islas-giftun/,,,19,1632
https://travel2egypt.org/es/guia-de-viaje-del-oasis-de-siwa/templo-del-oraculo/,,,19,1491
https://travel2egypt.org/medinet-madi/,,,19,1414
https://travel2egypt.org/the-mastaba-of-ptahshepses-at-abusir/,,,19,1365
https://travel2egypt.org/history-of-minya/,,,18,11505
https://travel2egypt.org/sohag-travel-guide/ancient-civilizations/,sohag,ancient-civilizations,18,9592
https://travel2egypt.org/how-to-go-to-asyut/,,,18,6750
https://travel2egypt.org/sharm-el-sheikh-travel-guide/naama-bay/,sharm-el-sheikh,naama-bay,18,6421
https://travel2egypt.org/qena-historical-overview/,,,18,4868
https://travel2egypt.org/port-said-historical-guide/,,,18,3748
https://travel2egypt.org/egypt-group-holidays-for-seniors/,,,18,3075
https://travel2egypt.org/the-grand-egyptian-museum-2024-insider-guide/,,,18,2744
https://travel2egypt.org/convent-of-the-holy-virgin-at-dorunka/,,,18,1574
https://travel2egypt.org/souq-bab-el-louk-cairos-fresh-market/,,,18,1550
https://travel2egypt.org/getting-around-safaga/,,,18,1513
https://travel2egypt.org/es/fiestas-nilo/,,,18,1233
https://travel2egypt.org/es/guia-de-viaje-de-hurghada/islas-giftun/,,,18,1175
https://travel2egypt.org/marsa-matruh-travel-guide/must-see-list/,marsa-matruh,must-see-list,18,1136
https://travel2egypt.org/es/visita-de-un-dia-a-esna-edfu-y-kom-ombo-desde-luxor/,,,18,1118
https://travel2egypt.org/es/excursion-de-un-dia-completo-de-sharm-el-sheikh-al-monte-sinai-y-san-catalina/,,,18,1022
https://travel2egypt.org/getting-to-alexandria/,,,17,14110
https://travel2egypt.org/egypt-tours-from-canada/,,,17,14042
https://travel2egypt.org/contact-us/,,,17,11917
https://travel2egypt.org/tips-for-first-time-family-visitors-to-egypt/,,,17,6911
https://travel2egypt.org/giza-travel-guide/weather-diary/,giza,weather-diary,17,4498
https://travel2egypt.org/bahariya-oasis-siwa-oasis-tour/,,,17,4485
https://travel2egypt.org/es/excursion-de-un-dia-al-valle-de-los-reyes-y-los-templos/,,,17,2776
https://travel2egypt.org/el-kab-and-esna-temple-day-tour-from-aswan/,,,17,2303
https://travel2egypt.org/es/mujer-viajera-sola-en-egipto/,,,17,2178
https://travel2egypt.org/es/trio-majestuoso-de-egipto-de-2-dias-asuan-y-abu-simbel-desde-luxor/,,,17,1977
https://travel2egypt.org/es/consejos-de-seguridad-para-bucear-en-el-mar-rojo/,,,17,1618
https://travel2egypt.org/al-minya-travel-guide/el-ashmunein/,al-minya,el-ashmunein,17,1248
https://travel2egypt.org/boutique-nile-cruises-in-egypt/,,,17,1119
https://travel2egypt.org/ja/バハレイヤ・オアシス旅行ガイド/,,,17,1016
https://travel2egypt.org/alexandria-travel-guide/necropolis-of-anfushi/,alexandria,necropolis-of-anfushi,17,628
https://travel2egypt.org/luxor-full-day-excursion-from-marsa-alam/,,,16,12118
https://travel2egypt.org/egypt-winter-holidays/,,,16,11826
https://travel2egypt.org/private-tour-valley-of-kings-temples-day-tour/,,,16,9810
https://travel2egypt.org/understanding-egyptian-hieroglyphs/,,,16,7765
https://travel2egypt.org/tips-for-families/,,,16,5752
https://travel2egypt.org/giftun-islands/,,,16,5729
https://travel2egypt.org/wikala-of-al-ghouri/,,,16,4303
https://travel2egypt.org/es/guia-de-viaje-del-oasis-de-bahariya/la-montana-de-cristal/,,,16,3970
https://travel2egypt.org/ja/エジプトの象形文字を理解する/,,,16,3524
https://travel2egypt.org/es/los-speos-de-horemheb/,,,16,2791
https://travel2egypt.org/sohag-travel-guide/departure-points/,sohag,departure-points,16,2638
https://travel2egypt.org/food-in-faiyum/,,,16,2549
https://travel2egypt.org/a-western-desert-expedition/,,,16,2389
https://travel2egypt.org/gourmet-dining-in-egypt/,,,16,2309
https://travel2egypt.org/sohag-hotel-guide/,,,16,2299
https://travel2egypt.org/es/vacaciones-en-grupo-en-egipto-para-mayores/,,,16,2168
https://travel2egypt.org/baris-travel-guide/,,,16,1536
https://travel2egypt.org/sharm-el-sheikh-to-jerusalem-and-dead-sea/,,,16,1489
https://travel2egypt.org/es/la-experiencia-del-espectaculo-de-luz-y-sonido-de-giza/,,,16,1332
https://travel2egypt.org/ja/コプト・カイロの探索/,,,16,1125
https://travel2egypt.org/ja/エジプトの西砂漠/,,,16,1063
https://travel2egypt.org/al-arish-travel-guide/movement-guide/,al-arish,movement-guide,16,951
https://travel2egypt.org/ismailia-travel-guide/taste-of-ismailia/,ismailia,taste-of-ismailia,15,10624
https://travel2egypt.org/es/faraones-del-reino-antiguo/,,,15,10064
https://travel2egypt.org/marsa-matruh-travel-guide/mediterranean-secret/,marsa-matruh,mediterranean-secret,15,6256
https://travel2egypt.org/top-restaurants-in-minya/,,,15,6206
https://travel2egypt.org/es/lugares-sagrados-de-egipto/,,,15,5480
https://travel2egypt.org/the-pyramids-of-egypt/,,,15,4719
https://travel2egypt.org/animals-in-ancient-egypt/,,,15,4706
https://travel2egypt.org/private-tour-2-day-trip-to-bahariya-oasis/,,,15,2427
https://travel2egypt.org/es/guiza-y-su-clima/,,,15,2344
https://travel2egypt.org/stay-in-aswan/,,,15,2299
https://travel2egypt.org/only-in-akhmim/,,,15,2081
https://travel2egypt.org/the-protected-area-of-zaranik/,,,15,1994
https://travel2egypt.org/must-visit-islamic-places-in-cairo/,,,15,1676
https://travel2egypt.org/es/guia-de-viaje-del-oasis-de-siwa/piscina-cleopatra/,,,15,1447
https://travel2egypt.org/the-camel-market-at-shalateen/,,,15,1278
https://travel2egypt.org/kom-ombo-travel-guide/path-to-kom-ombo/,kom-ombo,path-to-kom-ombo,15,1207
https://travel2egypt.org/akhmim-travel-guide/unveiled-experiences/,akhmim,unveiled-experiences,15,770
https://travel2egypt.org/passport-and-visa/,,,14,7691
https://travel2egypt.org/pyramids-of-giza-sphinx-memphis-and-saqqara-tour/,,,14,6781
https://travel2egypt.org/siwa-oasis-a-timeless-epic-adventure/,,,14,6657
https://travel2egypt.org/cairo-travel-guide/weather-climate/,cairo,weather-climate,14,6606
https://travel2egypt.org/luxor-small-group-day-tours/,,,14,6211
https://travel2egypt.org/es/explora-egipto-en-noviembre/,,,14,5177
https://travel2egypt.org/historical-hotels-in-egypt/,,,14,4472
https://travel2egypt.org/es/descubre-el-encanto-de-egipto-en-febrero/,,,14,4413
https://travel2egypt.org/4wd-desert-safari-dinner-and-show-from-hurghada/,,,14,4387
https://travel2egypt.org/aswan-travel-guide/history-echoes/,aswan,history-echoes,14,3952
https://travel2egypt.org/beni-suef-travel-guide/activities-exploring/,beni-suef,activities-exploring,14,3607
https://travel2egypt.org/transport-to-sharm-el-sheikh/,,,14,3529
https://travel2egypt.org/es/guia-de-viaje-de-beni-suef/piramide-de-meidum/,,,14,3120
https://travel2egypt.org/es/el-mausoleo-de-agha-khan/,,,14,1966
https://travel2egypt.org/es/templo-de-khnum/,,,14,1889
https://travel2egypt.org/marsa-alam-travel-guide/access-guide/,marsa-alam,access-guide,14,1797
https://travel2egypt.org/akhmim-travel-guide/history-legacy/,akhmim,history-legacy,14,1488
https://travel2egypt.org/farafra-oasis-travel-guide/getting-there/,farafra-oasis,getting-there,14,1357
https://travel2egypt.org/events-in-sharm-el-sheikh/,,,14,1269
https://travel2egypt.org/waldorf-astoria-cairo-heliopolis/,,,14,1192
https://travel2egypt.org/alcohol-in-egypt/#elementor-toc__heading-anchor-0,,,13,74329
https://travel2egypt.org/enchanting-lakes-of-egypt/,,,13,18106
https://travel2egypt.org/egypt-travel-faqs/,,,13,15532
https://travel2egypt.org/es/explorando-la-gran-esfinge-de-guiza/,,,13,6495
https://travel2egypt.org/meet-the-pyramid-builders/,,,13,4218
https://travel2egypt.org/nuweiba-travel-guide/serene-getaway/,nuweiba,serene-getaway,13,3697
https://travel2egypt.org/es/por-que-deberias-visitar-egipto-en-abril/,,,13,2978
https://travel2egypt.org/suez-travel-guide/best-time-explore/,suez,best-time-explore,13,2849
https://travel2egypt.org/siwa-hotel-guide/,,,13,2820
https://travel2egypt.org/adrere-amellal-desert-ecolodge/,,,13,2709
https://travel2egypt.org/es/ubia-y-el-nilo-en-barco-a-motor/,,,13,2613
https://travel2egypt.org/bahariya-oasis-travel-guide/,,,13,2547
https://travel2egypt.org/es/guia-de-viaje-de-esna/,,,13,2433
https://travel2egypt.org/es/la-guia-definitiva-de-las-vacaciones-todo-incluido-en-egipto/,,,13,2334
https://travel2egypt.org/history-of-kom-ombo/,,,13,2130
https://travel2egypt.org/things-to-do-in-ras-suder/,,,13,1982
https://travel2egypt.org/es/guia-de-viaje-de-asuan/el-templo-de-filae/,,,13,1826
https://travel2egypt.org/al-quseir-travel-guide/,,,13,1720
https://travel2egypt.org/kom-ombo-travel-guide/festivities-nile/,kom-ombo,festivities-nile,13,1653
https://travel2egypt.org/deir-el-hagar/,,,13,1558
https://travel2egypt.org/es/9-lugares-de-primera-categoria-para-visitar-en-aswan/,,,13,1448
https://travel2egypt.org/siwa-oasis-travel-guide/navigation-advice/,siwa-oasis,navigation-advice,13,1374
https://travel2egypt.org/dahshur-from-alexandria/,,,13,1211
https://travel2egypt.org/ja/エジプトの文化旅行ガイド/,,,13,1172
https://travel2egypt.org/luxor-day-tour-from-al-gouna/,,,12,10167
https://travel2egypt.org/the-best-egypt-travel-itineraries/,,,12,10086
https://travel2egypt.org/travel-packages-from-the-usa-to-egypt/,,,12,7917
https://travel2egypt.org/discover-egypt-charm-in-february/,,,12,7337
https://travel2egypt.org/es/que-incluyen-los-paquetes-de-crucero-por-el-nilo/,,,12,7004
https://travel2egypt.org/es/guia-de-viaje-de-santa-catalina/montana-de-moises/,,,12,6246
https://travel2egypt.org/es/lugares-historicos-del-sinai/,,,12,4873
https://travel2egypt.org/dahabiya-nile-cruises-wind-powered-journey/,,,12,4400
https://travel2egypt.org/egyptian-museum-and-bazaar-tour/,,,12,4364
https://travel2egypt.org/marsa-matruh-weather-overview/,,,12,3428
https://travel2egypt.org/tour-of-egypt/,,,12,3382
https://travel2egypt.org/nuweiba-travel-guide/,,,12,2894
https://travel2egypt.org/historical-sites-visited-by-a-nile-cruise/,,,12,2662
https://travel2egypt.org/ja/アスワン・ハイ・ダム/,,,12,2472
https://travel2egypt.org/es/guia-de-viaje-de-asyut/,,,12,2152
https://travel2egypt.org/ja/ツタンカーメン王はピラミッドに埋葬されたのか/,,,12,1705
https://travel2egypt.org/es/la-mastaba-de-ptahshepses-en-abusir/,,,12,1699
https://travel2egypt.org/dendera-and-abydos-temples-from-hurghada/,,,12,1662
https://travel2egypt.org/ja/アブ・シンベルの天気予報/,,,12,1586
https://travel2egypt.org/ja/カイロのイスラム地区とその宗教的意義/,,,12,1551
https://travel2egypt.org/3-day-nubian-fishing-safari/,,,12,1441
https://travel2egypt.org/alexandria-travel-guide/travel-journey/,alexandria,travel-journey,12,1351
https://travel2egypt.org/kom-ombo-travel-guide/the-speos-of-horemheb/,kom-ombo,the-speos-of-horemheb,12,671
https://travel2egypt.org/egypt-holidays-from-uk/,,,11,54656
https://travel2egypt.org/es/montana-de-moises/,,,11,10310
https://travel2egypt.org/ramses-hilton-cairo-hotel/,,,11,9883
https://travel2egypt.org/october-escapes-discovering-egypt-in-autumn/,,,11,8066
https://travel2egypt.org/desert-rides-hurghada-quad-bike-adventure/,,,11,7834
https://travel2egypt.org/ismailia-flavors/,,,11,7565
https://travel2egypt.org/the-high-dam/,,,11,6830
https://travel2egypt.org/the-giza-sound-and-light-show-experience/,,,11,6238
https://travel2egypt.org/es/guia-de-viaje-de-al-fayoum/la-piramide-de-hawara/,,,11,5010
https://travel2egypt.org/14-day-egypt-tour-package-from-india-for-families/,,,11,4846
https://travel2egypt.org/hurghada-travel-guide/giftun-islands/,hurghada,giftun-islands,11,4570
https://travel2egypt.org/siwa-oasis-adventure-tour/,,,11,4274
https://travel2egypt.org/reaching-sohag-egypt/,,,11,3916
https://travel2egypt.org/ja/カイロの天気と気温/,,,11,3325
https://travel2egypt.org/luxor-climate/,,,11,3286
https://travel2egypt.org/sharm-elsheikh-small-group-day-tours/,,,11,3070
https://travel2egypt.org/discover-beni-suef-history/,,,11,2655
https://travel2egypt.org/dakrour-mountain/,,,11,2530
https://travel2egypt.org/es/guia-de-viaje-de-alejandria/el-templo-del-serapeum/,,,11,2267
https://travel2egypt.org/weather-in-al-quseir/,,,11,2202
https://travel2egypt.org/es/shawarma-egipcio-en-giza-restaurante-semsema/,,,11,2163
https://travel2egypt.org/wadi-al-natron-travel-guide/how-to-go/,wadi-al-natron,how-to-go,11,1887
https://travel2egypt.org/mount-sinai-sunrise-trek/,,,11,1848
https://travel2egypt.org/safaga-travel-guide/divers-paradise/,safaga,divers-paradise,11,1773
https://travel2egypt.org/al-gouna-travel-guide/getting-around/,al-gouna,getting-around,11,1753
https://travel2egypt.org/ja/王家の谷/,,,11,1690
https://travel2egypt.org/midan-al-hussein/,,,11,1652
https://travel2egypt.org/ja/カイロ旅行ガイド/カイロの気候トラベルガイド：四季を旅するヒン/,,,11,1482
https://travel2egypt.org/rosetta-arrival-guide/,,,11,1408
https://travel2egypt.org/al-fayoum-travel-guide/medinet-madi/,al-fayoum,medinet-madi,11,1272
https://travel2egypt.org/temple-of-khnum/,,,11,1267
https://travel2egypt.org/es/guia-de-viaje-de-asuan/el-museo-nubio/,,,11,1210
https://travel2egypt.org/es/guia-de-viaje-de-marsa-alam/sharm-el-luli/,,,11,1124
https://travel2egypt.org/ja/古王国の三大遺跡-メンフィス、サッカラ、ダハシ/,,,11,1031
https://travel2egypt.org/edfu-travel-guide/where-to-stay/,edfu,where-to-stay,11,930
https://travel2egypt.org/port-said-travel-guide/hidden-gems/,port-said,hidden-gems,11,631
https://travel2egypt.org/al-arish-travel-guide/the-fortress-of-al-arish/,al-arish,the-fortress-of-al-arish,11,461
https://travel2egypt.org/how-to-choose-a-sim-card-for-your-trip-to-egypt/#elementor-toc__heading-anchor-3,,,10,66438
https://travel2egypt.org/egypt-weather-guide/,,,10,10102
https://travel2egypt.org/egypt-luxury-travel/,,,10,9210
https://travel2egypt.org/es/vacaciones-en-egipto-desde-sudafrica-un-viaje-a-traves-de-maravillas-atemporales/,,,10,8144
https://travel2egypt.org/el-gouna-weather/,,,10,7980
https://travel2egypt.org/alexandria-weather/,,,10,7894
https://travel2egypt.org/es/tours-a-egipto-desde-espana/,,,10,6798
https://travel2egypt.org/private-tour-abu-simble-by-bus-from-aswan/,,,10,4499
https://travel2egypt.org/es/guia-de-viaje-de-el-cairo/guia-de-viaje-sobre-el-clima-de-el-cairo-navegando-por-las-estaciones/,,,10,3518
https://travel2egypt.org/es/el-pequeno-templo-de-abu-simbel/,,,10,2953
https://travel2egypt.org/cairo-marriott-hotel-and-omar-khayyam-casino/,,,10,2528
https://travel2egypt.org/es/precios-de-las-entradas-a-las-atracciones-de-guiza/,,,10,2416
https://travel2egypt.org/es/guia-de-viaje-de-asuan/el-mausoleo-de-agha-khan/,,,10,2304
https://travel2egypt.org/memphis-saqqara-citadel-khan-tour/,,,10,2123
https://travel2egypt.org/places-in-ras-sudr/,,,10,2054
https://travel2egypt.org/es/la-maldicion-de-la-tumba-del-rey-tut/,,,10,2015
https://travel2egypt.org/es/guia-de-viaje-de-asuan/el-obelisco-inacabado/,,,10,1801
https://travel2egypt.org/al-minya-travel-guide/beni-hassan/,al-minya,beni-hassan,10,1759
https://travel2egypt.org/egypt-tours-from-spain/,,,10,1661
https://travel2egypt.org/how-to-go-to-safaga/,,,10,1370
https://travel2egypt.org/fayoum-desert-adventure-2-day/,,,10,1365
https://travel2egypt.org/es/paquete-de-vacaciones-gran-egipto-de-18-dias-desde-espana/,,,10,1309
https://travel2egypt.org/ja/5月のエジプトの魔法を体験/,,,10,1247
https://travel2egypt.org/ja/エジプト旅行faq/,,,10,1177
https://travel2egypt.org/al-fayoum-travel-guide/weather-and-best-time-to-go/,al-fayoum,weather-and-best-time-to-go,10,1131
https://travel2egypt.org/things-to-do-in-dakhla-oasis/,,,10,1119
https://travel2egypt.org/are-there-crocodiles-in-the-nile-river/#elementor-toc__heading-anchor-0,,,9,76433
https://travel2egypt.org/lake-nasser-cruise/,,,9,7532
https://travel2egypt.org/saint-catherine-travel-guide/,,,9,6442
https://travel2egypt.org/the-ultimate-luxor-day-tour/,,,9,6205
https://travel2egypt.org/travel-to-luxor/,,,9,5231
https://travel2egypt.org/4-day-lake-nasser-cruise-from-abu-simble/,,,9,5047
https://travel2egypt.org/luxury-resorts-in-egypt/,,,9,4366
https://travel2egypt.org/ras-sudr-climate/,,,9,4121
https://travel2egypt.org/food-in-beni-suef/,,,9,3969
https://travel2egypt.org/es/categoria-para-visitar-en-aswan/,,,9,3508
https://travel2egypt.org/are-there-crocodiles-in-the-nile-river/#elementor-toc__heading-anchor-2,,,0,1262
https://travel2egypt.org/alcohol-in-egypt/#elementor-toc__heading-anchor-4,,,0,1259
https://travel2egypt.org/alcohol-in-egypt/#elementor-toc__heading-anchor-11,,,0,1237
https://travel2egypt.org/alcohol-in-egypt/#elementor-toc__heading-anchor-1,,,0,1207
https://travel2egypt.org/are-there-crocodiles-in-the-nile-river/#elementor-toc__heading-anchor-5,,,0,1101
https://travel2egypt.org/alcohol-in-egypt/#elementor-toc__heading-anchor-9,,,0,1092
https://travel2egypt.org/are-there-crocodiles-in-the-nile-river/#elementor-toc__heading-anchor-7,,,0,1086
https://travel2egypt.org/alcohol-in-egypt/#elementor-toc__heading-anchor-5,,,0,1065
https://travel2egypt.org/are-there-crocodiles-in-the-nile-river/#elementor-toc__heading-anchor-1,,,0,1051
https://travel2egypt.org/are-there-crocodiles-in-the-nile-river/#elementor-toc__heading-anchor-3,,,0,1039
https://travel2egypt.org/saint-catherine-travel-guide/saint-catherines-monastery-and-mount-sinai/,saint-catherine,saint-catherines-monastery-and-mount-sinai,0,66
https://travel2egypt.org/marsa-alam-travel-guide/abu-dabbab-beach/,marsa-alam,abu-dabbab-beach,0,46
https://travel2egypt.org/hurghada-travel-guide/hurghada-marina/,hurghada,hurghada-marina,0,33
https://travel2egypt.org/the-heavenly-cathedral/,,,494,16415
https://travel2egypt.org/sharm-el-sheikh-travel-guide/the-heavenly-cathedral/,sharm-el-sheikh,the-heavenly-cathedral,271,7433
https://travel2egypt.org/giza-travel-guide/the-black-pyramid/,giza,the-black-pyramid,213,48041
https://travel2egypt.org/the-black-pyramid/,,,173,47075
https://travel2egypt.org/ja/グレコ・ローマン博物館/,,,87,1041
https://travel2egypt.org/ja/エドフ神殿/,,,80,2769
https://travel2egypt.org/ja/ザウィエト・エル・アリアンのピラミッド/,,,63,287
https://travel2egypt.org/ja/アズハル・モスク/,,,58,2654
https://travel2egypt.org/es/necropolis-de-abusir/,,,58,1659
https://travel2egypt.org/ja/アーガー・ハーン廟/,,,52,2206
https://travel2egypt.org/pyramids-of-zawyet-el-aryan/,,,51,10850
https://travel2egypt.org/ja/マディナット・ハブ神殿/,,,51,404
https://travel2egypt.org/ja/セラピス神殿/,,,48,2640
https://travel2egypt.org/the-white-pyramid/,,,41,6208
https://travel2egypt.org/ja/アスワンのフィラエ神殿/,,,37,1525
https://travel2egypt.org/siwa-oasis-travel-guide/the-great-sand-sea/,siwa-oasis,the-great-sand-sea,36,4651
https://travel2egypt.org/es/piramides-de-zawyet-el-aryan/,,,36,1660
https://travel2egypt.org/siwa-house-museum/,,,34,1206
https://travel2egypt.org/wadi-al-natron-travel-guide/monastery-of-st-pishoy/,wadi-al-natron,monastery-of-st-pishoy,31,3529
https://travel2egypt.org/wadi-al-natron-travel-guide/paromeos-monastery/,wadi-al-natron,paromeos-monastery,30,1872
https://travel2egypt.org/es/fortaleza-de-shali/,,,30,1807
https://travel2egypt.org/es/necropolis-de-meidum/,,,30,1119
https://travel2egypt.org/shali-fortress/,,,29,6367
https://travel2egypt.org/the-great-sand-sea/,,,29,6089
https://travel2egypt.org/the-pyramid-of-khaba/,,,28,9754
https://travel2egypt.org/es/la-piramide-negra/,,,28,7391
https://travel2egypt.org/sehel-island/,,,28,4623
https://travel2egypt.org/monastery-of-st-pishoy/,,,27,5388
https://travel2egypt.org/paromeos-monastery/,,,27,2264
https://travel2egypt.org/wadi-al-natron-travel-guide/syrian-monastery/,wadi-al-natron,syrian-monastery,27,1918
https://travel2egypt.org/es/tumba-de-mereruka/,,,27,1541
https://travel2egypt.org/es/templo-del-oraculo/,,,26,2877
https://travel2egypt.org/giza-travel-guide/pyramids-of-zawyet-el-aryan/,giza,pyramids-of-zawyet-el-aryan,25,5206
https://travel2egypt.org/es/piramide-de-meidum/,,,25,4554
https://travel2egypt.org/es/la-piramide-blanca/,,,24,4270
https://travel2egypt.org/ja/メムノンの巨像/,,,23,2087
https://travel2egypt.org/ja/サッカラ・ネクロポリス（サッカラの墓地遺跡）/,,,23,1128
https://travel2egypt.org/siwa-oasis-travel-guide/temple-of-the-oracle/,siwa-oasis,temple-of-the-oracle,22,2776
https://travel2egypt.org/ja/アル・モルシ・アブー・アル・アッバース・モス/,,,22,2602
https://travel2egypt.org/the-roman-fortress-at-dush/,,,22,2130
https://travel2egypt.org/aswan-travel-guide/sehel-island/,aswan,sehel-island,21,2853
https://travel2egypt.org/the-tomb-of-khety-ii-at-asyut/,,,21,1248
https://travel2egypt.org/ja/白いピラミッド/,,,21,1169
https://travel2egypt.org/ja/メンカウラー王のピラミッド/,,,20,2426
https://travel2egypt.org/the-necropolis-of-meir/,,,20,1495
https://travel2egypt.org/siwa-oasis-travel-guide/shali-fortress/,siwa-oasis,shali-fortress,19,3606
https://travel2egypt.org/tomb-of-general-horemheb/,,,19,2875
https://travel2egypt.org/syrian-monastery/,,,19,2694
https://travel2egypt.org/ja/スルタン・ハサン・モスクとマドラサ/,,,19,1111
https://travel2egypt.org/ja/ムハンマド・アリー・モスク/,,,18,2238
https://travel2egypt.org/giza-travel-guide/memphis-mit-rahina-museum/,giza,memphis-mit-rahina-museum,18,2035
https://travel2egypt.org/ja/赤いピラミッド/,,,18,1869
https://travel2egypt.org/asyut-travel-guide/the-necropolis-of-meir/,asyut,the-necropolis-of-meir,18,801
https://travel2egypt.org/baris-travel-guide/the-roman-fortress-at-dush/,baris,the-roman-fortress-at-dush,18,570
https://travel2egypt.org/abusir-pyramid-of-neferirkare/,,,17,3164
https://travel2egypt.org/siwa-oasis-travel-guide/siwa-house-museum/,siwa-oasis,siwa-house-museum,17,637
https://travel2egypt.org/temple-of-the-oracle/,,,16,4194
https://travel2egypt.org/the-white-monastery/,,,16,2102
https://travel2egypt.org/the-aswan-museum/,,,16,1849
https://travel2egypt.org/es/piramide-abusir-de-sahure/,,,16,1693
https://travel2egypt.org/sohag-travel-guide/the-white-monastery/,sohag,the-white-monastery,16,1466
https://travel2egypt.org/giza-travel-guide/tomb-of-general-horemheb/,giza,tomb-of-general-horemheb,16,1320
https://travel2egypt.org/luxor-travel-guide/the-mortuary-temple-of-queen-hatshepsut/,luxor,the-mortuary-temple-of-queen-hatshepsut,15,14167
https://travel2egypt.org/giza-travel-guide/tomb-of-mereruka/,giza,tomb-of-mereruka,15,1455
https://travel2egypt.org/es/piramide-de-abu-rawash-de-djedefre/,,,15,1397
https://travel2egypt.org/tomb-of-mereruka/,,,14,2471
https://travel2egypt.org/ja/カフラー王のピラミッド/,,,14,1252
https://travel2egypt.org/mosque-of-al-muayyad-shaykh/,,,13,2316
https://travel2egypt.org/es/el-museo-nubio/,,,13,1312
https://travel2egypt.org/asyut-travel-guide/the-tomb-of-khety-ii-at-asyut/,asyut,the-tomb-of-khety-ii-at-asyut,13,414
https://travel2egypt.org/taba-travel-guide/pharaoh-island/,taba,pharaoh-island,11,3609
https://travel2egypt.org/abu-rawash-pyramid-of-djedefre/,,,11,3129
https://travel2egypt.org/the-roman-towers/,,,11,1955
https://travel2egypt.org/ja/クフ王のピラミッド/,,,11,1697
https://travel2egypt.org/es/tumba-del-general-horemheb/,,,11,1359
https://travel2egypt.org/edfu-temple/,,,10,4263
https://travel2egypt.org/abusir-pyramid-of-niuserre/,,,10,2136
https://travel2egypt.org/khanqah-mausoleum-of-sultan-baybars-al-gashankir/,,,10,1257
https://travel2egypt.org/mausoleum-of-al-ghouri/,,,10,1216
https://travel2egypt.org/es/mezquita-de-al-nasir-mohammed-ben-qalawoon/,,,10,1054
https://travel2egypt.org/ja/エジプト考古学博物館/,,,10,1039
https://travel2egypt.org/giza-travel-guide/the-white-pyramid/,giza,the-white-pyramid,0,25
https://travel2egypt.org/cairo-travel-guide/mosque-of-al-muayyad-shaykh/,cairo,mosque-of-al-muayyad-shaykh,0,21
