Top pages,Clicks,Impressions,CTR,Position
https://travel2egypt.org/water-safety-in-egypt-advice-for-travelers/,41,3234,1.27%,5.76
https://travel2egypt.org/ja/エジプトの神々：エジプト神話で最も重要な神々/,30,1932,1.55%,7.83
https://travel2egypt.org/escorts-in-egypt/,23,794,2.9%,13.76
https://travel2egypt.org/es/tu-nombre-en-jeroglificos/,18,984,1.83%,8.17
https://travel2egypt.org/are-there-crocodiles-in-the-nile-river/,14,3888,0.36%,8.67
https://travel2egypt.org/alcohol-in-egypt/,14,2726,0.51%,8.92
https://travel2egypt.org/restaurants-in-zamalek/,12,1021,1.18%,8.05
https://travel2egypt.org/antique-market-in-cairo-the-diana-market/,12,590,2.03%,5.75
https://travel2egypt.org/ja/古代エジプトの動物たち/,9,505,1.78%,5.01
https://travel2egypt.org/es/alcohol-en-egipto/,8,759,1.05%,4.93
https://travel2egypt.org/toilets-in-egypt/,8,717,1.12%,4.62
https://travel2egypt.org/,8,611,1.31%,27.2
https://travel2egypt.org/myths-and-facts-about/,7,509,1.38%,13.56
https://travel2egypt.org/safety-guide-for-travelers-to-egypt/,5,2959,0.17%,11.34
https://travel2egypt.org/where-to-eat-in-alexandria/,5,595,0.84%,7.68
https://travel2egypt.org/es/hay-cocodrilos-en-el-rio-nilo/,5,488,1.02%,6.63
https://travel2egypt.org/middle-kingdom-pharaohs/,5,441,1.13%,10.02
https://travel2egypt.org/ja/エジプトの水安全-旅行者へのアドバイス/,5,199,2.51%,4.23
https://travel2egypt.org/ja/ナイル川にワニはいますか？/,5,113,4.42%,6.79
https://travel2egypt.org/how-to-choose-a-sim-card-for-your-trip-to-egypt/,4,1565,0.26%,10.15
https://travel2egypt.org/telephones-in-egypt/,4,1311,0.31%,10.64
https://travel2egypt.org/egypt-transportation-tips/,4,1252,0.32%,9.33
https://travel2egypt.org/siwa-salt-lakes/,4,659,0.61%,9.56
https://travel2egypt.org/ja/時の守護者：ギザの大スフィンクスを探索する/,4,625,0.64%,8.89
https://travel2egypt.org/sharm-el-luli/,4,299,1.34%,7.43
https://travel2egypt.org/the-heavenly-cathedral/,4,279,1.43%,4.8
https://travel2egypt.org/ja/エジプトで避けるべき失礼な行動/,4,175,2.29%,6.21
https://travel2egypt.org/es/cine-de-egipto/,4,165,2.42%,10.77
https://travel2egypt.org/egypt-scams-bargaining-tips/,4,151,2.65%,7.38
https://travel2egypt.org/cairo-private-car-and-guide/,4,124,3.23%,11.27
https://travel2egypt.org/ja/古代エジプトに関する14の誤解と真実/,4,105,3.81%,8.7
https://travel2egypt.org/ja/古代都市ペルシウム/,4,81,4.94%,5.54
https://travel2egypt.org/ja/エジプト旅行に最適なsimカードの選び方/,4,42,9.52%,7.02
https://travel2egypt.org/ja/ルクソールの移動手段あれこれ/,4,33,12.12%,6.64
https://travel2egypt.org/es/los-coptos-de-egipto-guardianes-de-una-antigua-fe/,3,1028,0.29%,9.12
https://travel2egypt.org/cinematic-guide-to-egypts-film-sites/,3,597,0.5%,9.89
https://travel2egypt.org/cave-church-cairo/,3,447,0.67%,11.82
https://travel2egypt.org/ja/ツタンカーメン王の墓の呪い/,3,337,0.89%,8.42
https://travel2egypt.org/history-of-cairo/,3,283,1.06%,32.57
https://travel2egypt.org/wadi-feiran/,3,271,1.11%,4.71
https://travel2egypt.org/es/14-mitos-del-antiguo-egipto-realidad-o-ficcion/,3,226,1.33%,12.69
https://travel2egypt.org/sharm-el-sheikh-travel-guide/the-heavenly-cathedral/,3,199,1.51%,5.82
https://travel2egypt.org/esna-travel-guide/,3,190,1.58%,10.46
https://travel2egypt.org/ja/ツタンカーメン王の墓の物語/,3,182,1.65%,7.75
https://travel2egypt.org/things-to-do-in-ismailia/,3,132,2.27%,18.73
https://travel2egypt.org/ja/エジプト旅行では何を着ればいい？服装ガイド/,3,127,2.36%,9.06
https://travel2egypt.org/es/nilo-en-zamalek/,3,110,2.73%,8.09
https://travel2egypt.org/ja/エジプトのチップ文化（バクシーシ）/,3,91,3.3%,5.57
https://travel2egypt.org/ja/7月にエジプトを訪れる-4o-mini/,3,71,4.23%,4.73
https://travel2egypt.org/how-to-go-to-bahariya-oasis/,3,61,4.92%,7.31
https://travel2egypt.org/ja/アブ・シンベル太陽の祭り/,3,50,6%,4.9
https://travel2egypt.org/ja/アレクサンドリアへのアクセス方法/,3,22,13.64%,8.91
https://travel2egypt.org/ja/アレクサンドリアの移動方法/,3,15,20%,2.93
https://travel2egypt.org/ja/ダハビーヤ・ナイルクルーズ旅行に持って行くべ/,3,15,20%,5.6
https://travel2egypt.org/attractions-entrance-fees/,2,1262,0.16%,8.28
https://travel2egypt.org/ja/古代エジプトの王たち：エジプトのファラオたち/,2,657,0.3%,8.48
https://travel2egypt.org/animals-in-ancient-egypt/,2,583,0.34%,18.86
https://travel2egypt.org/the-copts-of-egypt-guardians-of-an-ancient-faith/,2,534,0.37%,12.9
https://travel2egypt.org/sohag-travel-guide/,2,421,0.48%,8.79
https://travel2egypt.org/ja/エジプトのトイレ情報/,2,382,0.52%,4.22
https://travel2egypt.org/visiting-egypt-in-july/,2,353,0.57%,12.96
https://travel2egypt.org/es/telefonos-en-egipto/,2,262,0.76%,7.48
https://travel2egypt.org/cairo-largest-market-ataba/,2,261,0.77%,7.14
https://travel2egypt.org/traditional-food-in-aswan/,2,178,1.12%,8.87
https://travel2egypt.org/ja/エジプト旅行者向け安全ガイド-2025-2026/,2,161,1.24%,9.37
https://travel2egypt.org/history-of-asyut/,2,154,1.3%,11.21
https://travel2egypt.org/ja/ツタンカーメンは今どこにいるのか/,2,148,1.35%,8.82
https://travel2egypt.org/nabq-national-park/,2,140,1.43%,13.54
https://travel2egypt.org/private-tour-2-days-1-night-trip-to-saint-catherine-from-cairo/,2,137,1.46%,13.01
https://travel2egypt.org/remal-el-rayan-glamp/,2,134,1.49%,8.41
https://travel2egypt.org/dahab-historical-guide/,2,124,1.61%,14.08
https://travel2egypt.org/month-by-month-guide-to-egypt/,2,119,1.68%,26.09
https://travel2egypt.org/souq-bab-el-louk-cairos-fresh-market/,2,105,1.9%,8.44
https://travel2egypt.org/how-to-get-around-alexandria/,2,102,1.96%,6.79
https://travel2egypt.org/es/por-que-enero-es-el-mes-perfecto-para-visitar-egipto/,2,97,2.06%,15.35
https://travel2egypt.org/siwa-oasis-adventure-tour/,2,91,2.2%,22.97
https://travel2egypt.org/ja/カイロ国立エジプト文明博物館の究極ガイド/,2,87,2.3%,4.87
https://travel2egypt.org/aswan-and-abu-simbel-from-luxor/,2,83,2.41%,13.14
https://travel2egypt.org/the-evolution-of-food-in-egypt/,2,82,2.44%,11.87
https://travel2egypt.org/es/explorando-la-iglesia-de-la-cueva-de-el-cairo-una-joya-escondida-en-la-montana-mokattam/,2,80,2.5%,6.29
https://travel2egypt.org/bahariya-oasis-and-the-black-desert/,2,67,2.99%,19.79
https://travel2egypt.org/ja/アブ・シンベルの歴史について/,2,66,3.03%,7.64
https://travel2egypt.org/overnight-sataya-dolphin-reef-safari/,2,63,3.17%,12.3
https://travel2egypt.org/al-quseir-travel-guide/,2,63,3.17%,14.41
https://travel2egypt.org/ramadan-in-egypt/,2,63,3.17%,27.29
https://travel2egypt.org/how-to-go-to-al-fayoum/,2,57,3.51%,6.58
https://travel2egypt.org/es/lagos-encantadores-de-egipto/,2,51,3.92%,8.47
https://travel2egypt.org/ja/ルクソールの観光地チケット料金/,2,48,4.17%,5.79
https://travel2egypt.org/our-hotels-grade-concept/,2,47,4.26%,5.32
https://travel2egypt.org/abu-simbel-by-plane-from-aswan/,2,47,4.26%,13.66
https://travel2egypt.org/ja/夜のカイロで訪れたいおすすめスポット/,2,46,4.35%,9.11
https://travel2egypt.org/11-day-nile-cruise-from-luxor-to-cairo/,2,40,5%,12.05
https://travel2egypt.org/aswan-festivals-and-celebrations/,2,30,6.67%,4.2
https://travel2egypt.org/tomb-of-general-horemheb/,2,29,6.9%,23.38
https://travel2egypt.org/fi/liikkuminen-egyptissa/,2,28,7.14%,5.14
https://travel2egypt.org/ja/ピラミッズ・パーク・リゾート・カイロ（pyramids-park-resort-cairo/,2,27,7.41%,10.44
https://travel2egypt.org/ja/カイロの美食探訪：エジプト首都の味わい/,2,15,13.33%,8.87
https://travel2egypt.org/ja/5月のエジプトの魔法を体験/,2,12,16.67%,21.33
https://travel2egypt.org/ja/イムホテプ博物館/,2,11,18.18%,5.55
https://travel2egypt.org/ja/ワディ・アル・ナトロン旅行ガイド/,2,7,28.57%,3
https://travel2egypt.org/ja/アミール・タズ宮殿/,2,5,40%,3.4
https://travel2egypt.org/fi/paikalliset-sairaalat-egyptissa/,2,4,50%,2.25
https://travel2egypt.org/ja/アレクサンドリアの秘密を解き明かす旅/,2,4,50%,4.5
https://travel2egypt.org/es/precios-de-las-entradas-de-las-atracciones-de-alejandria/,2,3,66.67%,2.33
https://travel2egypt.org/are-there-crocodiles-in-the-nile-river/#elementor-toc__heading-anchor-0,1,1246,0.08%,6.17
https://travel2egypt.org/the-curse-of-king-tuts-tomb/,1,1002,0.1%,11.62
https://travel2egypt.org/how-to-dress-when-visiting-egypt/,1,648,0.15%,9.22
https://travel2egypt.org/when-to-go-marsa-alam/,1,643,0.16%,10.13
https://travel2egypt.org/distance-between-egyptian-cities/,1,575,0.17%,8.05
https://travel2egypt.org/al-arish-travel-guide/,1,531,0.19%,9.66
https://travel2egypt.org/places-to-visit-in-cairo-at-night/,1,512,0.2%,9.22
https://travel2egypt.org/dahab-seasonal-guide/,1,501,0.2%,7.51
https://travel2egypt.org/es/la-historia-de-la-tumba-de-tutankhamun/,1,457,0.22%,10.6
https://travel2egypt.org/asyut-travel-guide/,1,450,0.22%,11.55
https://travel2egypt.org/es/guia-de-seguridad-para-viajeros-en-egipto-2025-2026/,1,315,0.32%,7.42
https://travel2egypt.org/a-simple-guide-to-the-valley-of-the-kings/,1,280,0.36%,7.71
https://travel2egypt.org/islamic-architectural-heritage-in-egypt/,1,277,0.36%,9.45
https://travel2egypt.org/es/propinas-en-egipto/,1,252,0.4%,6.42
https://travel2egypt.org/egypt-tours-from-canada/,1,249,0.4%,56.18
https://travel2egypt.org/passport-and-visa/,1,241,0.41%,43.06
https://travel2egypt.org/ja/古代の驚異：明らかにされたエジプトのピラミッ/,1,238,0.42%,9.04
https://travel2egypt.org/meet-the-pyramid-builders/,1,232,0.43%,12.48
https://travel2egypt.org/sacred-places-in-egypt-temples-mosques-and-religious-sites-to-explore/,1,231,0.43%,9.06
https://travel2egypt.org/cultural-etiquette-in-egypt/,1,229,0.44%,11.3
https://travel2egypt.org/beni-suef-travel-guide/,1,218,0.46%,9.17
https://travel2egypt.org/egyptian-gods/,1,197,0.51%,28.75
https://travel2egypt.org/wellness-and-medical-tourism-in-egypt/,1,190,0.53%,9.72
https://travel2egypt.org/wifi-in-egypt/,1,185,0.54%,6.57
https://travel2egypt.org/es/donde-esta-tutankamon-ahora/,1,172,0.58%,6.92
https://travel2egypt.org/aswan-travel-guide/culinary-feasting/,1,146,0.68%,10.79
https://travel2egypt.org/luxor-private-day-tours/,1,146,0.68%,20.47
https://travel2egypt.org/sharm-el-sheikh-to-mount-sinai/,1,135,0.74%,13.01
https://travel2egypt.org/ja/エジプトの象形文字を理解する/,1,133,0.75%,9.35
https://travel2egypt.org/es/tumbas-imprescindibles-del-valle-de-los-reyes/,1,131,0.76%,16.35
https://travel2egypt.org/egypt-weather-guide/,1,130,0.77%,29.28
https://travel2egypt.org/shali-fortress/,1,112,0.89%,5.62
https://travel2egypt.org/faux-pas-to-avoid-in-egypt/,1,110,0.91%,5.14
https://travel2egypt.org/how-to-go-to-nuweiba/,1,108,0.93%,9.35
https://travel2egypt.org/es/precios-de-las-entradas-a-las-atracciones-de-luxor/,1,105,0.95%,6.06
https://travel2egypt.org/best-family-resorts-in-egypt/,1,98,1.02%,10.39
https://travel2egypt.org/dendera-and-abydos-temples-from-luxor/,1,96,1.04%,15.29
https://travel2egypt.org/ja/スフィンクスとオベリスク/,1,95,1.05%,7.96
https://travel2egypt.org/suez-travel-guide/,1,94,1.06%,22.2
https://travel2egypt.org/what-to-eat-in-asyut/,1,87,1.15%,5.48
https://travel2egypt.org/enchanting-lakes-of-egypt/,1,87,1.15%,20.14
https://travel2egypt.org/es/una-guia-simple-del-valle-de-los-reyes/,1,86,1.16%,8.02
https://travel2egypt.org/129-reasons-to-visit-karnak-temple/,1,86,1.16%,13.57
https://travel2egypt.org/must-visit-museums-in-egypt/,1,86,1.16%,27.37
https://travel2egypt.org/historical-egypt-travel/,1,83,1.2%,17.35
https://travel2egypt.org/ja/エジプトの映画撮影地への映画ガイド/,1,82,1.22%,7.17
https://travel2egypt.org/ras-sudr-travel-guide/,1,82,1.22%,8.24
https://travel2egypt.org/a-helicopter-adventure-over-the-pyramids-and-nile/,1,82,1.22%,9.37
https://travel2egypt.org/egyptian-shawarma/,1,81,1.23%,24.67
https://travel2egypt.org/traveling-to-egypt-in-august/,1,77,1.3%,15.08
https://travel2egypt.org/public-transport-in-hurghada/,1,76,1.32%,9.45
https://travel2egypt.org/getting-around-in-el-gouna/,1,75,1.33%,6.08
https://travel2egypt.org/the-ultimate-luxor-day-tour/,1,75,1.33%,40.33
https://travel2egypt.org/es/mercado-local-de-asuan/,1,74,1.35%,5.96
https://travel2egypt.org/egypt-tours-from-germany/,1,74,1.35%,7.24
https://travel2egypt.org/bargaining-in-egypt/,1,71,1.41%,9.06
https://travel2egypt.org/how-to-reach-al-gouna/,1,70,1.43%,9.63
https://travel2egypt.org/es/la-experiencia-del-espectaculo-de-luz-y-sonido-de-giza/,1,69,1.45%,8.03
https://travel2egypt.org/bardawil-lake/,1,68,1.47%,10.35
https://travel2egypt.org/how-to-go-to-saint-catherine/,1,66,1.52%,8.5
https://travel2egypt.org/es/retretes-en-egipto/,1,64,1.56%,3.92
https://travel2egypt.org/luxor-day-tour-from-al-gouna/,1,60,1.67%,8.93
https://travel2egypt.org/es/piramides-de-zawyet-el-aryan/,1,59,1.69%,7.32
https://travel2egypt.org/ms-esplanade-nile-cruise/,1,58,1.72%,14.05
https://travel2egypt.org/fi/kuinka-pukeutua-vieraillessa-egyptissa/,1,57,1.75%,6.05
https://travel2egypt.org/qasr-el-ghueita/,1,56,1.79%,2.88
https://travel2egypt.org/planning-your-trip-to-dahab/,1,55,1.82%,13.6
https://travel2egypt.org/egyptian-mummies/,1,55,1.82%,29.76
https://travel2egypt.org/events-in-siwa/,1,53,1.89%,6.26
https://travel2egypt.org/boutique-nile-cruises-in-egypt/,1,53,1.89%,15.21
https://travel2egypt.org/giftun-islands/,1,52,1.92%,27.21
https://travel2egypt.org/es/familiares-en-la-playa-en-egipto/,1,51,1.96%,5.67
https://travel2egypt.org/egypt-tours-from-turkey/,1,51,1.96%,34.75
https://travel2egypt.org/how-to-go-to-al-minya/,1,50,2%,12.22
https://travel2egypt.org/eco-lodges-in-egypt/,1,49,2.04%,10.59
https://travel2egypt.org/ghaliet-ecolodge-siwa/,1,46,2.17%,8.13
https://travel2egypt.org/explore-egypt-in-10-days/,1,45,2.22%,71.98
https://travel2egypt.org/food-in-abu-simbel/,1,44,2.27%,6.34
https://travel2egypt.org/es/la-piramide-blanca/,1,43,2.33%,6.56
https://travel2egypt.org/snorkeling-sea-trip-in-sharm-el-sheikh/,1,43,2.33%,24.42
https://travel2egypt.org/food-in-al-fayoum/,1,42,2.38%,5.88
https://travel2egypt.org/private-car-transfer-from-aswan-to-luxor/,1,41,2.44%,8.51
https://travel2egypt.org/ja/エジプト・ナイルクルーズ完全ガイド/,1,39,2.56%,10.36
https://travel2egypt.org/food-in-beni-suef/,1,38,2.63%,6.45
https://travel2egypt.org/what-is-included-in-nile-cruise-packages/,1,36,2.78%,9.89
https://travel2egypt.org/ja/王家の谷/,1,36,2.78%,14.36
https://travel2egypt.org/valley-of-the-golden-mummies/,1,36,2.78%,15.89
https://travel2egypt.org/ja/ツタンカーメン王はピラミッドに埋葬されたのか/,1,35,2.86%,7.03
https://travel2egypt.org/m-s-moon-goddess-nile-cruise/,1,35,2.86%,22.43
https://travel2egypt.org/luxor-private-car-and-guide/,1,34,2.94%,12.06
https://travel2egypt.org/the-holy-family-trip-in-egypt/,1,34,2.94%,46.06
https://travel2egypt.org/ja/エジプトの値段交渉/,1,33,3.03%,4.73
https://travel2egypt.org/baris-travel-guide/,1,33,3.03%,5.18
https://travel2egypt.org/el-beyt-hotel/,1,33,3.03%,5.36
https://travel2egypt.org/getting-around-marsa-matruh/,1,33,3.03%,10.73
https://travel2egypt.org/ways-to-get-to-taba/,1,33,3.03%,11.06
https://travel2egypt.org/private-day-tours/,1,33,3.03%,50.73
https://travel2egypt.org/only-in-safaga/,1,32,3.12%,5.91
https://travel2egypt.org/es/la-piramide-de-khaba/,1,31,3.23%,6.52
https://travel2egypt.org/only-in-akhmim/,1,31,3.23%,9.94
https://travel2egypt.org/the-fortress-of-al-arish/,1,30,3.33%,10.5
https://travel2egypt.org/es/historia-de-abu-simple/,1,29,3.45%,12.28
https://travel2egypt.org/abusir-pyramid-of-sahure/,1,29,3.45%,24.48
https://travel2egypt.org/where-to-stay-in-edfu/,1,28,3.57%,10.82
https://travel2egypt.org/ja/アブ・シンベル旅行ガイド/,1,28,3.57%,17.54
https://travel2egypt.org/4-day-lake-nasser-cruise-from-abu-simble/,1,28,3.57%,27.71
https://travel2egypt.org/nefertari-submarine-adventure-and-sunset-dinner-cruise-from-marsa-alam/,1,27,3.7%,7.7
https://travel2egypt.org/es/guia-de-viaje-de-marsa-alam/sharm-el-luli/,1,26,3.85%,6.15
https://travel2egypt.org/getting-around-in-farafra/,1,25,4%,7.36
https://travel2egypt.org/tuna-el-gebel/,1,25,4%,9.68
https://travel2egypt.org/history-of-al-wadi-al-gadid/,1,25,4%,10.88
https://travel2egypt.org/ja/のツタンカーメン王墓の発見とその重要性/,1,24,4.17%,10.88
https://travel2egypt.org/ja/カイロの洞窟教会探訪：モカッタム山の隠れた宝/,1,23,4.35%,5.09
https://travel2egypt.org/the-roman-towers/,1,22,4.55%,7.68
https://travel2egypt.org/taba-travel-guide/movement-guide/,1,21,4.76%,12.38
https://travel2egypt.org/es/guia-de-viaje-de-asyut/,1,20,5%,10.05
https://travel2egypt.org/luxor-full-day-excursion-from-marsa-alam/,1,20,5%,13.85
https://travel2egypt.org/ja/王家の谷の簡単なガイド/,1,19,5.26%,3.84
https://travel2egypt.org/ja/セラピス神殿/,1,19,5.26%,7.11
https://travel2egypt.org/how-to-go-to-esna/,1,19,5.26%,7.84
https://travel2egypt.org/ja/2024年グランド・エジプト博物館を探訪：内部ガイ/,1,19,5.26%,9.32
https://travel2egypt.org/desert-quad-bike-safari-from-hurghada/,1,19,5.26%,9.68
https://travel2egypt.org/es/shawarma-egipcio-en-giza-restaurante-semsema/,1,18,5.56%,10.44
https://travel2egypt.org/agatha-dahabiya/,1,18,5.56%,23.78
https://travel2egypt.org/es/viaje-de-10-dias-a-egipto-inolvidable/,1,18,5.56%,51.67
https://travel2egypt.org/the-necropolis-of-meir/,1,16,6.25%,6.06
https://travel2egypt.org/es/la-primera-huelga-laboral-del-mundo/,1,16,6.25%,7.69
https://travel2egypt.org/the-roman-fortress-at-dush/,1,16,6.25%,10.19
https://travel2egypt.org/gawhara-terrace/,1,15,6.67%,6.93
https://travel2egypt.org/egyptian-museum-and-bazaar-tour/,1,15,6.67%,8.2
https://travel2egypt.org/ja/アスワンの貴族の墓/,1,14,7.14%,4.79
https://travel2egypt.org/bahariya-oasis-siwa-oasis-tour/,1,14,7.14%,33.5
https://travel2egypt.org/ja/黒いピラミッド/,1,13,7.69%,4.85
https://travel2egypt.org/the-aswan-museum/,1,13,7.69%,12.85
https://travel2egypt.org/ja/アスワンで訪れるべき厳選9スポット/,1,13,7.69%,18.38
https://travel2egypt.org/sabil-of-muhammed-ali-pasha/,1,13,7.69%,25.15
https://travel2egypt.org/ticket-prices-for-attractions-in-cairo/,1,13,7.69%,29.08
https://travel2egypt.org/getting-around-siwa/,1,12,8.33%,3.25
https://travel2egypt.org/ja/カイロ最大の市場アタバの驚異を発見/,1,12,8.33%,4.67
https://travel2egypt.org/es/escoltas-en-egipto-normas-rutas-y-seguridad/,1,12,8.33%,4.75
https://travel2egypt.org/es/etiqueta-cultural-en-egipto/,1,12,8.33%,7.42
https://travel2egypt.org/ja/エジプトのエスコート/,1,12,8.33%,9.25
https://travel2egypt.org/deir-el-hagar/,1,12,8.33%,10.83
https://travel2egypt.org/ja/エジプトのシニア向けグループ旅行/,1,11,9.09%,2.91
https://travel2egypt.org/ja/ザウィエト・エル・アリアンのピラミッド/,1,11,9.09%,4.64
https://travel2egypt.org/ja/ダハブへのアクセスのヒント/,1,11,9.09%,7.09
https://travel2egypt.org/ja/フォーシーズンズ・ファースト・レジデンス（four-season/,1,11,9.09%,8.55
https://travel2egypt.org/ja/5日間-ナセル湖クルーズ（アスワン発）/,1,11,9.09%,11.36
https://travel2egypt.org/ja/クレオパトラの泉/,1,11,9.09%,11.73
https://travel2egypt.org/es/isla-fatnas/,1,10,10%,2.3
https://travel2egypt.org/ja/コム・エル・ショカファのカタコンベ/,1,10,10%,5.2
https://travel2egypt.org/ja/アスワンのローカルマーケット/,1,10,10%,6.3
https://travel2egypt.org/ja/シワの歴史的名所/,1,9,11.11%,5.33
https://travel2egypt.org/ja/白砂漠国立公園/,1,9,11.11%,6.56
https://travel2egypt.org/ja/聖母マリア・ディルンカ修道院/,1,9,11.11%,7.22
https://travel2egypt.org/ja/ブログ/,1,9,11.11%,10.33
https://travel2egypt.org/ja/聖カタリナ旅行ガイド/,1,9,11.11%,14.78
https://travel2egypt.org/convent-of-the-holy-virgin-at-dorunka/,1,8,12.5%,4.25
https://travel2egypt.org/ja/アシュート旅行ガイド/,1,8,12.5%,8.12
https://travel2egypt.org/ja/利用規約/,1,8,12.5%,12.38
https://travel2egypt.org/es/egipto-en-el-cine/,1,8,12.5%,14.62
https://travel2egypt.org/ja/ルクソール博物館/,1,8,12.5%,17.25
https://travel2egypt.org/where-to-stay-in-kharga-oasis/,1,8,12.5%,21.75
https://travel2egypt.org/sharm-el-sheikh-fayrouz-resort/,1,8,12.5%,23.75
https://travel2egypt.org/es/el-templo-de-hathor/,1,8,12.5%,51.25
https://travel2egypt.org/fi/taydellinen-opas-kairon-nmeciin-egyptilaisen-sivilisaation-kansallismuseo/,1,7,14.29%,1.43
https://travel2egypt.org/ja/ファラフラ・オアシス旅行ガイド/ユニークな体験/,1,7,14.29%,2.43
https://travel2egypt.org/ja/アズハル・モスク/,1,7,14.29%,3.29
https://travel2egypt.org/es/solo-aqui-en-akhmim/,1,7,14.29%,3.57
https://travel2egypt.org/the-tomb-of-khety-ii-at-asyut/,1,7,14.29%,6.71
https://travel2egypt.org/11-day-luxor-to-cairo-egypt-nile-cruise-vacation-from-spain/,1,7,14.29%,7.29
https://travel2egypt.org/ja/ルクソールへの行き方/,1,7,14.29%,7.43
https://travel2egypt.org/es/barcos-dahabiya/,1,7,14.29%,23.29
https://travel2egypt.org/es/lago-nasser/,1,7,14.29%,29.71
https://travel2egypt.org/es/atracciones-inolvidables-en-marsa-alam/,1,7,14.29%,37
https://travel2egypt.org/rosetta-arrival-guide/,1,6,16.67%,6.17
https://travel2egypt.org/14-day-egypt-tour-package-from-spain-for-families/,1,6,16.67%,9.67
https://travel2egypt.org/ja/エジプト必訪の博物館：古代の秘宝と遺物を発見/,1,6,16.67%,10.17
https://travel2egypt.org/ja/カラブシャ神殿/,1,6,16.67%,12.33
https://travel2egypt.org/ja/ギザ高原/,1,5,20%,4.8
https://travel2egypt.org/ja/タバ旅行ガイド/移動ガイド/,1,5,20%,10.8
https://travel2egypt.org/es/la-necropolis-de-meir/,1,4,25%,3.75
https://travel2egypt.org/es/puerto-deportivo-de-hurghada/,1,4,25%,10.25
https://travel2egypt.org/ja/バハリヤ・オアシスの気候/,1,3,33.33%,5
https://travel2egypt.org/ja/世界初の労働ストライキ/,1,3,33.33%,5
https://travel2egypt.org/ja/壮麗なるミニヤツアー/,1,3,33.33%,6.33
https://travel2egypt.org/ja/コム・オンボへの行き方/,1,3,33.33%,9
https://travel2egypt.org/ja/エジプトの最高のホテルとナイルクルーズ/,1,3,33.33%,21.67
https://travel2egypt.org/es/guia-de-viajes-de-egipto/,1,3,33.33%,44.67
https://travel2egypt.org/es/los-secretos-de-asuan-excursion-de-un-dia-al-museo-nubio-y-al-mercado-local/,1,3,33.33%,63
https://travel2egypt.org/ja/バルダウィル湖/,1,2,50%,1
https://travel2egypt.org/ja/ダフラ・オアシスへの行き方/,1,2,50%,1.5
https://travel2egypt.org/ja/砂漠の味覚：アル＝ワーディ・アル＝ジャディー/,1,2,50%,2
https://travel2egypt.org/cairo-sky-adventure/,1,2,50%,2.5
https://travel2egypt.org/es/monasterio-sirio/,1,2,50%,4.5
https://travel2egypt.org/fi/missa-tutankhamun-on-nyt/,1,2,50%,7.5
https://travel2egypt.org/ja/アスワン発：エル・カブ遺跡＆エドフ神殿ツアー/,1,2,50%,7.5
https://travel2egypt.org/es/felucca-por-asuan/,1,1,100%,1
https://travel2egypt.org/es/historia-de-al-gouna/,1,1,100%,1
https://travel2egypt.org/ja/バハリヤ・オアシスへのアクセス方法/,1,1,100%,1
https://travel2egypt.org/ja/hollywood-vs-history-egypt-in-the-movies/,1,1,100%,1
https://travel2egypt.org/the-mosque-of-qaitbey-in-al-fayoum/,1,1,100%,1
https://travel2egypt.org/es/mezquita-del-sheij-al-muayyad/,1,1,100%,2
https://travel2egypt.org/ja/ハルガダ・マリーナ/,1,1,100%,2
https://travel2egypt.org/getting-to-akhmim/,1,1,100%,4
https://travel2egypt.org/ja/エドフでの宿泊場所/,1,1,100%,4
https://travel2egypt.org/ja/ルクソール・カルナック神殿のサウンド＆ライト/,1,1,100%,7
https://travel2egypt.org/ja/カイロのアンティーク市場－ディアナ・マーケッ/,1,1,100%,10
https://travel2egypt.org/are-there-crocodiles-in-the-nile-river/#elementor-toc__heading-anchor-2,0,1262,0%,6.26
https://travel2egypt.org/alcohol-in-egypt/#elementor-toc__heading-anchor-4,0,1259,0%,9.35
https://travel2egypt.org/alcohol-in-egypt/#elementor-toc__heading-anchor-11,0,1237,0%,9.34
https://travel2egypt.org/alcohol-in-egypt/#elementor-toc__heading-anchor-1,0,1207,0%,9.32
https://travel2egypt.org/are-there-crocodiles-in-the-nile-river/#elementor-toc__heading-anchor-5,0,1101,0%,6.16
https://travel2egypt.org/alcohol-in-egypt/#elementor-toc__heading-anchor-9,0,1092,0%,9.22
https://travel2egypt.org/are-there-crocodiles-in-the-nile-river/#elementor-toc__heading-anchor-7,0,1086,0%,6.21
https://travel2egypt.org/alcohol-in-egypt/#elementor-toc__heading-anchor-0,0,1080,0%,9.2
https://travel2egypt.org/alcohol-in-egypt/#elementor-toc__heading-anchor-5,0,1065,0%,9.19
https://travel2egypt.org/are-there-crocodiles-in-the-nile-river/#elementor-toc__heading-anchor-1,0,1051,0%,6.17
https://travel2egypt.org/are-there-crocodiles-in-the-nile-river/#elementor-toc__heading-anchor-3,0,1039,0%,6.13
https://travel2egypt.org/airports-in-egypt/,0,949,0%,10.99
https://travel2egypt.org/opening-hours-and-public-holidays/,0,777,0%,7.43
https://travel2egypt.org/egypt-travel-packages/,0,670,0%,54.73
https://travel2egypt.org/currency-in-egypt/,0,570,0%,32.49
https://travel2egypt.org/was-king-tut-buried-in-a-pyramid/,0,561,0%,7.61
https://travel2egypt.org/the-black-pyramid/,0,517,0%,8.83
https://travel2egypt.org/ancient-egyptian-kings/,0,505,0%,30.67
https://travel2egypt.org/understanding-egyptian-hieroglyphs/,0,460,0%,44.56
https://travel2egypt.org/nile-cruise-holidays/,0,453,0%,67.82
https://travel2egypt.org/how-to-choose-a-sim-card-for-your-trip-to-egypt/#elementor-toc__heading-anchor-2,0,434,0%,8.93
https://travel2egypt.org/egypt-holidays-from-uk/,0,425,0%,61.99
https://travel2egypt.org/how-to-choose-a-sim-card-for-your-trip-to-egypt/#elementor-toc__heading-anchor-6,0,418,0%,8.96
https://travel2egypt.org/electricity-in-egypt/,0,385,0%,5.08
https://travel2egypt.org/language-in-egypt/,0,358,0%,41.58
https://travel2egypt.org/things-to-do-in-asyut/,0,335,0%,10.59
https://travel2egypt.org/ja/エジプトの言語/,0,323,0%,9.36
https://travel2egypt.org/es/dioses-egipcios/,0,319,0%,12.01
https://travel2egypt.org/sharm-el-sheikh-historical-overview/,0,318,0%,17.91
https://travel2egypt.org/es/la-electricidad-en-egipto/,0,311,0%,7.96
https://travel2egypt.org/how-to-choose-a-sim-card-for-your-trip-to-egypt/#elementor-toc__heading-anchor-4,0,307,0%,9.05
https://travel2egypt.org/es/las-piramides-de-egipto/,0,301,0%,10.68
https://travel2egypt.org/how-to-choose-a-sim-card-for-your-trip-to-egypt/#elementor-toc__heading-anchor-5,0,290,0%,9.08
https://travel2egypt.org/how-to-choose-a-sim-card-for-your-trip-to-egypt/#elementor-toc__heading-anchor-3,0,275,0%,9.05
https://travel2egypt.org/how-to-choose-a-sim-card-for-your-trip-to-egypt/#elementor-toc__heading-anchor-7,0,269,0%,9.06
https://travel2egypt.org/es/hoteles-economicos-cerca-de-las-piramides/,0,269,0%,10.15
https://travel2egypt.org/how-to-choose-a-sim-card-for-your-trip-to-egypt/#elementor-toc__heading-anchor-8,0,266,0%,9.07
https://travel2egypt.org/cairo-travel-guide/weather-climate/,0,254,0%,50.8
https://travel2egypt.org/where-is-tutankhamun-now/,0,241,0%,11.93
https://travel2egypt.org/sonesta-st-george-luxor/,0,236,0%,10.22
https://travel2egypt.org/qena-travel-guide/,0,236,0%,10.99
https://travel2egypt.org/es/reyes-del-antiguo-egipto/,0,235,0%,11.64
https://travel2egypt.org/places-in-egypt/,0,235,0%,36.76
https://travel2egypt.org/guardian-of-time-exploring-the-great-sphinx-of-giza/,0,234,0%,17.06
https://travel2egypt.org/es/distancia-entre-ciudades-egipcias/,0,232,0%,7.87
https://travel2egypt.org/group-day-tours/,0,228,0%,39.89
https://travel2egypt.org/es/de-simbolos-a-oraciones-comprender-los-jeroglificos-egipcios/,0,215,0%,8.99
https://travel2egypt.org/es/la-lengua-en-egipto/,0,215,0%,26.01
https://travel2egypt.org/group-day-tour-pyramids-of-giza-and-sphinx/,0,213,0%,60.26
https://travel2egypt.org/es/animales-en-el-antiguo-egipto/,0,208,0%,8.15
https://travel2egypt.org/old-kingdom-pharaohs/,0,205,0%,29.9
https://travel2egypt.org/es/hay-cocodrilos-en-el-rio-nilo/#elementor-toc__heading-anchor-0,0,201,0%,4.63
https://travel2egypt.org/es/hay-cocodrilos-en-el-rio-nilo/#elementor-toc__heading-anchor-2,0,198,0%,4.65
https://travel2egypt.org/luxury-14-day-egypt-tour-package-from-australia-for-families/,0,198,0%,33.64
https://travel2egypt.org/es/visitar-egipto-en-julio/,0,197,0%,9.24
https://travel2egypt.org/your-name-in-hieroglyphics/,0,193,0%,24.39
https://travel2egypt.org/local-hospitals-in-egypt/,0,189,0%,8.78
https://travel2egypt.org/the-grand-egyptian-museum/,0,188,0%,66.88
https://travel2egypt.org/sharm-el-sheikh-travel-guide/resort-city/,0,185,0%,51.8
https://travel2egypt.org/zeytouna-beach/,0,182,0%,8.41
https://travel2egypt.org/edfu-travel-guide/,0,182,0%,12.59
https://travel2egypt.org/aqua-park-cleo-park/,0,179,0%,8.42
https://travel2egypt.org/the-story-of-king-tutankhamun-tomb/,0,177,0%,40.06
https://travel2egypt.org/es/hay-cocodrilos-en-el-rio-nilo/#elementor-toc__heading-anchor-1,0,176,0%,4.54
https://travel2egypt.org/egypt-in-may/,0,175,0%,9.03
https://travel2egypt.org/es/hay-cocodrilos-en-el-rio-nilo/#elementor-toc__heading-anchor-3,0,173,0%,4.55
https://travel2egypt.org/es/hay-cocodrilos-en-el-rio-nilo/#elementor-toc__heading-anchor-5,0,173,0%,4.55
https://travel2egypt.org/es/hay-cocodrilos-en-el-rio-nilo/#elementor-toc__heading-anchor-7,0,173,0%,4.55
https://travel2egypt.org/nile-cruise-luxor-to-cairo/,0,173,0%,48.2
https://travel2egypt.org/al-gouna-travel-guide/mangroovy-beach/,0,171,0%,7.3
https://travel2egypt.org/how-to-choose-a-sim-card-for-your-trip-to-egypt/#elementor-toc__heading-anchor-1,0,169,0%,8.79
https://travel2egypt.org/es/alcohol-en-egipto/#elementor-toc__heading-anchor-4,0,168,0%,4.92
https://travel2egypt.org/es/alcohol-en-egipto/#elementor-toc__heading-anchor-1,0,167,0%,4.89
https://travel2egypt.org/es/alcohol-en-egipto/#elementor-toc__heading-anchor-5,0,160,0%,4.94
https://travel2egypt.org/es/alcohol-en-egipto/#elementor-toc__heading-anchor-0,0,159,0%,4.91
https://travel2egypt.org/es/alcohol-en-egipto/#elementor-toc__heading-anchor-11,0,159,0%,4.91
https://travel2egypt.org/es/alcohol-en-egipto/#elementor-toc__heading-anchor-9,0,159,0%,4.91
https://travel2egypt.org/14-day-long-nile-cruise-aswan-cairo/,0,158,0%,39.98
https://travel2egypt.org/family-beach-holidays-in-egypt/,0,157,0%,15.16
https://travel2egypt.org/13-day-nile-cruise-from-cairo-to-luxor/,0,156,0%,66.66
https://travel2egypt.org/middle-kingdom-pharaohs/#elementor-toc__heading-anchor-1,0,155,0%,5.01
https://travel2egypt.org/sinai-historical-sites/,0,152,0%,10.78
https://travel2egypt.org/middle-kingdom-pharaohs/#elementor-toc__heading-anchor-0,0,147,0%,4.74
https://travel2egypt.org/middle-kingdom-pharaohs/#elementor-toc__heading-anchor-9,0,147,0%,4.74
https://travel2egypt.org/middle-kingdom-pharaohs/#elementor-toc__heading-anchor-3,0,146,0%,5.03
https://travel2egypt.org/national-museum-of-egyptian/,0,145,0%,17.86
https://travel2egypt.org/tour-of-egypt/,0,145,0%,71.58
https://travel2egypt.org/es/7-cosas-inolvidables-que-hacer-en-aswan/,0,144,0%,12.52
https://travel2egypt.org/why-you-should-visit-egypt-in-april/,0,144,0%,18.71
https://travel2egypt.org/al-azhar-mosque/,0,144,0%,21.51
https://travel2egypt.org/hurghada-marina/,0,143,0%,15.61
https://travel2egypt.org/weather-in-aswan/,0,141,0%,8.9
https://travel2egypt.org/14-day-egypt-tour-package-from-canada-for-families/,0,141,0%,45.08
https://travel2egypt.org/es/dioses-egipcios-los-dioses-mas-significativos-de-la-mitologia-egipcia/,0,139,0%,62.02
https://travel2egypt.org/getting-around-sharm-el-sheikh/,0,137,0%,6.55
https://travel2egypt.org/the-ancient-city-of-pelusium/,0,137,0%,7.77
https://travel2egypt.org/must-visit-islamic-places-in-cairo/,0,136,0%,14.22
https://travel2egypt.org/must-see-tombs-in-the-valley-of-the-kings/,0,136,0%,31.11
https://travel2egypt.org/is-egypt-safe/,0,136,0%,47.68
https://travel2egypt.org/sound-light-show-at-karnak-temple-in-luxor/,0,133,0%,14.09
https://travel2egypt.org/es/en-el-interior-de-la-gran-piramide-de-guiza/,0,133,0%,45.95
https://travel2egypt.org/mosque-of-al-nasir-mohammed-ben-qalawoon/,0,132,0%,7.81
https://travel2egypt.org/felucca-rides-in-egypt/,0,132,0%,12.69
https://travel2egypt.org/best-ecolodges-in-fayoum/,0,129,0%,10.35
https://travel2egypt.org/weather-in-giza/,0,129,0%,10.95
https://travel2egypt.org/es/129-razones-para-visitar-el-templo-de-karnak/,0,129,0%,14.79
https://travel2egypt.org/getting-to-alexandria/,0,129,0%,16.67
https://travel2egypt.org/the-western-desert-in-egypt/,0,129,0%,26.5
https://travel2egypt.org/es/consejos-para-viajar-a-egipto/,0,129,0%,58.92
https://travel2egypt.org/the-pyramids-of-egypt/,0,126,0%,49.54
https://travel2egypt.org/safety-guide-for-travelers-to-egypt/#elementor-toc__heading-anchor-0,0,125,0%,7.92
https://travel2egypt.org/ja/ファラオからファラフェルへ：エジプトの食文化/,0,123,0%,8.93
https://travel2egypt.org/es/moneda-en-egipto/,0,123,0%,37
https://travel2egypt.org/weather-in-cairo/,0,121,0%,14.07
https://travel2egypt.org/egypt-travel-faqs/,0,121,0%,36.07
https://travel2egypt.org/sharm-el-sheikh-weather-guide/,0,120,0%,7.78
https://travel2egypt.org/al-arish-history/,0,120,0%,12.76
https://travel2egypt.org/es/horario-y-dias-festivos/,0,119,0%,6.13
https://travel2egypt.org/es/como-vestirse-al-visitar-egipto/,0,116,0%,10.95
https://travel2egypt.org/discover-siwa-oasis/,0,116,0%,26.3
https://travel2egypt.org/ticket-prices-for-attractions-in-luxor/,0,114,0%,10.53
https://travel2egypt.org/travel-agency-in-egypt/,0,114,0%,52.34
https://travel2egypt.org/moses-mountain/,0,113,0%,20.49
https://travel2egypt.org/es/gays-y-lesbianas/,0,112,0%,8.28
https://travel2egypt.org/health-and-safety/,0,111,0%,25.19
https://travel2egypt.org/blog/,0,111,0%,27.25
https://travel2egypt.org/cairo-travel-guide/,0,110,0%,69.31
https://travel2egypt.org/egypt-holidays-from-south-africa/,0,109,0%,30.89
https://travel2egypt.org/things-to-do-in-qena/,0,107,0%,10.96
https://travel2egypt.org/ismailia-arrival-guide/,0,107,0%,11.1
https://travel2egypt.org/about-egypt/,0,106,0%,67.1
https://travel2egypt.org/al-qasr-village/,0,105,0%,8.94
https://travel2egypt.org/weather-in-bahariya-oasis/,0,103,0%,6.28
https://travel2egypt.org/safety-guide-for-travelers-to-egypt/#elementor-toc__heading-anchor-2,0,103,0%,8.33
https://travel2egypt.org/travel-packages-from-the-usa-to-egypt/,0,103,0%,55.76
https://travel2egypt.org/how-to-avoid-scams-at-giza-pyramids/,0,102,0%,8.94
https://travel2egypt.org/ja/時の守護者：ギザの大スフィンクスを探索する/#elementor-toc__heading-anchor-21,0,101,0%,9.18
https://travel2egypt.org/restaurants-in-zamalek/#elementor-toc__heading-anchor-1,0,100,0%,5.71
https://travel2egypt.org/siwa-salt-lakes/#elementor-toc__heading-anchor-1,0,100,0%,8.76
https://travel2egypt.org/al-fayoum-travel-guide/,0,99,0%,31.18
https://travel2egypt.org/siwa-dining-experiences/,0,98,0%,5.63
https://travel2egypt.org/visiting-egypt-in-july/#elementor-toc__heading-anchor-2,0,97,0%,8.3
https://travel2egypt.org/siwa-salt-lakes/#elementor-toc__heading-anchor-2,0,97,0%,8.64
https://travel2egypt.org/sehel-island/,0,97,0%,10.85
https://travel2egypt.org/wadi-el-natrun-accommodation-guide/,0,97,0%,10.97
https://travel2egypt.org/14-day-egypt-tour-package-from-india-for-families/,0,97,0%,36.49
https://travel2egypt.org/marsa-alam-travel-guide/,0,97,0%,53.01
https://travel2egypt.org/a-visit-to-cairos-khan-el-khalili-bazaar/,0,96,0%,58.95
https://travel2egypt.org/luxor-travel-guide/the-mortuary-temple-of-queen-hatshepsut/,0,95,0%,74.87
https://travel2egypt.org/the-pyramid-of-khaba/,0,93,0%,8.81
https://travel2egypt.org/private-tour-valley-of-kings-temples-day-tour/,0,92,0%,28.29
https://travel2egypt.org/restaurants-in-zamalek/#elementor-toc__heading-anchor-7,0,90,0%,5.74
https://travel2egypt.org/ja/エジプトのアルコール/,0,89,0%,7.45
https://travel2egypt.org/es/como-moverse-por-egipto/,0,89,0%,7.8
https://travel2egypt.org/top-restaurants-in-luxor/,0,89,0%,9.51
https://travel2egypt.org/restaurants-in-zamalek/#elementor-toc__heading-anchor-0,0,88,0%,5.78
https://travel2egypt.org/monastery-of-saint-macarius-the-great/,0,88,0%,13.26
https://travel2egypt.org/things-to-do-in-al-minya/,0,88,0%,15.88
https://travel2egypt.org/temples-tombs-and-the-queens/,0,88,0%,34.23
https://travel2egypt.org/farafra-oasis-travel-guide/,0,87,0%,11.76
https://travel2egypt.org/restaurants-in-zamalek/#elementor-toc__heading-anchor-3,0,86,0%,5.92
https://travel2egypt.org/visiting-egypt-in-july/#elementor-toc__heading-anchor-9,0,86,0%,8.26
https://travel2egypt.org/pyramids-of-zawyet-el-aryan/,0,86,0%,11.98
https://travel2egypt.org/siwas-historical-landmarks/,0,86,0%,12.84
https://travel2egypt.org/history-of-dakhla-oasis/,0,85,0%,7.29
https://travel2egypt.org/ja/時の守護者：ギザの大スフィンクスを探索する/#elementor-toc__heading-anchor-0,0,85,0%,9.21
https://travel2egypt.org/es/faraones-del-reino-antiguo/,0,85,0%,11.42
https://travel2egypt.org/18-day-grand-egypt-holiday-package-from-australia/,0,85,0%,64.56
https://travel2egypt.org/es/la-antigua-ciudad-de-pelusium/,0,84,0%,10.42
https://travel2egypt.org/aswan-local-market/,0,83,0%,9.35
https://travel2egypt.org/the-temple-of-khnum-at-esna/,0,83,0%,10.51
https://travel2egypt.org/was-king-tut-buried-in-a-pyramid/#elementor-toc__heading-anchor-1,0,82,0%,6.35
https://travel2egypt.org/egypt-tours-from-spain/,0,82,0%,7.29
https://travel2egypt.org/time-in-egypt/,0,82,0%,10
https://travel2egypt.org/the-best-egypt-travel-itineraries/,0,82,0%,59.93
https://travel2egypt.org/ja/ギザの観光地チケット料金/,0,81,0%,8.68
https://travel2egypt.org/aswan-travel-guide/the-agha-khan-mausoleum/,0,81,0%,12.57
https://travel2egypt.org/quad-bike-tour-at-sunset-sharm-el-sheikh/,0,81,0%,14.28
https://travel2egypt.org/sinai-desert-safaris/,0,81,0%,31.8
https://travel2egypt.org/egypt-tours-from-usa/,0,81,0%,73.1
https://travel2egypt.org/ja/時の守護者：ギザの大スフィンクスを探索する/#elementor-toc__heading-anchor-3,0,80,0%,9.69
https://travel2egypt.org/es/la-maldicion-de-la-tumba-del-rey-tut/,0,79,0%,9.3
https://travel2egypt.org/history-of-hurghada/,0,79,0%,13.43
https://travel2egypt.org/getting-to-wadi-el-natrun/,0,79,0%,13.51
https://travel2egypt.org/transportation-in-egypt/,0,79,0%,19.2
https://travel2egypt.org/egypt-and-the-nile-tour/,0,79,0%,65.33
https://travel2egypt.org/es/cairo-largest-market-ataba/,0,78,0%,9.05
https://travel2egypt.org/history-of-akhmim/,0,78,0%,9.1
https://travel2egypt.org/sharm-el-sheikh-travel-guide/,0,78,0%,71.69
https://travel2egypt.org/antique-market-in-cairo-the-diana-market/#elementor-toc__heading-anchor-1,0,77,0%,3.83
https://travel2egypt.org/antique-market-in-cairo-the-diana-market/#elementor-toc__heading-anchor-0,0,77,0%,3.86
https://travel2egypt.org/ja/時の守護者：ギザの大スフィンクスを探索する/#elementor-toc__heading-anchor-2,0,77,0%,9.29
https://travel2egypt.org/group-tours-vs-private-tours/,0,77,0%,13.1
https://travel2egypt.org/discover-el-gouna-history/,0,77,0%,70.19
https://travel2egypt.org/siwa-salt-lakes/#elementor-toc__heading-anchor-3,0,76,0%,8.43
https://travel2egypt.org/siwa-salt-lakes/#elementor-toc__heading-anchor-4,0,76,0%,8.43
https://travel2egypt.org/ja/時の守護者：ギザの大スフィンクスを探索する/#elementor-toc__heading-anchor-8,0,76,0%,8.75
https://travel2egypt.org/giza-travel-guide/pyramids-of-zawyet-el-aryan/,0,76,0%,11.64
https://travel2egypt.org/antique-market-in-cairo-the-diana-market/#elementor-toc__heading-anchor-2,0,75,0%,3.81
https://travel2egypt.org/5-day-lake-nasser-cruise-from-aswan/,0,75,0%,25.95
https://travel2egypt.org/tag/tours/,0,75,0%,70.71
https://travel2egypt.org/restaurants-in-zamalek/#elementor-toc__heading-anchor-5,0,74,0%,6.04
https://travel2egypt.org/was-king-tut-buried-in-a-pyramid/#elementor-toc__heading-anchor-6,0,73,0%,5.85
https://travel2egypt.org/giza-travel-guide/weather-diary/,0,73,0%,21.55
https://travel2egypt.org/saint-catherine-travel-guide/,0,73,0%,23.55
https://travel2egypt.org/was-king-tut-buried-in-a-pyramid/#elementor-toc__heading-anchor-3,0,72,0%,5.86
https://travel2egypt.org/ja/メンカウラー王のピラミッド/,0,72,0%,8.97
https://travel2egypt.org/abu-rawash-pyramid-of-djedefre/,0,72,0%,10
https://travel2egypt.org/siwa-salt-lakes/#elementor-toc__heading-anchor-5,0,71,0%,8.72
https://travel2egypt.org/siwa-weather-guide/,0,71,0%,8.85
https://travel2egypt.org/es/la-piramide-negra/,0,71,0%,9.01
https://travel2egypt.org/sufi-dance-tanoura-show-in-the-wikala-of-el-ghoury/,0,71,0%,9.39
https://travel2egypt.org/ja/ツタンカーメン王の墓の呪い/#elementor-toc__heading-anchor-0,0,71,0%,9.83
https://travel2egypt.org/es/sim-para-viajar-a-egipto/,0,71,0%,13.93
https://travel2egypt.org/aswan-felucca-adventure/,0,70,0%,7.99
https://travel2egypt.org/visiting-egypt-in-july/#elementor-toc__heading-anchor-3,0,70,0%,8.39
https://travel2egypt.org/sharia-al-muizz-li-din-allah/,0,70,0%,8.43
https://travel2egypt.org/the-philae-temple/,0,70,0%,50.14
https://travel2egypt.org/antique-market-in-cairo-the-diana-market/#elementor-toc__heading-anchor-5,0,69,0%,3.93
https://travel2egypt.org/visiting-egypt-in-july/#elementor-toc__heading-anchor-1,0,69,0%,8.33
https://travel2egypt.org/gourmet-dining-in-egypt/,0,69,0%,19.7
https://travel2egypt.org/marsa-matruh-travel-guide/,0,69,0%,28.72
https://travel2egypt.org/antique-market-in-cairo-the-diana-market/#elementor-toc__heading-anchor-3,0,68,0%,3.94
https://travel2egypt.org/visiting-egypt-in-july/#elementor-toc__heading-anchor-0,0,68,0%,8.28
https://travel2egypt.org/es/tours-a-egipto-desde-espana/,0,68,0%,73.96
https://travel2egypt.org/ticket-prices-for-attractions-in-giza/,0,67,0%,18.24
https://travel2egypt.org/es/lo-mejor-que-hacer-en-luxor/,0,67,0%,27.73
https://travel2egypt.org/antique-market-in-cairo-the-diana-market/#elementor-toc__heading-anchor-4,0,66,0%,3.85
https://travel2egypt.org/was-king-tut-buried-in-a-pyramid/#elementor-toc__heading-anchor-0,0,66,0%,6.61
https://travel2egypt.org/visiting-egypt-in-july/#elementor-toc__heading-anchor-4,0,66,0%,8.23
https://travel2egypt.org/uncovering-sohag-heritage/,0,66,0%,9.12
https://travel2egypt.org/ancient-egyptian-kings/#elementor-toc__heading-anchor-16,0,66,0%,10.8
https://travel2egypt.org/day-tour-to-karnak-luxor-temples-luxor-museum/,0,66,0%,60.06
https://travel2egypt.org/saint-catherine-travel-guide/saint-catherines-monastery-and-mount-sinai/,0,66,0%,77.8
https://travel2egypt.org/was-king-tut-buried-in-a-pyramid/#elementor-toc__heading-anchor-5,0,65,0%,6.63
https://travel2egypt.org/restaurants-in-zamalek/#elementor-toc__heading-anchor-4,0,64,0%,6.14
https://travel2egypt.org/alexandria-weather/,0,64,0%,9.56
https://travel2egypt.org/saqqara-sakkara/,0,64,0%,39.44
https://travel2egypt.org/es/gran-museo-egipcio/,0,64,0%,50.22
https://travel2egypt.org/hollywood-vs-history-egypt-in-the-movies/,0,63,0%,8.24
https://travel2egypt.org/es/lugares-que-visitar-en-el-cairo-de-noche/,0,63,0%,9.02
https://travel2egypt.org/things-to-do-in-beni-suef/,0,63,0%,12.08
https://travel2egypt.org/ja/ツタンカーメン王の墓の呪い/#elementor-toc__heading-anchor-14,0,62,0%,10.08
https://travel2egypt.org/es/lugares-sagrados-de-egipto/,0,62,0%,13.94
https://travel2egypt.org/es/arenas-de-la-historia-descubrimiento-del-grupo-de-templos-de-dendera-y-abydos-desde-hurghada/,0,62,0%,84.87
https://travel2egypt.org/visiting-egypt-in-july/#elementor-toc__heading-anchor-10,0,61,0%,8.25
https://travel2egypt.org/ja/ファラオからファラフェルへ：エジプトの食文化/#elementor-toc__heading-anchor-0,0,61,0%,8.43
https://travel2egypt.org/siwa-salt-lakes/#elementor-toc__heading-anchor-6,0,61,0%,8.7
https://travel2egypt.org/places-to-visit-in-ras-sudr/,0,61,0%,9.51
https://travel2egypt.org/sharm-el-sheikh-travel-guide/nabq-national-park/,0,61,0%,12.15
https://travel2egypt.org/es/lugares-historicos-del-sinai/,0,61,0%,19.46
https://travel2egypt.org/story-of-taba/,0,61,0%,23.97
https://travel2egypt.org/grand-nile-tower-hotel-cairo/,0,61,0%,31.46
https://travel2egypt.org/egypt-luxury-beach-resorts/,0,61,0%,36.7
https://travel2egypt.org/saint-catherine-mountain/,0,61,0%,39.31
https://travel2egypt.org/port-said-travel-guide/,0,61,0%,54.16
https://travel2egypt.org/es/hospitales-locales-en-egipto-costos-y-atencion-medica/,0,60,0%,7.27
https://travel2egypt.org/ja/営業時間と祝日/,0,60,0%,7.93
https://travel2egypt.org/ja/神殿・墓・女王たち/,0,60,0%,10.13
https://travel2egypt.org/tipping-in-egypt/,0,60,0%,14.47
https://travel2egypt.org/the-definitive-guide-to-egypt-nile-cruise/,0,60,0%,42.67
https://travel2egypt.org/cairo-private-day-tours/,0,60,0%,53.72
https://travel2egypt.org/how-to-choose-the-right-egyptian-airport-for-your-private-flight/,0,59,0%,7.85
https://travel2egypt.org/ja/時の守護者：ギザの大スフィンクスを探索する/#elementor-toc__heading-anchor-7,0,59,0%,9.56
https://travel2egypt.org/desert-rides-hurghada-quad-bike-adventure/,0,59,0%,13.97
https://travel2egypt.org/es/entradas-a-las-atracciones/,0,58,0%,7.26
https://travel2egypt.org/ja/ファラオからファラフェルへ：エジプトの食文化/#elementor-toc__heading-anchor-4,0,58,0%,8.43
https://travel2egypt.org/history-of-al-faiyum/,0,58,0%,20.97
https://travel2egypt.org/sacred-places-in-egypt-temples-mosques-and-religious-sites-to-explore/#elementor-toc__heading-anchor-0,0,57,0%,6.37
https://travel2egypt.org/nuweiba-tarabeen/,0,57,0%,6.58
https://travel2egypt.org/es/maneras-de-llegar-a-sharm-el-sheikh/,0,57,0%,8.91
https://travel2egypt.org/ja/カイロの必見イスラム教の名所/,0,57,0%,9.11
https://travel2egypt.org/royal-seascope-submarine-hurghada/,0,57,0%,14.16
https://travel2egypt.org/islamic-cairo-and-its-religious-significance/,0,57,0%,40.21
https://travel2egypt.org/best-of-egypt/,0,57,0%,64.02
https://travel2egypt.org/was-king-tut-buried-in-a-pyramid/#elementor-toc__heading-anchor-2,0,56,0%,6.02
https://travel2egypt.org/was-king-tut-buried-in-a-pyramid/#elementor-toc__heading-anchor-4,0,56,0%,6.02
https://travel2egypt.org/ismailia-weather-guide/,0,56,0%,6.84
https://travel2egypt.org/naama-bay/,0,56,0%,37.75
https://travel2egypt.org/sphinxes-and-obelisks/,0,55,0%,12.31
https://travel2egypt.org/ismailia-travel-guide/,0,55,0%,14.05
https://travel2egypt.org/es/safaris-por-el-desierto-del-sinai-desvelando-los-misterios-de-la-frontera-salvaje-de-egipto/,0,55,0%,15.4
https://travel2egypt.org/discover-beni-suef-history/,0,55,0%,15.51
https://travel2egypt.org/food-in-safaga/,0,54,0%,10.28
https://travel2egypt.org/es/saqqara-sakkara/,0,54,0%,17.56
https://travel2egypt.org/es/los-mejores-itinerarios-de-viaje-por-egipto/,0,54,0%,32.02
https://travel2egypt.org/es/excursion-privada-menfis-y-saqqara/,0,53,0%,12.06
https://travel2egypt.org/best-time-to-cruise-the-nile-2/,0,53,0%,16.62
https://travel2egypt.org/egypt-tours-from-india/,0,53,0%,27.51
https://travel2egypt.org/places-to-visit-in-aswan/,0,53,0%,41.81
https://travel2egypt.org/eternal-egypt-tour/,0,53,0%,77.11
https://travel2egypt.org/nile-cruise-hurghada-14-nights/,0,53,0%,85.47
https://travel2egypt.org/ancient-egyptian-kings/#elementor-toc__heading-anchor-15,0,52,0%,10.94
https://travel2egypt.org/ja/エジプトの通貨/,0,52,0%,12.9
https://travel2egypt.org/luxor-climate/,0,52,0%,26.87
https://travel2egypt.org/lake-nasser-cruise/,0,52,0%,50.27
https://travel2egypt.org/egypt-travel-guide/,0,52,0%,51.31
https://travel2egypt.org/es/tours-a-egipto-desde-ee-uu/,0,52,0%,52.46
https://travel2egypt.org/weather-in-cairo,0,52,0%,62.1
https://travel2egypt.org/es/descubre-los-lagos-salados-de-siwa-bienestar-y-aventura-en-egipto/,0,51,0%,4.9
https://travel2egypt.org/abusir-pyramid-of-neferirkare/,0,51,0%,8.75
https://travel2egypt.org/ways-to-get-to-suez/,0,51,0%,9.27
https://travel2egypt.org/giftun-island-snorkeling-day-trip-from-hurghada/,0,51,0%,9.65
https://travel2egypt.org/14-night-nile-cruise-and-hurghada-stay/,0,51,0%,9.94
https://travel2egypt.org/how-to-go-to-marsa-matruh/,0,51,0%,11.04
https://travel2egypt.org/ja/エジプトの天候ガイド/,0,51,0%,11.65
https://travel2egypt.org/exploring-egypt-in-september/,0,51,0%,13.25
https://travel2egypt.org/the-giza-plateau/,0,51,0%,38.88
https://travel2egypt.org/es/acerca-de-egipto/,0,51,0%,53.86
https://travel2egypt.org/category/nile-cruise/,0,51,0%,73.69
https://travel2egypt.org/es/para-navegar-por-el-nilo/,0,50,0%,6.44
https://travel2egypt.org/the-white-pyramid/,0,50,0%,9.72
https://travel2egypt.org/ja/クフ王のピラミッド/,0,50,0%,20.34
https://travel2egypt.org/siwa-hotel-guide/,0,50,0%,28.84
https://travel2egypt.org/cairo-day-tour-from-alexandria/,0,50,0%,35.78
https://travel2egypt.org/sacred-places-in-egypt-temples-mosques-and-religious-sites-to-explore/#elementor-toc__heading-anchor-3,0,49,0%,6.27
https://travel2egypt.org/nubian-lodges-in-aswan-abu-simbel/,0,49,0%,12.9
https://travel2egypt.org/es/conoce-a-los-constructores-de-las-piramides-un-viaje-del-viajero-por-el-antiguo-egipto/,0,49,0%,19.27
https://travel2egypt.org/es/bazar-khan-el-khalili/,0,49,0%,27.35
https://travel2egypt.org/giza-pyramids-the-citadel-cairo-bazaar-day-tour/,0,49,0%,30.29
https://travel2egypt.org/pyramid-of-meidum/,0,49,0%,35.24
https://travel2egypt.org/es/montana-de-moises/,0,48,0%,9.1
https://travel2egypt.org/naama-bay-sharm-el-sheikh-guide/,0,48,0%,10.1
https://travel2egypt.org/aswan-travel-guide/weather-navigating/,0,48,0%,11.54
https://travel2egypt.org/es/piramide-de-meidum/,0,48,0%,19.19
https://travel2egypt.org/egypt-best-hotels-and-nile-cruises/,0,48,0%,38.65
https://travel2egypt.org/ja/ナイル川にワニはいますか？/#elementor-toc__heading-anchor-0,0,47,0%,5.04
https://travel2egypt.org/ja/ナイル川にワニはいますか？/#elementor-toc__heading-anchor-3,0,47,0%,5.04
https://travel2egypt.org/es/fue-enterrado-el-rey-tut-en-una-piramide/,0,47,0%,5.51
https://travel2egypt.org/es/precios-de-las-entradas-a-las-atracciones-de-guiza/,0,47,0%,7.45
https://travel2egypt.org/ja/カルナック神殿を訪れる129の理由/,0,47,0%,8
https://travel2egypt.org/budget-hotels-near-the-pyramids/,0,47,0%,10.45
https://travel2egypt.org/es/guia-de-viaje-de-suez/,0,47,0%,11.81
https://travel2egypt.org/history-of-bahariya-oasis/,0,47,0%,13.53
https://travel2egypt.org/es/el-clima-en-hurghada/,0,47,0%,15.38
https://travel2egypt.org/exploring-coptic-cairo/,0,47,0%,20.7
https://travel2egypt.org/ja/ナイル川にワニはいますか？/#elementor-toc__heading-anchor-2,0,46,0%,5.11
https://travel2egypt.org/egypt-transportation-tips/#elementor-toc__heading-anchor-3,0,46,0%,9.15
https://travel2egypt.org/ja/時の守護者：ギザの大スフィンクスを探索する/#elementor-toc__heading-anchor-4,0,46,0%,9.83
https://travel2egypt.org/day-tour-to-esna-edfu-kom-ombo-from-luxor/,0,46,0%,16.3
https://travel2egypt.org/why-january-is-the-perfect-month-to-visit-egypt/,0,46,0%,16.59
https://travel2egypt.org/marsa-alam-travel-guide/abu-dabbab-beach/,0,46,0%,35.74
https://travel2egypt.org/history-of-safaga/,0,46,0%,50.5
https://travel2egypt.org/abu-simbel-historical-overview/,0,46,0%,62.26
https://travel2egypt.org/sacred-places-in-egypt-temples-mosques-and-religious-sites-to-explore/#elementor-toc__heading-anchor-19,0,45,0%,6.42
https://travel2egypt.org/ancient-egyptian-kings/#elementor-toc__heading-anchor-19,0,45,0%,11.16
https://travel2egypt.org/the-small-temple-of-abu-simbel/,0,45,0%,13.84
https://travel2egypt.org/ja/ツタンカーメン王の墓の呪い/#elementor-toc__heading-anchor-7,0,44,0%,9.43
https://travel2egypt.org/al-wadi-al-gadid-travel-guide/,0,44,0%,11.02
https://travel2egypt.org/ancient-egyptian-kings/#elementor-toc__heading-anchor-2,0,44,0%,11.5
https://travel2egypt.org/es/aeropuertos-en-egipto/,0,44,0%,11.59
https://travel2egypt.org/saladin-citadel-khan-el-khalili-bazaar-cairo/,0,44,0%,11.8
https://travel2egypt.org/dakhla-oasis-travel-guide/,0,44,0%,12.98
https://travel2egypt.org/es/mejor-epoca-para-visitar-egipto/,0,44,0%,59.59
https://travel2egypt.org/cleopatra-pool/,0,43,0%,8.19
https://travel2egypt.org/ja/ファラオからファラフェルへ：エジプトの食文化/#elementor-toc__heading-anchor-3,0,43,0%,8.21
https://travel2egypt.org/marriott-mena-house-stay-of-distinction/,0,43,0%,9.51
https://travel2egypt.org/qena-historical-overview/,0,43,0%,10.26
https://travel2egypt.org/es/egipto-los-mejores-hoteles-y-cruceros-por-el-nilo/,0,43,0%,10.93
https://travel2egypt.org/es/el-tiempo-en-egipto/,0,43,0%,13.09
https://travel2egypt.org/es/faraones-del-reino-medio-logros-y-legado/,0,43,0%,24.02
https://travel2egypt.org/es/hoteles-historicos-en-egipto-donde-la-historia-se-encuentra-con-el-lujo/,0,42,0%,7.81
https://travel2egypt.org/adventure-activities-in-siwa-oasis/,0,42,0%,8.57
https://travel2egypt.org/es/fiestas-del-sol/,0,42,0%,9.76
https://travel2egypt.org/upcoming-events-in-abu-simbel/,0,42,0%,19
https://travel2egypt.org/es/visita-privada-a-las-iconicas-piramides-de-guiza-y-la-esfinge/,0,42,0%,19.45
https://travel2egypt.org/3-day-siwa-journey-from-alexandria/,0,42,0%,22.07
https://travel2egypt.org/es/historia-de-alejandria/,0,42,0%,50.81
https://travel2egypt.org/es/guiza-y-su-clima/,0,41,0%,8.51
https://travel2egypt.org/how-to-go-in-al-wadi-al-gadid/,0,41,0%,9.66
https://travel2egypt.org/ancient-egyptian-kings/#elementor-toc__heading-anchor-11,0,41,0%,11.54
https://travel2egypt.org/things-to-do-in-marsa-matruh/,0,41,0%,15.54
https://travel2egypt.org/explore-egypt-in-november/,0,41,0%,40.88
https://travel2egypt.org/es/antecedentes-historicos-de-suez/,0,41,0%,40.9
https://travel2egypt.org/cairo-and-egypt-desert-safari/,0,41,0%,42.12
https://travel2egypt.org/the-port-of-myos-hormos/,0,40,0%,7.95
https://travel2egypt.org/es/transporte-en-egipto/,0,40,0%,10.3
https://travel2egypt.org/ancient-egyptian-kings/#elementor-toc__heading-anchor-3,0,40,0%,11.15
https://travel2egypt.org/egypt-all-inclusive-holidays/,0,40,0%,30.73
https://travel2egypt.org/2-weeks-egypt-tour-itinerary/,0,40,0%,42.45
https://travel2egypt.org/the-great-sphinx/,0,40,0%,66.38
https://travel2egypt.org/wikala-of-al-ghouri/,0,39,0%,6.54
https://travel2egypt.org/safety-guide-for-travelers-to-egypt/#elementor-toc__heading-anchor-8,0,39,0%,6.77
https://travel2egypt.org/ja/古代エジプトの王たち：エジプトのファラオたち/#elementor-toc__heading-anchor-0,0,39,0%,7.9
https://travel2egypt.org/getting-around-in-aswan/,0,39,0%,8.54
https://travel2egypt.org/al-gouna-travel-guide/zeytouna-beach/,0,39,0%,13.9
https://travel2egypt.org/the-speos-of-horemheb/,0,39,0%,14.03
https://travel2egypt.org/where-to-stay-in-fayoum/,0,39,0%,14.77
https://travel2egypt.org/es/explorando-la-gran-esfinge-de-guiza/,0,39,0%,16.97
https://travel2egypt.org/church-of-st-sergius-bacchus/,0,39,0%,23.38
https://travel2egypt.org/siwa-oasis-a-timeless-epic-adventure/,0,39,0%,34.23
https://travel2egypt.org/es/vacaciones-en-egipto/,0,39,0%,68.28
https://travel2egypt.org/es/como-evitar-estafas-en-las-piramides-de-giza/,0,38,0%,5.37
https://travel2egypt.org/es/souq-bab-el-louk-el-mercado-fresco-de-el-cairo/,0,38,0%,5.61
https://travel2egypt.org/ismailia-flavors/,0,38,0%,6.95
https://travel2egypt.org/getting-around-in-al-gouna/,0,38,0%,7.97
https://travel2egypt.org/ja/ツタンカーメン王の墓の呪い/#elementor-toc__heading-anchor-3,0,38,0%,9.82
https://travel2egypt.org/story-of-suez/,0,38,0%,48.61
https://travel2egypt.org/es/crucero-por-el-nilo-en-egipto/,0,38,0%,53.82
https://travel2egypt.org/top-things-to-do-in-luxor-egypt/,0,38,0%,61.05
https://travel2egypt.org/ja/古代エジプトの王たち：エジプトのファラオたち/#elementor-toc__heading-anchor-2,0,37,0%,7.78
https://travel2egypt.org/the-mastaba-of-ptahshepses-at-abusir/,0,37,0%,8.78
https://travel2egypt.org/where-to-stay-in-al-fayoum/,0,37,0%,9.27
https://travel2egypt.org/historical-hotels-in-egypt/,0,37,0%,11.32
https://travel2egypt.org/cleopatra-luxury-resort-sharm-el-sheikh/,0,37,0%,12.35
https://travel2egypt.org/weather-in-al-quseir/,0,37,0%,12.38
https://travel2egypt.org/gebel-el-silsila/,0,37,0%,23.08
https://travel2egypt.org/tal-el-amarna/,0,37,0%,35.35
https://travel2egypt.org/ja/ナイル川にワニはいますか？/#elementor-toc__heading-anchor-1,0,36,0%,4.92
https://travel2egypt.org/tombs-of-the-nobles-in-aswan/,0,36,0%,7.11
https://travel2egypt.org/es/los-coptos-de-egipto-guardianes-de-una-antigua-fe/#elementor-toc__heading-anchor-12,0,36,0%,7.42
https://travel2egypt.org/ja/古代エジプトの王たち：エジプトのファラオたち/#elementor-toc__heading-anchor-11,0,36,0%,7.69
https://travel2egypt.org/where-to-stay-in-bahariya-oasis/,0,36,0%,8.19
https://travel2egypt.org/ja/ファラオからファラフェルへ：エジプトの食文化/#elementor-toc__heading-anchor-1,0,36,0%,8.58
https://travel2egypt.org/ja/永遠のこだま：古王国のファラオたちの-monumental（壮大/,0,36,0%,9.42
https://travel2egypt.org/bawiti/,0,36,0%,9.44
https://travel2egypt.org/ancient-egyptian-kings/#elementor-toc__heading-anchor-18,0,36,0%,11.47
https://travel2egypt.org/aswan-private-car-and-guide/,0,36,0%,12.39
https://travel2egypt.org/adrere-amellal-desert-ecolodge/,0,36,0%,14.92
https://travel2egypt.org/luxury-resorts-in-egypt/,0,36,0%,20.58
https://travel2egypt.org/dahab-travel-guide/bohemian-paradise/,0,36,0%,35.61
https://travel2egypt.org/es/los-mejores-lugares-que-visitar-en-egipto/,0,36,0%,51.64
https://travel2egypt.org/the-small-temple-of-abu-simble/,0,36,0%,57.97
https://travel2egypt.org/ja/ナイル川にワニはいますか？/#elementor-toc__heading-anchor-4,0,35,0%,5
https://travel2egypt.org/port-said-getting-around-guide/,0,35,0%,5.89
https://travel2egypt.org/fatnas-island/,0,35,0%,7.4
https://travel2egypt.org/middle-kingdom-pharaohs/#elementor-toc__heading-anchor-5,0,35,0%,7.43
https://travel2egypt.org/how-to-reach-aswan/,0,35,0%,8.43
https://travel2egypt.org/abu-simbel-car-day-tour-from-aswan/,0,35,0%,9.54
https://travel2egypt.org/private-tour-transfer-from-luxor-to-hurghada-by-car/,0,35,0%,9.86
https://travel2egypt.org/best-family-resorts-in-egypt/#elementor-toc__heading-anchor-0,0,35,0%,10.17
https://travel2egypt.org/hot-air-balloons-ride-in-luxor-egypt/,0,35,0%,21.2
https://travel2egypt.org/full-day-trip-to-cairo-by-plane-from-sharm-el-sheikh/,0,35,0%,22.26
https://travel2egypt.org/helnan-palestine-hotel-alexandria/,0,35,0%,28.06
https://travel2egypt.org/es/viajar-a-egipto-en-agosto/,0,35,0%,29.91
https://travel2egypt.org/ja/ギザの大ピラミッド内部/,0,35,0%,31.51
https://travel2egypt.org/4-day-cairo-travel-package-from-usa/,0,35,0%,61.14
https://travel2egypt.org/edfu-temple/,0,35,0%,64.86
https://travel2egypt.org/egypt-in-may/#elementor-toc__heading-anchor-2,0,34,0%,6.09
https://travel2egypt.org/transport-to-qena/,0,34,0%,7.12
https://travel2egypt.org/es/los-coptos-de-egipto-guardianes-de-una-antigua-fe/#elementor-toc__heading-anchor-7,0,34,0%,7.32
https://travel2egypt.org/ja/サッカラ（サッカラ遺跡）/,0,34,0%,7.44
https://travel2egypt.org/es/los-coptos-de-egipto-guardianes-de-una-antigua-fe/#elementor-toc__heading-anchor-19,0,34,0%,7.76
https://travel2egypt.org/ja/古代エジプトの王たち：エジプトのファラオたち/#elementor-toc__heading-anchor-5,0,34,0%,7.94
https://travel2egypt.org/ja/古代エジプトの王たち：エジプトのファラオたち/#elementor-toc__heading-anchor-3,0,34,0%,8.06
https://travel2egypt.org/khanqah-mausoleum-of-sultan-baybars-al-gashankir/,0,34,0%,9.79
https://travel2egypt.org/ancient-egyptian-kings/#elementor-toc__heading-anchor-0,0,34,0%,10.03
https://travel2egypt.org/best-family-resorts-in-egypt/#elementor-toc__heading-anchor-5,0,34,0%,10.26
https://travel2egypt.org/es/marriott-hotel-omar-khayyam-casino/,0,34,0%,10.76
https://travel2egypt.org/planning-your-trip-to-port-said/,0,34,0%,14.12
https://travel2egypt.org/es/hitos-historicos-de-siwa/,0,34,0%,15.76
https://travel2egypt.org/things-to-do-in-kharga-oasis/,0,34,0%,23.35
https://travel2egypt.org/es/el-mejor-itinerario-de-12-dias-por-egipto/,0,34,0%,37.85
https://travel2egypt.org/the-bent-pyramid/,0,34,0%,60.12
https://travel2egypt.org/the-nile-goddess-cruise/,0,34,0%,75.91
https://travel2egypt.org/ja/コム・オンボのお祭り/,0,33,0%,5.55
https://travel2egypt.org/myths-and-facts-about/#elementor-toc__heading-anchor-7,0,33,0%,9.67
https://travel2egypt.org/marsa-alam-arrival-guide/,0,33,0%,9.73
https://travel2egypt.org/best-family-resorts-in-egypt/#elementor-toc__heading-anchor-1,0,33,0%,10.33
https://travel2egypt.org/weather-in-safaga/,0,33,0%,15.61
https://travel2egypt.org/group-day-tour-of-the-pyramids-and-sphinx/,0,33,0%,19.48
https://travel2egypt.org/sinai-adventure/,0,33,0%,22.7
https://travel2egypt.org/hurghada-travel-guide/hurghada-marina/,0,33,0%,26.36
https://travel2egypt.org/the-great-sand-sea/,0,33,0%,31.88
https://travel2egypt.org/discover-egypt-charm-in-february/,0,33,0%,40
https://travel2egypt.org/explore-egypt-with-a-felucca/,0,33,0%,47.03
https://travel2egypt.org/the-unfinished-obelisk/,0,33,0%,58.39
https://travel2egypt.org/es/guardianes-del-tiempo-explorando-la-gran-esfinge-de-guiza/,0,33,0%,67.18
https://travel2egypt.org/ja/エジプトでの電話利用について/,0,32,0%,5.75
https://travel2egypt.org/how-to-dress-when-visiting-egypt/#elementor-toc__heading-anchor-0,0,32,0%,6.94
https://travel2egypt.org/travel-to-ras-sudr/,0,32,0%,7.75
https://travel2egypt.org/egypt-transportation-tips/#elementor-toc__heading-anchor-7,0,32,0%,8.56
https://travel2egypt.org/saint-catherine-travel-guide/pilgrims-travel-guide/,0,32,0%,10.59
https://travel2egypt.org/es/la-necropolis-de-saqqara/,0,32,0%,12.25
https://travel2egypt.org/inside-the-great-pyramid-of-giza/,0,32,0%,22.78
https://travel2egypt.org/es/agencia-de-viajes-en-egipto/,0,32,0%,36.47
https://travel2egypt.org/madrassa-mausoleum-of-qalawun/,0,31,0%,5.74
https://travel2egypt.org/ja/古代エジプトの王たち：エジプトのファラオたち/#elementor-toc__heading-anchor-12,0,31,0%,7.84
https://travel2egypt.org/suez-temperature-trends/,0,31,0%,7.97
https://travel2egypt.org/ja/時の守護者：ギザの大スフィンクスを探索する/#elementor-toc__heading-anchor-25,0,31,0%,8.77
https://travel2egypt.org/things-to-do-in-bahariya-oasis/,0,31,0%,9.71
https://travel2egypt.org/reaching-siwa-egypt/,0,31,0%,10.1
https://travel2egypt.org/hurghada-travel-weather/,0,31,0%,11
https://travel2egypt.org/upcoming-events-in-sharm-el-sheikh/,0,31,0%,11.9
https://travel2egypt.org/es/vive-la-magia-de-egipto-en-mayo/,0,31,0%,14.19
https://travel2egypt.org/4-day-ultimate-lake-nasser-experience/,0,31,0%,14.29
https://travel2egypt.org/tips-for-families/,0,31,0%,15.16
https://travel2egypt.org/tawila-island/,0,31,0%,24.48
https://travel2egypt.org/nuweiba-travel-guide/,0,31,0%,25.1
https://travel2egypt.org/es/historicos-de-egipto/,0,31,0%,28.16
https://travel2egypt.org/pyramid-of-menkaure/,0,31,0%,43.94
https://travel2egypt.org/the-colossi-of-memnon/,0,31,0%,46.87
https://travel2egypt.org/aswan-travel-guide/history-echoes/,0,31,0%,68.77
https://travel2egypt.org/ja/カイロ国立エジプト文明博物館の究極ガイド/#elementor-toc__heading-anchor-0,0,30,0%,3.47
https://travel2egypt.org/how-to-go-to-al-arish/,0,30,0%,6.2
https://travel2egypt.org/sacred-places-in-egypt-temples-mosques-and-religious-sites-to-explore/#elementor-toc__heading-anchor-12,0,30,0%,7.1
https://travel2egypt.org/safety-guide-for-travelers-to-egypt/#elementor-toc__heading-anchor-7,0,30,0%,7.6
https://travel2egypt.org/ja/古代エジプトの王たち：エジプトのファラオたち/#elementor-toc__heading-anchor-7,0,30,0%,7.73
https://travel2egypt.org/es/explora-egipto-en-noviembre/,0,30,0%,33.67
https://travel2egypt.org/ja/カイトベイの要塞/,0,29,0%,4.76
https://travel2egypt.org/m-s-nubian-sea/,0,29,0%,7.17
https://travel2egypt.org/mosque-of-al-muayyad-shaykh/,0,29,0%,8.55
https://travel2egypt.org/myths-and-facts-about/#elementor-toc__heading-anchor-2,0,29,0%,9.34
https://travel2egypt.org/ja/ツタンカーメン王の墓の呪い/#elementor-toc__heading-anchor-8,0,29,0%,10.79
https://travel2egypt.org/es/resumen-historico-de-asyut/,0,29,0%,13.24
https://travel2egypt.org/1-day-giza-pyramids-itinerary/,0,29,0%,13.41
https://travel2egypt.org/nour-el-nil-assouan-dahabiya/,0,29,0%,29.07
https://travel2egypt.org/es/escapadas-en-octubre-descubrir-egipto-en-otono/,0,29,0%,32.69
https://travel2egypt.org/es/itinerario-definitivo-de-8-dias-por-egipto-un-viaje-en-el-tiempo/,0,29,0%,33.28
https://travel2egypt.org/8-day-sharm-el-sheikh-holiday-package-from-australia/,0,29,0%,43.48
https://travel2egypt.org/ja/カイロ国立エジプト文明博物館の究極ガイド/#elementor-toc__heading-anchor-3,0,28,0%,3.5
https://travel2egypt.org/egypt-in-may/#elementor-toc__heading-anchor-4,0,28,0%,5.89
https://travel2egypt.org/sacred-places-in-egypt-temples-mosques-and-religious-sites-to-explore/#elementor-toc__heading-anchor-17,0,28,0%,6.64
https://travel2egypt.org/how-to-dress-when-visiting-egypt/#elementor-toc__heading-anchor-4,0,28,0%,7.32
https://travel2egypt.org/weather-in-saint-catherine/,0,28,0%,7.64
https://travel2egypt.org/nuweiba-weather-guide/,0,28,0%,7.96
https://travel2egypt.org/types-of-dahabiya-boats/,0,28,0%,9.68
https://travel2egypt.org/egypt-transportation-tips/#elementor-toc__heading-anchor-4,0,28,0%,9.89
https://travel2egypt.org/es/piramide-de-abu-rawash-de-djedefre/,0,28,0%,11.96
https://travel2egypt.org/hidden-gems-of-egypt/,0,28,0%,18.54
https://travel2egypt.org/aswan-travel-guide/,0,28,0%,19.11
https://travel2egypt.org/es/el-desierto-occidental-en-egipto/,0,28,0%,29.29
https://travel2egypt.org/es/alimentacion-en-egipto/,0,28,0%,33.61
https://travel2egypt.org/es/programas-de-viaje-por-egipto/,0,28,0%,44.82
https://travel2egypt.org/es/majestad-de-los-templos-excursion-privada-a-los-templos-de-karnak-y-luxor/,0,28,0%,66.61
https://travel2egypt.org/egypt-in-may/#elementor-toc__heading-anchor-5,0,27,0%,5.7
https://travel2egypt.org/egypt-in-may/#elementor-toc__heading-anchor-6,0,27,0%,5.93
https://travel2egypt.org/es/por-que-enero-es-el-mes-perfecto-para-visitar-egipto/#elementor-toc__heading-anchor-2,0,27,0%,5.93
https://travel2egypt.org/es/tumba-de-mereruka/,0,27,0%,6.85
https://travel2egypt.org/why-you-should-visit-egypt-in-april/#elementor-toc__heading-anchor-5,0,27,0%,6.89
https://travel2egypt.org/es/donde-comer-en-alejandria/,0,27,0%,7.78
https://travel2egypt.org/es/la-historia-de-la-tumba-de-tutankhamun/#elementor-toc__heading-anchor-0,0,27,0%,8.52
https://travel2egypt.org/es/la-historia-de-la-tumba-de-tutankhamun/#elementor-toc__heading-anchor-2,0,27,0%,8.52
https://travel2egypt.org/cave-church-cairo/#elementor-toc__heading-anchor-0,0,27,0%,9.22
https://travel2egypt.org/cave-church-cairo/#elementor-toc__heading-anchor-4,0,27,0%,9.22
https://travel2egypt.org/cave-church-cairo/#elementor-toc__heading-anchor-6,0,27,0%,9.22
https://travel2egypt.org/reaching-sohag-egypt/,0,27,0%,9.74
https://travel2egypt.org/ja/ツタンカーメン王の墓の呪い/#elementor-toc__heading-anchor-35,0,27,0%,10.96
https://travel2egypt.org/el-kab-and-esna-temple-day-tour-from-aswan/,0,27,0%,11.37
https://travel2egypt.org/aswan-airport-transfer/,0,27,0%,11.96
https://travel2egypt.org/where-to-stay-in-al-arish/,0,27,0%,12.11
https://travel2egypt.org/the-pearl-of-red-sea-hurghada/,0,27,0%,13.63
https://travel2egypt.org/ja/カイロの天気と気温/,0,27,0%,14.3
https://travel2egypt.org/ja/ギザの天気は今どう/,0,27,0%,18.07
https://travel2egypt.org/es/el-oasis-de-bahariya-y-el-desierto-negro-las-joyas-ocultas-de-egipto/,0,27,0%,30.85
https://travel2egypt.org/pyramids-of-giza-sphinx-memphis-and-saqqara-tour/,0,27,0%,34.04
https://travel2egypt.org/june-journeys-exploring-egypt-in-early-summer/,0,27,0%,46.93
https://travel2egypt.org/oberoi-zahra-nile-cruise/,0,27,0%,66.78
https://travel2egypt.org/escorts-in-egypt/#elementor-toc__heading-anchor-0,0,26,0%,5.62
https://travel2egypt.org/ja/アブ・ロアシュ：ジェデフラー王のピラミッド/,0,26,0%,6.27
https://travel2egypt.org/why-you-should-visit-egypt-in-april/#elementor-toc__heading-anchor-2,0,26,0%,7.31
https://travel2egypt.org/historical-sites-visited-by-a-nile-cruise/,0,26,0%,7.65
https://travel2egypt.org/places-to-visit-in-cairo-at-night/#elementor-toc__heading-anchor-4,0,26,0%,7.96
https://travel2egypt.org/es/piramide-de-jufu/,0,26,0%,8.27
https://travel2egypt.org/egypt-transportation-tips/#elementor-toc__heading-anchor-6,0,26,0%,9.08
https://travel2egypt.org/ja/9月のエジプト探訪：夏の終わりの冒険/,0,26,0%,9.85
https://travel2egypt.org/saint-catherine-monastery/,0,26,0%,11.42
https://travel2egypt.org/ja/エジプトの月別ガイド/,0,26,0%,12.19
https://travel2egypt.org/royal-maxim-palace-kempinski-cairo/,0,26,0%,34.19
https://travel2egypt.org/beni-hassan/,0,26,0%,40.19
https://travel2egypt.org/ja/エジプトの神々：エジプト神話で最も重要な神々/#elementor-toc__heading-anchor-1,0,25,0%,4.68
https://travel2egypt.org/ehnasya-el-medina/,0,25,0%,6.08
https://travel2egypt.org/es/por-que-enero-es-el-mes-perfecto-para-visitar-egipto/#elementor-toc__heading-anchor-5,0,25,0%,6.12
https://travel2egypt.org/how-to-dress-when-visiting-egypt/#elementor-toc__heading-anchor-2,0,25,0%,7.2
https://travel2egypt.org/paromeos-monastery/,0,25,0%,7.28
https://travel2egypt.org/places-to-visit-in-cairo-at-night/#elementor-toc__heading-anchor-8,0,25,0%,8.2
https://travel2egypt.org/es/la-historia-de-la-tumba-de-tutankhamun/#elementor-toc__heading-anchor-6,0,25,0%,8.36
https://travel2egypt.org/es/reliquias-del-reinado-de-los-faraones/,0,25,0%,8.68
https://travel2egypt.org/es/preguntas-frecuentes-sobre-viajes-a-egipto/,0,25,0%,9.4
https://travel2egypt.org/kom-ombo-travel-weather/,0,25,0%,11.6
https://travel2egypt.org/ja/赤いピラミッド/,0,25,0%,11.92
https://travel2egypt.org/al-mursi-abu-al-abbas-mosque/,0,25,0%,13.64
https://travel2egypt.org/explore-the-amazing-naama-bay/,0,25,0%,15.32
https://travel2egypt.org/pharaoh-island/,0,25,0%,15.64
https://travel2egypt.org/es/guia-de-viaje-de-kom-ombo/,0,25,0%,18.76
https://travel2egypt.org/giza-travel-guide/the-black-pyramid/,0,25,0%,19.76
https://travel2egypt.org/monastery-of-st-pishoy/,0,25,0%,28.12
https://travel2egypt.org/sataya-reef/,0,25,0%,44.04
https://travel2egypt.org/giza-travel-guide/the-white-pyramid/,0,25,0%,45.84
https://travel2egypt.org/es/deberian-llevarse-las-momias-egipcias-a-casa/,0,25,0%,54.04
https://travel2egypt.org/es/el-pequeno-templo-de-abu-simbel/,0,25,0%,59.64
https://travel2egypt.org/cultural-travel-guides-in-egypt/,0,25,0%,67.08
https://travel2egypt.org/es/guia-de-viajes-de-sharm-el-sheij/,0,25,0%,74.68
https://travel2egypt.org/ja/エジプトの神々：エジプト神話で最も重要な神々/#elementor-toc__heading-anchor-6,0,24,0%,4.67
https://travel2egypt.org/middle-kingdom-pharaohs/#elementor-toc__heading-anchor-4,0,24,0%,6.21
https://travel2egypt.org/ja/ポンペイの柱/,0,24,0%,6.5
https://travel2egypt.org/es/los-coptos-de-egipto-guardianes-de-una-antigua-fe/#elementor-toc__heading-anchor-3,0,24,0%,6.54
https://travel2egypt.org/places-to-visit-in-cairo-at-night/#elementor-toc__heading-anchor-0,0,24,0%,7.75
https://travel2egypt.org/es/los-coptos-de-egipto-guardianes-de-una-antigua-fe/#elementor-toc__heading-anchor-17,0,24,0%,7.79
https://travel2egypt.org/places-to-visit-in-cairo-at-night/#elementor-toc__heading-anchor-1,0,24,0%,8.17
https://travel2egypt.org/egypt-transportation-tips/#elementor-toc__heading-anchor-2,0,24,0%,8.46
https://travel2egypt.org/ja/6月の旅：初夏のエジプト探訪/,0,24,0%,8.67
https://travel2egypt.org/ja/時の守護者：ギザの大スフィンクスを探索する/#elementor-toc__heading-anchor-1,0,24,0%,8.79
https://travel2egypt.org/egypt-transportation-tips/#elementor-toc__heading-anchor-12,0,24,0%,8.88
https://travel2egypt.org/4-days-city-break/,0,24,0%,9.71
https://travel2egypt.org/es/clima-en-edfu/,0,24,0%,9.83
https://travel2egypt.org/ja/ツタンカーメン王の墓の呪い/#elementor-toc__heading-anchor-43,0,24,0%,11.04
https://travel2egypt.org/weather-in-al-fayoum/,0,24,0%,11.08
https://travel2egypt.org/esna-temple-and-el-kab-day-tour-from-luxor/,0,24,0%,14.25
https://travel2egypt.org/cairo-marriott-hotel-and-omar-khayyam-casino/,0,24,0%,16.96
https://travel2egypt.org/fi/sphinxes-and-obelisks-how-egypts-silent-giants-still-speak-today/,0,24,0%,18.21
https://travel2egypt.org/es/guia-de-viaje-de-esna/,0,24,0%,19.04
https://travel2egypt.org/es/por-que-deberias-visitar-egipto-en-abril/,0,24,0%,22.75
https://travel2egypt.org/october-escapes-discovering-egypt-in-autumn/,0,24,0%,22.92
https://travel2egypt.org/private-tour-transfer-from-luxor-to-hurghada-by-bus/,0,24,0%,28.5
https://travel2egypt.org/essential-egypt/,0,24,0%,29.29
https://travel2egypt.org/egypt-package-deals/,0,24,0%,30.46
https://travel2egypt.org/places-to-go-in-rosetta/,0,24,0%,37.25
https://travel2egypt.org/es/vive-egipto-en-7-dias/,0,24,0%,51.62
https://travel2egypt.org/luxury-nile-cruise/,0,24,0%,70.08
https://travel2egypt.org/ja/カイロ国立エジプト文明博物館の究極ガイド/#elementor-toc__heading-anchor-2,0,23,0%,3.7
https://travel2egypt.org/ja/カイロ国立エジプト文明博物館の究極ガイド/#elementor-toc__heading-anchor-5,0,23,0%,3.7
https://travel2egypt.org/ras-sudr-climate/,0,23,0%,4.7
https://travel2egypt.org/where-to-stay-in-saint-catherine/,0,23,0%,6.43
https://travel2egypt.org/private-tour-nubian-village-with-motor-boat/,0,23,0%,8.09
https://travel2egypt.org/es/necropolis-de-abusir/,0,23,0%,9
https://travel2egypt.org/qasr-ibrim/,0,23,0%,9.48
https://travel2egypt.org/sohag-hotel-guide/,0,23,0%,9.48
https://travel2egypt.org/myths-and-facts-about/#elementor-toc__heading-anchor-8,0,23,0%,10.09
https://travel2egypt.org/es/wifi-en-egipto/,0,23,0%,10.26
https://travel2egypt.org/weather-in-sainte-catherine/,0,23,0%,11.13
https://travel2egypt.org/historical-egypt-trips-for-families/,0,23,0%,16.04
https://travel2egypt.org/dahab-travel-guide/,0,23,0%,34.87
https://travel2egypt.org/m-s-sonesta-st-george-nile-cruise/,0,23,0%,40.52
https://travel2egypt.org/egypt-winter-holidays/,0,23,0%,41.65
https://travel2egypt.org/the-egypt-royal-vacation-tour/,0,23,0%,58.17
https://travel2egypt.org/es/egipto-y-el-mar-rojo/,0,23,0%,58.7
https://travel2egypt.org/giza-historical-overview/,0,23,0%,67.57
https://travel2egypt.org/ja/エジプトの神々：エジプト神話で最も重要な神々/#elementor-toc__heading-anchor-3,0,22,0%,4.91
https://travel2egypt.org/ja/エジプトの神々：エジプト神話で最も重要な神々/#elementor-toc__heading-anchor-8,0,22,0%,4.91
https://travel2egypt.org/es/por-que-enero-es-el-mes-perfecto-para-visitar-egipto/#elementor-toc__heading-anchor-3,0,22,0%,6.05
https://travel2egypt.org/ja/ギザのエジプトシャワルマ：セムセマレストラン/,0,22,0%,6.77
https://travel2egypt.org/ticket-prices-for-attractions-in-aswan/,0,22,0%,6.82
https://travel2egypt.org/es/descubrir-beni-suef-ideas-y-experiencias-unicas/,0,22,0%,7.05
https://travel2egypt.org/why-you-should-visit-egypt-in-april/#elementor-toc__heading-anchor-4,0,22,0%,7.18
https://travel2egypt.org/es/cual-es-mejor-para-tu-proxima-aventura/,0,22,0%,7.41
https://travel2egypt.org/ismailia-travel-guide/how-to-go/,0,22,0%,7.91
https://travel2egypt.org/places-to-visit-in-cairo-at-night/#elementor-toc__heading-anchor-13,0,22,0%,8.55
https://travel2egypt.org/places-to-visit-in-cairo-at-night/#elementor-toc__heading-anchor-11,0,22,0%,8.68
https://travel2egypt.org/ja/アスワン・ハイ・ダム/,0,22,0%,20.05
https://travel2egypt.org/marsa-matruh-weather-overview/,0,22,0%,22.27
https://travel2egypt.org/best-places-to-visit-in-egypt/,0,22,0%,25
https://travel2egypt.org/suez-canal-house/,0,22,0%,26.14
https://travel2egypt.org/es/la-mastaba-de-ptahshepses-en-abusir/,0,22,0%,40.82
https://travel2egypt.org/egypt-and-the-red-sea/,0,22,0%,54.23
https://travel2egypt.org/es/paquete-de-tour-de-lujo-de-14-dias-por-egipto-desde-espana-para-familias/,0,22,0%,54.73
https://travel2egypt.org/es/para-bucear-en-el-mar-rojo/,0,22,0%,57.05
https://travel2egypt.org/ja/カイロ国立エジプト文明博物館の究極ガイド/#elementor-toc__heading-anchor-1,0,21,0%,3.76
https://travel2egypt.org/ja/カイロ国立エジプト文明博物館の究極ガイド/#elementor-toc__heading-anchor-4,0,21,0%,3.76
https://travel2egypt.org/ja/カイロ国立エジプト文明博物館の究極ガイド/#elementor-toc__heading-anchor-6,0,21,0%,3.76
https://travel2egypt.org/ja/エジプトのラマダン/,0,21,0%,5.43
https://travel2egypt.org/es/fortaleza-de-shali/,0,21,0%,5.67
https://travel2egypt.org/egypt-in-may/#elementor-toc__heading-anchor-0,0,21,0%,5.81
https://travel2egypt.org/egypt-in-may/#elementor-toc__heading-anchor-1,0,21,0%,5.81
https://travel2egypt.org/middle-kingdom-pharaohs/#elementor-toc__heading-anchor-6,0,21,0%,6.81
https://travel2egypt.org/why-you-should-visit-egypt-in-april/#elementor-toc__heading-anchor-3,0,21,0%,7.19
https://travel2egypt.org/ja/カイロ・ザマレクのナイルビューのレストラン/,0,21,0%,7.67
https://travel2egypt.org/sohag-dining-experiences/,0,21,0%,7.67
https://travel2egypt.org/places-to-visit-in-cairo-at-night/#elementor-toc__heading-anchor-7,0,21,0%,8.29
https://travel2egypt.org/ja/ファラオからファラフェルへ：エジプトの食文化/#elementor-toc__heading-anchor-6,0,21,0%,8.48
https://travel2egypt.org/siwa-oasis-travel-guide/taste-oasis/,0,21,0%,8.81
https://travel2egypt.org/es/m-s-al-kahila-crucero-por-el-nilo/,0,21,0%,9.1
https://travel2egypt.org/nour-el-nil-meroe-dahabiya/,0,21,0%,9.62
https://travel2egypt.org/ja/エジプトの都市間距離/,0,21,0%,9.67
https://travel2egypt.org/cave-church-cairo/#elementor-toc__heading-anchor-3,0,21,0%,9.95
https://travel2egypt.org/cave-church-cairo/#elementor-toc__heading-anchor-5,0,21,0%,9.95
https://travel2egypt.org/cave-church-cairo/#elementor-toc__heading-anchor-7,0,21,0%,9.95
https://travel2egypt.org/4wd-desert-safari-dinner-and-show-from-hurghada/,0,21,0%,10.1
https://travel2egypt.org/travel-with-disabilities/,0,21,0%,11.38
https://travel2egypt.org/es/el-templo-del-serapeum/,0,21,0%,12.57
https://travel2egypt.org/m-s-steigenberger-omar-el-khayam/,0,21,0%,12.81
https://travel2egypt.org/es/fairmont-nile-city-hotel-cairo/,0,21,0%,14.9
https://travel2egypt.org/hurghada-airport-transfer/,0,21,0%,16.43
https://travel2egypt.org/cairo-travel-guide/mosque-of-al-muayyad-shaykh/,0,21,0%,17.86
https://travel2egypt.org/es/los-colosos-de-memnon/,0,21,0%,28.38
https://travel2egypt.org/cairo-alexandria-city-break-5-days/,0,21,0%,35.86
https://travel2egypt.org/luxor-day-tour-from-hurghada/,0,21,0%,36.9
https://travel2egypt.org/el-gouna-weather/,0,21,0%,38.86
https://travel2egypt.org/es/descubre-el-oasis-de-siwa/,0,21,0%,43.48
https://travel2egypt.org/al-gouna-travel-guide/,0,21,0%,50.14
https://travel2egypt.org/fortress-and-temple-at-nadura/,0,20,0%,5.55
https://travel2egypt.org/es/tumbas-de-los-nobles-en-asuan/,0,20,0%,5.8
https://travel2egypt.org/es/donde-esta-tutankamon-ahora/#elementor-toc__heading-anchor-0,0,20,0%,6.5
https://travel2egypt.org/es/donde-esta-tutankamon-ahora/#elementor-toc__heading-anchor-1,0,20,0%,6.5
https://travel2egypt.org/es/donde-esta-tutankamon-ahora/#elementor-toc__heading-anchor-2,0,20,0%,6.5
https://travel2egypt.org/things-to-do-in-dakhla-oasis/,0,20,0%,7.9
https://travel2egypt.org/the-white-monastery/,0,20,0%,8.45
https://travel2egypt.org/es/la-historia-de-al-arish/,0,20,0%,8.65