slug,sanity_title,price_eur,held_sheet_price_eur,likely_sheet_row,note
exclusive-chartered-experience-private-boat-journey-to-orange-bay,"A Chartered Day to Orange Bay: Private Boat, Giftun National Park, Your Pace",,,,no price in sheet — needs a fresh figure
abu-simbel-temples-day-tour-from-aswan,Abu Simbel Temples Day Tour from Aswan,,142.25,Abu-Simble Bus Day Tour from Aswan,AMBIGUOUS: one sheet row maps to several tours — confirm which
private-tour-abu-simble-by-bus-from-aswan,Abu Simbel by Car from Aswan: A Full-Day Temple Journey,,142.25,Abu-Simble Bus Day Tour from Aswan,AMBIGUOUS: one sheet row maps to several tours — confirm which
abu-simble-by-plane-from-aswan,Abu Simbel by Plane from Aswan: A Morning with Ramses II,,142.25,Abu-Simble Bus Day Tour from Aswan,AMBIGUOUS: one sheet row maps to several tours — confirm which
alexandria-catacombs-pompeys-pillar-group-day-tour-from-cairo,"Alexandria from Cairo: Catacombs, Pompey's Pillar, Greco-Roman Museum & Roman Amphitheatre",,,,no price in sheet — needs a fresh figure
private-tour-aswan-bird-watching-tour,Aswan Bird-Watching Tour: Dawn on the Nile by Motorboat,,51.25,Aswan Bird-Watching Private Excursion,verify pairing (title was rewritten)
aswan-full-day-city-tour,"Aswan Full-Day City Tour: High Dam, Philae & the Unfinished Obelisk",,,,no price in sheet — needs a fresh figure
aswan-private-car-and-guide,Aswan by Private Car & Guide: A Full-Day Tour of the City,,66.88,Private Car and Personal Guide ,verify pairing (title was rewritten)
aswan-to-el-kab-and-edfu-temple-tour,Aswan to El Kab and Edfu: A Day Between the 18th Dynasty and the Last Working Temple,,172.19,Temples of Time: Aswan to El Kab and Edfu Temple Tour,verify pairing (title was rewritten)
cairo-by-bus-group-day-tour-from-hurghada,Cairo by Bus: Full-Day Group Tour from Hurghada,,121.25,Capital Splendors: Full-Day Trip to Cairo by Plane from Hurghada,AMBIGUOUS: one sheet row maps to several tours — confirm which
egyptian-museum-citadel-and-khan-el-khalili-bazaar,"Cairo in a Day: Egyptian Museum, Citadel & Khan el-Khalili",,91.25,"Cairo's Treasures: Egyptian Museum, Citadel & Bazaar Day Tour",
aqua-park-cleo-park,"Cleo Park Aqua Park, Hadaba: A Full Day at Sharm's Water Park",,,,no price in sheet — needs a fresh figure
dahab-blue-hole-desert-snorkel-group-day-tour-from-sharm,"Dahab, Wadi Qunai & Blue Hole: Desert & Snorkel Group Day Tour from Sharm El Sheikh",,0,"Private Day Tour: South Sinai Desert, Bedouin Community & Blue Hole Snorkeling from Sharm El Sheikh",sheet price was €0 — needs a real figure
dendera-and-abydos-temple-day-tour-from-hurghada,Dendera & Abydos Temples: Group Day Tour from Hurghada,,181.5,Sacred Sands: Unveiling Dendera and Abydos from Hurghada,AMBIGUOUS: one sheet row maps to several tours — confirm which
sacred-sands-unveiling-dendera-and-abydos-from-hurghada,Dendera & Abydos from Hurghada: A Full-Day Temple Tour,,181.5,Sacred Sands: Unveiling Dendera and Abydos from Hurghada,AMBIGUOUS: one sheet row maps to several tours — confirm which
dendera-and-abydos-temples-from-luxor,Dendera and Abydos Temples: A Full-Day Tour from Luxor,,181.5,Sacred Sands: Unveiling Dendera and Abydos from Hurghada,AMBIGUOUS: one sheet row maps to several tours — confirm which
dolphin-house-shared-snorkeling-day-from-hurghada,Dolphin House Snorkeling Day from Hurghada: Shared Yacht,,,,no price in sheet — needs a fresh figure
dolphin-show-sharm-el-sheikh,Dolphin Show in Sharm El Sheikh: What to Expect,,62.5,Aquatic Acrobatics: Dolphin Show in Sharm El Sheikh,
dolphins-dance-group-shared-seas-full-day-snorkeling-tour,Dolphins Dance: A Shared Full-Day Snorkel from Hurghada,,40,Dolphins' Dance Exclusive: Private Escape Full Day Snorkeling,verify pairing (title was rewritten)
el-kab-and-esna-temple-day-tour-from-aswan,El Kab & Esna Temple Day Tour from Aswan: Egypt's Quiet Side,,122.5,Hidden Gems: El Kab and Esna Temple Day Tour from Aswan,
esna-temple-and-el-kab-day-tour-from-luxor,"Esna and El Kab Day Tour from Luxor: Temples, Tombs & Predynastic Ruins",,116.25,Riverbanks of Time: Esna and El Kab Day Tour from Luxor,AMBIGUOUS: one sheet row maps to several tours — confirm which
esna-edfu-kom-ombo-temples-group-day-tour-from-luxor,"Esna, Edfu & Kom Ombo Temples: Group Day Tour from Luxor",,116.25,Riverbanks of Time: Esna and El Kab Day Tour from Luxor,AMBIGUOUS: one sheet row maps to several tours — confirm which
fayoum-desert-adventure,"Fayoum Desert: Two Days Between Wadi al-Hitan, Wadi al-Rayan, and Lake Qarun",,,,no price in sheet — needs a fresh figure
fayoum-meidum-hawara-pyramids-group-day-tour,"Fayoum Oasis, Meidum & Hawara Pyramids: Group Day Tour from Cairo",,,,no price in sheet — needs a fresh figure
private-tour-alexandria-day-tour,Full Day Private Tour in Alexandria: What the City Actually Holds,,111.25,Alexandrian Echoes: Full Day Private Tour in Alexandria,verify pairing (title was rewritten)
private-tour-full-day-to-grand-west-bank,"Full Day on Luxor's West Bank: Tombs, Temples & the Workers Who Built Them",,,,no price in sheet — needs a fresh figure
full-day-trip-to-cairo-by-plane-from-luxor,Full-Day Cairo Trip by Plane from Luxor,,91.25,Cairo Aerial Adventure: Full-Day Trip by Plane from Luxor,
full-day-trip-to-cairo-by-plane-from-hurghada,"Full-Day Cairo by Plane from Hurghada: Pyramids, Citadel & Bazaar",,121.25,Capital Splendors: Full-Day Trip to Cairo by Plane from Hurghada,AMBIGUOUS: one sheet row maps to several tours — confirm which
dolphin-full-day-snorkeling-tour-from-hurghada,"Full-Day Private Snorkelling Tour with Dolphins, Hurghada",,,,no price in sheet — needs a fresh figure
giftun-island-shared-snorkeling-day-from-hurghada,Giftun Island Snorkeling Day from Hurghada: Shared Yacht,,,,no price in sheet — needs a fresh figure
jerusalem-dead-sea-bethlehem-group-day-tour-from-sharm,"Jerusalem, the Dead Sea & Bethlehem: Group Day Tour from Sharm El Sheikh",,0,Private Snorkelling Day Trip in Sharm El Sheikh — Red Sea Reefs,sheet price was €0 — needs a real figure
luxor-highlights-group-day-tour-from-hurghada,Luxor Highlights: Group Day Tour from Hurghada,,,,no price in sheet — needs a fresh figure
skyward-solitude-private-luxor-sunrise-hot-air-balloon-experience,Luxor Sunrise Balloon: Thirty Minutes Over the West Bank,,,,no price in sheet — needs a fresh figure
memphis-saqqara-and-dahshur-group-day-tour,"Memphis, Saqqara & Dahshur: Group Day Tour from Cairo",,,,no price in sheet — needs a fresh figure
mount-sinai-sunrise-trek-group-day-tour,Mount Sinai Sunrise Trek & St. Catherine's Monastery: Group Tour,,,,no price in sheet — needs a fresh figure
nubian-temples-day-tour-from-aswan,"Nubian Temples Day Tour from Aswan: Kalabsha, Beit el-Wali & Kertassi",,,,no price in sheet — needs a fresh figure
diving-sea-trip-in-sharm-el-sheikh,Private Snorkelling Day Trip in Sharm El Sheikh — Red Sea Reefs,,0,Private Snorkelling Day Trip in Sharm El Sheikh — Red Sea Reefs,sheet price was €0 — needs a real figure
pyramids-of-giza-and-sphinx-group-day-tour,Pyramids of Giza & the Sphinx: Group Day Tour from Cairo,,,,no price in sheet — needs a fresh figure
mount-sinai-and-st-catherine-full-day-tour-from-sharm,Sharm El Sheikh to Mount Sinai & St. Catherine: Full-Day Tour,,,,no price in sheet — needs a fresh figure
grand-west-bank-group-day-tour-luxor,The Grand West Bank: Group Day Tour from Luxor,,111.25,Valley of Nobles: Full Day to Grand West Bank Private ,verify pairing (title was rewritten)
