category,type,doc,base_id,doc_status,alt_en,alt_es,alt_ja,cap_en,cap_es,cap_ja
NO-HERO-LIVE,theme,"Egypt In Depth",theme-egypt-in-depth,published+draft,-,-,-,-,-,-
DRAFT-HERO-PENDING-INCOMPLETE,tourLanding,"Authentic Dahabiya Nile Cruise",tourLanding.authentic-dahabiya-nile-cruise,published+draft,-,-,-,-,-,-
DRAFT-ONLY-DOC-INCOMPLETE,nileCruise,"Adelaïde Dahabiya",wp-page-106202,DRAFT-ONLY,-,-,-,-,-,-
DRAFT-ONLY-DOC-INCOMPLETE,nileCruise,"Agatha Dahabiya",wp-page-106203,DRAFT-ONLY,-,-,-,-,-,-
DRAFT-ONLY-DOC-INCOMPLETE,tour,"Temples of Time: Day Tour to Nubian Temples from Aswan",wp-page-113187,DRAFT-ONLY,-,-,-,-,-,-
DRAFT-ONLY-DOC-INCOMPLETE,tour,"Day Tour to Visit Cairo from Alexandria",wp-page-113456,DRAFT-ONLY,-,-,-,-,-,-
DRAFT-ONLY-DOC-INCOMPLETE,tour,"Dolphins Dance Group: Shared Seas Full Day Snorkeling Tour",wp-page-115168,DRAFT-ONLY,-,-,-,-,-,-
DRAFT-ONLY-DOC-INCOMPLETE,tour,"Coral Companions: Shared Snorkeling Day at Giftun Island",wp-page-115196,DRAFT-ONLY,-,-,-,-,-,-
DRAFT-ONLY-DOC-INCOMPLETE,tour,"Marine Marvels: Private Snorkeling Adventure in Marsa Alam",wp-page-115481,DRAFT-ONLY,-,-,-,-,-,-
DRAFT-ONLY-DOC-INCOMPLETE,tour,"Capital Splendors: Full-Day Group Trip to Cairo by Bus from Hurghada",wp-page-115522,DRAFT-ONLY,-,-,-,-,-,-
DRAFT-ONLY-DOC-INCOMPLETE,tour,"Memphis, Saqqara Dahshur Tour from Alexandria",wp-page-118521,DRAFT-ONLY,-,-,-,-,-,-
DRAFT-ONLY-DOC-INCOMPLETE,tour,"Cairo Day Tour from Alexandria",wp-page-118678,DRAFT-ONLY,-,-,-,-,-,-
DRAFT-ONLY-DOC-INCOMPLETE,tour,"Marsa Alam to Cairo Small Group Tour Full-Day By Plane",wp-page-135858,DRAFT-ONLY,-,-,-,-,-,-
DRAFT-ONLY-DOC-INCOMPLETE,tour,"Capital Splendors: Group Day Trip to Cairo from Safaga",wp-page-145857,DRAFT-ONLY,-,-,-,-,-,-
DRAFT-ONLY-DOC-INCOMPLETE,tour,"Group Day Tour to Cairo from Al Gouna",wp-page-145867,DRAFT-ONLY,-,-,-,-,-,-
DRAFT-HERO-PENDING-INCOMPLETE,guideArticle,"Sharm El Sheikh to Jerusalem and Dead Sea Full-Day Tour",wp-page-145987,published+draft,-,-,-,-,-,-
DRAFT-ONLY-DOC-INCOMPLETE,guideArticle,"Sharm El Luli",wp-page-146102,DRAFT-ONLY,-,-,-,-,-,-
DRAFT-ONLY-DOC-INCOMPLETE,tour,"Sands of History: Dendera and Abydos Temple Tour Hurghada",wp-page-151510,DRAFT-ONLY,-,-,-,-,-,-
DRAFT-ONLY-DOC-INCOMPLETE,tour,"Cairo Group Tour: Pyramids, Museum & Khan El Khalili",wp-page-151754,DRAFT-ONLY,-,-,-,-,-,-
DRAFT-ONLY-DOC-INCOMPLETE,tour,"Luxor Highlights: One-Day Group Tour from Hurghada",wp-page-151868,DRAFT-ONLY,-,-,-,-,-,-
DRAFT-HERO-PENDING-INCOMPLETE,guideArticle,"Getting Around Taba",wp-page-197000,published+draft,-,-,-,-,-,-
DRAFT-ONLY-DOC-INCOMPLETE,tour,"Desert & Oasis — Siwa Retreat (Solo Traveller)",wp-page-238599,DRAFT-ONLY,-,-,-,-,-,-
DRAFT-HERO-PENDING-INCOMPLETE,guideArticle,"How To Get To Kharga Oasis",wp-page-253330,published+draft,-,-,-,-,-,-
DRAFT-ONLY-DOC-INCOMPLETE,guideArticle,"Kharga Oasis Only Here",wp-page-253537,DRAFT-ONLY,-,-,-,-,-,-
DRAFT-HERO-PENDING-INCOMPLETE,guideArticle,"How To Get To Giza",wp-page-253700,published+draft,-,-,-,-,-,-
DRAFT-HERO-PENDING-INCOMPLETE,guideArticle,"Getting Around Suez",wp-page-254140,published+draft,-,-,-,-,-,-
DRAFT-HERO-PENDING-INCOMPLETE,guideArticle,"Abu Simbel History",wp-page-56930,published+draft,-,-,-,-,-,-
DRAFT-HERO-PENDING-INCOMPLETE,guideArticle,"Food in Abu Simbel",wp-page-57838,published+draft,-,-,-,-,-,-
DRAFT-HERO-PENDING-INCOMPLETE,guideArticle,"Abu Simbel Solar Alignment Festival",wp-page-57848,published+draft,-,-,-,-,-,-
DRAFT-HERO-PENDING-INCOMPLETE,guideArticle,"Al Arish History",wp-page-58576,published+draft,-,-,-,-,-,-
DRAFT-HERO-PENDING-INCOMPLETE,guideArticle,"Al-Minya — Weather and Best Time to Visit",wp-page-58638,published+draft,-,-,-,-,-,-
DRAFT-HERO-PENDING-INCOMPLETE,guideArticle,"Al-Minya — Getting Here",wp-page-58640,published+draft,-,-,-,-,-,-
DRAFT-HERO-PENDING-INCOMPLETE,guideArticle,"Al-Minya — Where to Stay",wp-page-58642,published+draft,-,-,-,-,-,-
DRAFT-HERO-PENDING-INCOMPLETE,guideArticle,"Only Here in Al-Minya: Akhenaten and the Amarna Moment",wp-page-58655,published+draft,-,-,-,-,-,-
DRAFT-HERO-PENDING-INCOMPLETE,guideArticle,"Al Quseir — Weather and Best Time to Visit",wp-page-58691,published+draft,-,-,-,-,-,-
DRAFT-HERO-PENDING-INCOMPLETE,guideArticle,"Al Quseir — Getting Here",wp-page-58693,published+draft,-,-,-,-,-,-
DRAFT-HERO-PENDING-INCOMPLETE,guideArticle,"Tours and Excursions from Al Quseir",wp-page-58701,published+draft,-,-,-,-,-,-
DRAFT-HERO-PENDING-INCOMPLETE,guideArticle,"Bahariya Oasis Weather and Best Time to Visit",wp-page-58727,published+draft,-,-,-,-,-,-
DRAFT-HERO-PENDING-INCOMPLETE,guideArticle,"Al Wadi al Gadid History",wp-page-58729,published+draft,-,-,-,-,-,-
DRAFT-HERO-PENDING-INCOMPLETE,guideArticle,"Al Wadi al Gadid Weather and Best Time to Visit",wp-page-58730,published+draft,-,-,-,-,-,-
DRAFT-HERO-PENDING-INCOMPLETE,guideArticle,"Where to Stay in Al Wadi al Gadid",wp-page-58736,published+draft,-,-,-,-,-,-
DRAFT-HERO-PENDING-INCOMPLETE,guideArticle,"Food in Al Wadi al Gadid",wp-page-58752,published+draft,-,-,-,-,-,-
DRAFT-HERO-PENDING-INCOMPLETE,guideArticle,"Where to Stay in El Gouna",wp-page-58796,published+draft,-,-,-,-,-,-
DRAFT-HERO-PENDING-INCOMPLETE,guideArticle,"Things to Do in El Gouna",wp-page-58798,published+draft,-,-,-,-,-,-
DRAFT-HERO-PENDING-INCOMPLETE,guideArticle,"El Gouna Events and Festivals",wp-page-58799,published+draft,-,-,-,-,-,-
DRAFT-HERO-PENDING-INCOMPLETE,guideArticle,"Getting to El Gouna",wp-page-58801,published+draft,-,-,-,-,-,-
DRAFT-HERO-PENDING-INCOMPLETE,guideArticle,"Getting Around El Gouna",wp-page-58802,published+draft,-,-,-,-,-,-
DRAFT-HERO-PENDING-INCOMPLETE,guideArticle,"Food in El Gouna",wp-page-58803,published+draft,-,-,-,-,-,-
DRAFT-HERO-PENDING-INCOMPLETE,guideArticle,"Traditional Food in Aswan",wp-page-59209,published+draft,-,-,-,-,-,-
DRAFT-HERO-PENDING-INCOMPLETE,guideArticle,"Getting Around Aswan",wp-page-59210,published+draft,-,-,-,-,-,-
DRAFT-HERO-PENDING-INCOMPLETE,guideArticle,"Getting to Aswan",wp-page-59212,published+draft,-,-,-,-,-,-
DRAFT-HERO-PENDING-INCOMPLETE,guideArticle,"Tombs of the Nobles in Aswan",wp-page-59229,published+draft,-,-,-,-,-,-
DRAFT-HERO-PENDING-INCOMPLETE,guideArticle,"The Aswan High Dam",wp-page-59236,published+draft,-,-,-,-,-,-
DRAFT-HERO-PENDING-INCOMPLETE,guideArticle,"Aswan Local Market",wp-page-59253,published+draft,-,-,-,-,-,-
DRAFT-HERO-PENDING-INCOMPLETE,guideArticle,"Tours and Excursions from Asyut",wp-page-59257,published+draft,-,-,-,-,-,-
DRAFT-HERO-PENDING-INCOMPLETE,guideArticle,"Getting Around Asyut",wp-page-59259,published+draft,-,-,-,-,-,-
DRAFT-HERO-PENDING-INCOMPLETE,guideArticle,"Asyut History",wp-page-59260,published+draft,-,-,-,-,-,-
DRAFT-HERO-PENDING-INCOMPLETE,guideArticle,"How to Get to Asyut",wp-page-59261,published+draft,-,-,-,-,-,-
DRAFT-HERO-PENDING-INCOMPLETE,guideArticle,"Only in Asyut",wp-page-59262,published+draft,-,-,-,-,-,-
DRAFT-HERO-PENDING-INCOMPLETE,guideArticle,"Tours in Bahariya Oasis",wp-page-59283,published+draft,-,-,-,-,-,-
DRAFT-HERO-PENDING-INCOMPLETE,guideArticle,"How to Get to Bahariya Oasis",wp-page-59287,published+draft,-,-,-,-,-,-
DRAFT-HERO-PENDING-INCOMPLETE,guideArticle,"Baris Tours",wp-page-59312,published+draft,-,-,-,-,-,-
DRAFT-HERO-PENDING-INCOMPLETE,guideArticle,"How to Get to Baris",wp-page-59316,published+draft,-,-,-,-,-,-
DRAFT-HERO-PENDING-INCOMPLETE,guideArticle,"Getting Around Beni Suef",wp-page-59345,published+draft,-,-,-,-,-,-
DRAFT-HERO-PENDING-INCOMPLETE,guideArticle,"Getting To Beni Suef",wp-page-59347,published+draft,-,-,-,-,-,-
DRAFT-HERO-PENDING-INCOMPLETE,guideArticle,"Only Here In Beni Suef",wp-page-59348,published+draft,-,-,-,-,-,-
DRAFT-HERO-PENDING-INCOMPLETE,guideArticle,"Tours And Excursions From Beni Suef",wp-page-59376,published+draft,-,-,-,-,-,-
DRAFT-HERO-PENDING-INCOMPLETE,guideArticle,"Cairo Food Guide",wp-page-59387,published+draft,-,-,-,-,-,-
DRAFT-HERO-PENDING-INCOMPLETE,guideArticle,"How to Get to Cairo",wp-page-59390,published+draft,-,-,-,-,-,-
DRAFT-HERO-PENDING-INCOMPLETE,guideArticle,"Things to Do in Cairo",wp-page-59392,published+draft,-,-,-,-,-,-
DRAFT-HERO-PENDING-INCOMPLETE,guideArticle,"Where to Stay in Cairo",wp-page-59393,published+draft,-,-,-,-,-,-
DRAFT-HERO-PENDING-INCOMPLETE,guideArticle,"Weather in Cairo",wp-page-59394,published+draft,-,-,-,-,-,-
DRAFT-HERO-PENDING-INCOMPLETE,guideArticle,"Eating Out in Dahab",wp-page-59422,published+draft,-,-,-,-,-,-
DRAFT-HERO-PENDING-INCOMPLETE,guideArticle,"Getting Around Dahab",wp-page-59423,published+draft,-,-,-,-,-,-
DRAFT-HERO-PENDING-INCOMPLETE,guideArticle,"Dahab Exclusives",wp-page-59426,published+draft,-,-,-,-,-,-
DRAFT-HERO-PENDING-INCOMPLETE,guideArticle,"Things to Do in Dahab",wp-page-59427,published+draft,-,-,-,-,-,-
DRAFT-ONLY-DOC-INCOMPLETE,guideArticle,"Nabq Managed Resource Protected Area",wp-page-59456,DRAFT-ONLY,-,-,-,-,-,-
DRAFT-HERO-PENDING-INCOMPLETE,guideArticle,"Tours And Excursions In Dakhla Oasis",wp-page-59478,published+draft,-,-,-,-,-,-
DRAFT-HERO-PENDING-INCOMPLETE,guideArticle,"Food In Dakhla Oasis",wp-page-59480,published+draft,-,-,-,-,-,-
DRAFT-HERO-PENDING-INCOMPLETE,guideArticle,"Getting Around Dakhla Oasis",wp-page-59481,published+draft,-,-,-,-,-,-
DRAFT-HERO-PENDING-INCOMPLETE,guideArticle,"Dakhla Oasis History",wp-page-59483,published+draft,-,-,-,-,-,-
DRAFT-HERO-PENDING-INCOMPLETE,guideArticle,"Where To Stay In Dakhla Oasis",wp-page-59493,published+draft,-,-,-,-,-,-
DRAFT-HERO-PENDING-INCOMPLETE,guideArticle,"Things To Do In Dakhla Oasis",wp-page-59494,published+draft,-,-,-,-,-,-
DRAFT-HERO-PENDING-INCOMPLETE,guideArticle,"Only Here In Dakhla Oasis",wp-page-59496,published+draft,-,-,-,-,-,-
DRAFT-HERO-PENDING-INCOMPLETE,guideArticle,"Getting To Dakhla Oasis",wp-page-59506,published+draft,-,-,-,-,-,-
DRAFT-HERO-PENDING-INCOMPLETE,guideArticle,"Edfu History",wp-page-59571,published+draft,-,-,-,-,-,-
DRAFT-HERO-PENDING-INCOMPLETE,guideArticle,"Edfu Weather And Best Time To Visit",wp-page-59572,published+draft,-,-,-,-,-,-
DRAFT-HERO-PENDING-INCOMPLETE,guideArticle,"Where To Stay In Edfu",wp-page-59574,published+draft,-,-,-,-,-,-
DRAFT-HERO-PENDING-INCOMPLETE,guideArticle,"Getting To Edfu",wp-page-59585,published+draft,-,-,-,-,-,-
DRAFT-HERO-PENDING-INCOMPLETE,guideArticle,"Getting Around Edfu",wp-page-59587,published+draft,-,-,-,-,-,-
DRAFT-HERO-PENDING-INCOMPLETE,guideArticle,"Things To Do In Edfu",wp-page-59588,published+draft,-,-,-,-,-,-
DRAFT-HERO-PENDING-INCOMPLETE,guideArticle,"Food And Drink In Edfu",wp-page-59590,published+draft,-,-,-,-,-,-
DRAFT-HERO-PENDING-INCOMPLETE,guideArticle,"Esna History",wp-page-59603,published+draft,-,-,-,-,-,-
DRAFT-HERO-PENDING-INCOMPLETE,guideArticle,"Esna Weather And Best Time To Visit",wp-page-59605,published+draft,-,-,-,-,-,-
DRAFT-HERO-PENDING-INCOMPLETE,guideArticle,"Where To Stay In Esna",wp-page-59607,published+draft,-,-,-,-,-,-
DRAFT-HERO-PENDING-INCOMPLETE,guideArticle,"Things To Do In Esna",wp-page-59610,published+draft,-,-,-,-,-,-
DRAFT-HERO-PENDING-INCOMPLETE,guideArticle,"Food And Drink In Esna",wp-page-59615,published+draft,-,-,-,-,-,-
DRAFT-HERO-PENDING-INCOMPLETE,guideArticle,"Getting Around Esna",wp-page-59616,published+draft,-,-,-,-,-,-
DRAFT-HERO-PENDING-INCOMPLETE,guideArticle,"Tours And Excursions From Esna",wp-page-59619,published+draft,-,-,-,-,-,-
DRAFT-HERO-PENDING-INCOMPLETE,guideArticle,"Farafra Oasis History",wp-page-59629,published+draft,-,-,-,-,-,-
DRAFT-HERO-PENDING-INCOMPLETE,guideArticle,"Weather in Farafra",wp-page-59634,published+draft,-,-,-,-,-,-
DRAFT-HERO-PENDING-INCOMPLETE,guideArticle,"Accommodations In Farafra",wp-page-59636,published+draft,-,-,-,-,-,-
DRAFT-HERO-PENDING-INCOMPLETE,guideArticle,"Getting Around In Farafra",wp-page-59638,published+draft,-,-,-,-,-,-
DRAFT-HERO-PENDING-INCOMPLETE,guideArticle,"Things To Do In Farafra",wp-page-59642,published+draft,-,-,-,-,-,-
DRAFT-HERO-PENDING-INCOMPLETE,guideArticle,"Tours And Expeditions From Farafra Oasis",wp-page-59644,published+draft,-,-,-,-,-,-
DRAFT-HERO-PENDING-INCOMPLETE,guideArticle,"Food And Drink In Farafra Oasis",wp-page-59645,published+draft,-,-,-,-,-,-
DRAFT-ONLY-DOC-INCOMPLETE,guideArticle,"Qasr Al-Farafra",wp-page-59654,DRAFT-ONLY,-,-,-,-,-,-
DRAFT-HERO-PENDING-INCOMPLETE,guideArticle,"Road to Dakhla",wp-page-59655,published+draft,-,-,-,-,-,-
DRAFT-HERO-PENDING-INCOMPLETE,guideArticle,"Hurghada Weather: A Month-by-Month Guide",wp-page-59689,published+draft,-,-,-,-,-,-
DRAFT-HERO-PENDING-INCOMPLETE,guideArticle,"Things to Do in Hurghada",wp-page-59702,published+draft,-,-,-,-,-,-
DRAFT-HERO-PENDING-INCOMPLETE,guideArticle,"Discover Hurghada With Tours",wp-page-59704,published+draft,-,-,-,-,-,-
DRAFT-HERO-PENDING-INCOMPLETE,guideArticle,"Dining in Hurghada: Where to Eat and What to Order",wp-page-59706,published+draft,-,-,-,-,-,-
DRAFT-HERO-PENDING-INCOMPLETE,guideArticle,"Hurghada Grand Aquarium",wp-page-59711,published+draft,-,-,-,-,-,-
DRAFT-HERO-PENDING-INCOMPLETE,guideArticle,"Hurghada Marina",wp-page-59712,published+draft,-,-,-,-,-,-
DRAFT-HERO-PENDING-INCOMPLETE,guideArticle,"Kharga Oasis Weather And Best Time To Visit",wp-page-59731,published+draft,-,-,-,-,-,-
DRAFT-HERO-PENDING-INCOMPLETE,guideArticle,"Getting Around Kharga Oasis",wp-page-59733,published+draft,-,-,-,-,-,-
DRAFT-HERO-PENDING-INCOMPLETE,guideArticle,"Where To Stay In Kharga Oasis",wp-page-59734,published+draft,-,-,-,-,-,-
DRAFT-HERO-PENDING-INCOMPLETE,guideArticle,"Food In Kharga Oasis",wp-page-59742,published+draft,-,-,-,-,-,-
DRAFT-HERO-PENDING-INCOMPLETE,guideArticle,"Kharga unearthed",wp-page-59749,published+draft,-,-,-,-,-,-
DRAFT-HERO-PENDING-INCOMPLETE,guideArticle,"Giza Historical Overview",wp-page-60061,published+draft,-,-,-,-,-,-
DRAFT-HERO-PENDING-INCOMPLETE,guideArticle,"Where To Stay In Giza",wp-page-60072,published+draft,-,-,-,-,-,-
DRAFT-HERO-PENDING-INCOMPLETE,guideArticle,"Getting Around Giza",wp-page-60075,published+draft,-,-,-,-,-,-
DRAFT-HERO-PENDING-INCOMPLETE,guideArticle,"Things To Do In Giza",wp-page-60076,published+draft,-,-,-,-,-,-
DRAFT-HERO-PENDING-INCOMPLETE,guideArticle,"Only Here In Giza",wp-page-60081,published+draft,-,-,-,-,-,-
DRAFT-HERO-PENDING-INCOMPLETE,guideArticle,"History Of Ismailia",wp-page-60118,published+draft,-,-,-,-,-,-
DRAFT-HERO-PENDING-INCOMPLETE,guideArticle,"How To Get To Ismailia",wp-page-60121,published+draft,-,-,-,-,-,-
DRAFT-HERO-PENDING-INCOMPLETE,guideArticle,"Where To Stay In Ismailia",wp-page-60122,published+draft,-,-,-,-,-,-
DRAFT-HERO-PENDING-INCOMPLETE,guideArticle,"Getting Around Ismailia",wp-page-60123,published+draft,-,-,-,-,-,-
DRAFT-HERO-PENDING-INCOMPLETE,guideArticle,"Things To Do In Ismailia",wp-page-60128,published+draft,-,-,-,-,-,-
DRAFT-HERO-PENDING-INCOMPLETE,guideArticle,"Food And Drink In Ismailia",wp-page-60130,published+draft,-,-,-,-,-,-
DRAFT-HERO-PENDING-INCOMPLETE,guideArticle,"Only In Ismailia",wp-page-60133,published+draft,-,-,-,-,-,-
DRAFT-HERO-PENDING-INCOMPLETE,guideArticle,"Tours and Excursions from Marsa Alam",wp-page-60207,published+draft,-,-,-,-,-,-
DRAFT-HERO-PENDING-INCOMPLETE,guideArticle,"History of Marsa Matruh",wp-page-60223,published+draft,-,-,-,-,-,-
DRAFT-HERO-PENDING-INCOMPLETE,guideArticle,"Weather in Marsa Matruh",wp-page-60224,published+draft,-,-,-,-,-,-
DRAFT-HERO-PENDING-INCOMPLETE,guideArticle,"Getting to Marsa Matruh",wp-page-60227,published+draft,-,-,-,-,-,-
DRAFT-HERO-PENDING-INCOMPLETE,guideArticle,"Getting Around Marsa Matruh",wp-page-60229,published+draft,-,-,-,-,-,-
DRAFT-HERO-PENDING-INCOMPLETE,guideArticle,"Things to Do in Marsa Matruh",wp-page-60230,published+draft,-,-,-,-,-,-
DRAFT-HERO-PENDING-INCOMPLETE,guideArticle,"Tours and Excursions from Marsa Matruh",wp-page-60231,published+draft,-,-,-,-,-,-
DRAFT-HERO-PENDING-INCOMPLETE,guideArticle,"Food in Marsa Matruh",wp-page-60237,published+draft,-,-,-,-,-,-
DRAFT-HERO-PENDING-INCOMPLETE,guideArticle,"Events in Marsa Matruh",wp-page-60238,published+draft,-,-,-,-,-,-
DRAFT-HERO-PENDING-INCOMPLETE,guideArticle,"Nuweiba Weather and Best Time to Visit",wp-page-60297,published+draft,-,-,-,-,-,-
DRAFT-HERO-PENDING-INCOMPLETE,guideArticle,"Where to Stay in Nuweiba",wp-page-60299,published+draft,-,-,-,-,-,-
DRAFT-HERO-PENDING-INCOMPLETE,guideArticle,"Getting Around Nuweiba",wp-page-60300,published+draft,-,-,-,-,-,-
DRAFT-HERO-PENDING-INCOMPLETE,guideArticle,"Things to Do in Nuweiba",wp-page-60301,published+draft,-,-,-,-,-,-
DRAFT-HERO-PENDING-INCOMPLETE,guideArticle,"Events and Cultural Life in Nuweiba",wp-page-60303,published+draft,-,-,-,-,-,-
DRAFT-HERO-PENDING-INCOMPLETE,guideArticle,"Only in Nuweiba",wp-page-60304,published+draft,-,-,-,-,-,-
DRAFT-HERO-PENDING-INCOMPLETE,guideArticle,"Qena History",wp-page-60320,published+draft,-,-,-,-,-,-
DRAFT-HERO-PENDING-INCOMPLETE,guideArticle,"Weather in Qena",wp-page-60321,published+draft,-,-,-,-,-,-
DRAFT-HERO-PENDING-INCOMPLETE,guideArticle,"How to Get to Qena",wp-page-60322,published+draft,-,-,-,-,-,-
DRAFT-HERO-PENDING-INCOMPLETE,guideArticle,"Where to Stay in Qena",wp-page-60323,published+draft,-,-,-,-,-,-
DRAFT-HERO-PENDING-INCOMPLETE,guideArticle,"Getting Around Qena",wp-page-60324,published+draft,-,-,-,-,-,-
DRAFT-HERO-PENDING-INCOMPLETE,guideArticle,"Things to Do in Qena",wp-page-60333,published+draft,-,-,-,-,-,-
DRAFT-HERO-PENDING-INCOMPLETE,guideArticle,"Food in Qena",wp-page-60336,published+draft,-,-,-,-,-,-
DRAFT-HERO-PENDING-INCOMPLETE,guideArticle,"Only in Qena",wp-page-60340,published+draft,-,-,-,-,-,-
DRAFT-HERO-PENDING-INCOMPLETE,guideArticle,"Port Said History",wp-page-60345,published+draft,-,-,-,-,-,-
DRAFT-HERO-PENDING-INCOMPLETE,guideArticle,"Port Said Weather and Best Time to Visit",wp-page-60347,published+draft,-,-,-,-,-,-
DRAFT-HERO-PENDING-INCOMPLETE,guideArticle,"Where to Stay in Port Said",wp-page-60349,published+draft,-,-,-,-,-,-
DRAFT-HERO-PENDING-INCOMPLETE,guideArticle,"Getting Around Port Said",wp-page-60350,published+draft,-,-,-,-,-,-
DRAFT-HERO-PENDING-INCOMPLETE,guideArticle,"Things to Do in Port Said",wp-page-60351,published+draft,-,-,-,-,-,-
DRAFT-HERO-PENDING-INCOMPLETE,guideArticle,"Food and Drink in Port Said",wp-page-60353,published+draft,-,-,-,-,-,-
DRAFT-HERO-PENDING-INCOMPLETE,guideArticle,"Ras Sudr History",wp-page-60370,published+draft,-,-,-,-,-,-
DRAFT-HERO-PENDING-INCOMPLETE,guideArticle,"Ras Sudr Weather and Best Time to Visit",wp-page-60380,published+draft,-,-,-,-,-,-
DRAFT-HERO-PENDING-INCOMPLETE,guideArticle,"Getting to Ras Sudr",wp-page-60381,published+draft,-,-,-,-,-,-
DRAFT-HERO-PENDING-INCOMPLETE,guideArticle,"Where to Stay in Ras Sudr",wp-page-60382,published+draft,-,-,-,-,-,-
DRAFT-HERO-PENDING-INCOMPLETE,guideArticle,"Getting Around Ras Sudr",wp-page-60383,published+draft,-,-,-,-,-,-
DRAFT-HERO-PENDING-INCOMPLETE,guideArticle,"Things to Do in Ras Sudr",wp-page-60384,published+draft,-,-,-,-,-,-
DRAFT-HERO-PENDING-INCOMPLETE,guideArticle,"Only in Ras Sudr",wp-page-60388,published+draft,-,-,-,-,-,-
DRAFT-HERO-PENDING-INCOMPLETE,guideArticle,"Past and Present Rosetta",wp-page-60416,published+draft,-,-,-,-,-,-
DRAFT-HERO-PENDING-INCOMPLETE,guideArticle,"When to Go Rosetta",wp-page-60419,published+draft,-,-,-,-,-,-
DRAFT-HERO-PENDING-INCOMPLETE,guideArticle,"Rosetta Arrival Guide",wp-page-60420,published+draft,-,-,-,-,-,-
DRAFT-HERO-PENDING-INCOMPLETE,guideArticle,"Stay in Rosetta",wp-page-60421,published+draft,-,-,-,-,-,-
DRAFT-HERO-PENDING-INCOMPLETE,guideArticle,"Getting Around Rosetta",wp-page-60422,published+draft,-,-,-,-,-,-
DRAFT-HERO-PENDING-INCOMPLETE,guideArticle,"Things To Do In Rosetta",wp-page-60423,published+draft,-,-,-,-,-,-
DRAFT-HERO-PENDING-INCOMPLETE,guideArticle,"Best Rosetta Tours",wp-page-60424,published+draft,-,-,-,-,-,-
DRAFT-HERO-PENDING-INCOMPLETE,guideArticle,"Taste of Rosetta",wp-page-60425,published+draft,-,-,-,-,-,-
DRAFT-HERO-PENDING-INCOMPLETE,guideArticle,"Only In Rosetta",wp-page-60426,published+draft,-,-,-,-,-,-
DRAFT-HERO-PENDING-INCOMPLETE,guideArticle,"Safaga History",wp-page-60436,published+draft,-,-,-,-,-,-
DRAFT-HERO-PENDING-INCOMPLETE,guideArticle,"Safaga Weather and Best Time to Visit",wp-page-60438,published+draft,-,-,-,-,-,-
DRAFT-HERO-PENDING-INCOMPLETE,guideArticle,"Getting to Safaga",wp-page-60439,published+draft,-,-,-,-,-,-
DRAFT-HERO-PENDING-INCOMPLETE,guideArticle,"Where to Stay in Safaga",wp-page-60440,published+draft,-,-,-,-,-,-
DRAFT-HERO-PENDING-INCOMPLETE,guideArticle,"Getting Around Safaga",wp-page-60441,published+draft,-,-,-,-,-,-
DRAFT-HERO-PENDING-INCOMPLETE,guideArticle,"Things to Do in Safaga",wp-page-60442,published+draft,-,-,-,-,-,-
DRAFT-HERO-PENDING-INCOMPLETE,guideArticle,"Food in Safaga",wp-page-60444,published+draft,-,-,-,-,-,-
DRAFT-HERO-PENDING-INCOMPLETE,guideArticle,"Only in Safaga: Black Sand and a Healing Coast",wp-page-60445,published+draft,-,-,-,-,-,-
DRAFT-HERO-PENDING-INCOMPLETE,guideArticle,"Saint Catherine Weather and Best Time to Visit",wp-page-60457,published+draft,-,-,-,-,-,-
DRAFT-HERO-PENDING-INCOMPLETE,guideArticle,"How to Get to Saint Catherine",wp-page-60458,published+draft,-,-,-,-,-,-
DRAFT-HERO-PENDING-INCOMPLETE,guideArticle,"Where to Stay in Saint Catherine",wp-page-60459,published+draft,-,-,-,-,-,-
DRAFT-HERO-PENDING-INCOMPLETE,guideArticle,"Getting Around Saint Catherine",wp-page-60460,published+draft,-,-,-,-,-,-
DRAFT-HERO-PENDING-INCOMPLETE,guideArticle,"Things to Do in Saint Catherine",wp-page-60461,published+draft,-,-,-,-,-,-
DRAFT-HERO-PENDING-INCOMPLETE,guideArticle,"Food in Saint Catherine",wp-page-60463,published+draft,-,-,-,-,-,-
DRAFT-HERO-PENDING-INCOMPLETE,guideArticle,"Only in Saint Catherine",wp-page-60464,published+draft,-,-,-,-,-,-
DRAFT-HERO-PENDING-INCOMPLETE,guideArticle,"Sharm El Sheikh History",wp-page-60481,published+draft,-,-,-,-,-,-
DRAFT-HERO-PENDING-INCOMPLETE,guideArticle,"Sharm El Sheikh Weather and Best Time to Visit",wp-page-60483,published+draft,-,-,-,-,-,-
DRAFT-HERO-PENDING-INCOMPLETE,guideArticle,"How to Get to Sharm El Sheikh",wp-page-60484,published+draft,-,-,-,-,-,-
DRAFT-HERO-PENDING-INCOMPLETE,guideArticle,"Where to Stay in Sharm El Sheikh",wp-page-60485,published+draft,-,-,-,-,-,-
DRAFT-HERO-PENDING-INCOMPLETE,guideArticle,"Getting Around Sharm El Sheikh",wp-page-60486,published+draft,-,-,-,-,-,-
DRAFT-HERO-PENDING-INCOMPLETE,guideArticle,"Things to Do in Sharm El Sheikh",wp-page-60487,published+draft,-,-,-,-,-,-
DRAFT-HERO-PENDING-INCOMPLETE,guideArticle,"Food and Restaurants in Sharm El Sheikh",wp-page-60489,published+draft,-,-,-,-,-,-
DRAFT-HERO-PENDING-INCOMPLETE,guideArticle,"Only Here: Sharm's Resort Geography",wp-page-60490,published+draft,-,-,-,-,-,-
DRAFT-HERO-PENDING-INCOMPLETE,guideArticle,"Siwa Weather Guide",wp-page-60506,published+draft,-,-,-,-,-,-
DRAFT-HERO-PENDING-INCOMPLETE,guideArticle,"Siwa Hotel Guide",wp-page-60508,published+draft,-,-,-,-,-,-
DRAFT-HERO-PENDING-INCOMPLETE,guideArticle,"Things to Do in Siwa Oasis",wp-page-60510,published+draft,-,-,-,-,-,-
DRAFT-HERO-PENDING-INCOMPLETE,guideArticle,"Events In Siwa",wp-page-60511,published+draft,-,-,-,-,-,-
DRAFT-HERO-PENDING-INCOMPLETE,guideArticle,"Siwa Dining Experiences",wp-page-60512,published+draft,-,-,-,-,-,-
DRAFT-HERO-PENDING-INCOMPLETE,guideArticle,"Siwa Only Here",wp-page-60513,published+draft,-,-,-,-,-,-
DRAFT-HERO-PENDING-INCOMPLETE,guideArticle,"Sohag Weather and Best Time to Visit",wp-page-60533,published+draft,-,-,-,-,-,-
DRAFT-HERO-PENDING-INCOMPLETE,guideArticle,"Where to Stay in Sohag",wp-page-60535,published+draft,-,-,-,-,-,-
DRAFT-HERO-PENDING-INCOMPLETE,guideArticle,"Things to Do in Sohag",wp-page-60536,published+draft,-,-,-,-,-,-
DRAFT-HERO-PENDING-INCOMPLETE,guideArticle,"Getting Around Sohag",wp-page-60537,published+draft,-,-,-,-,-,-
DRAFT-HERO-PENDING-INCOMPLETE,guideArticle,"Food in Sohag",wp-page-60539,published+draft,-,-,-,-,-,-
DRAFT-HERO-PENDING-INCOMPLETE,guideArticle,"Suez History",wp-page-60551,published+draft,-,-,-,-,-,-
DRAFT-HERO-PENDING-INCOMPLETE,guideArticle,"Suez Weather and Best Time to Visit",wp-page-60557,published+draft,-,-,-,-,-,-
DRAFT-HERO-PENDING-INCOMPLETE,guideArticle,"How to Get to Suez",wp-page-60558,published+draft,-,-,-,-,-,-
DRAFT-HERO-PENDING-INCOMPLETE,guideArticle,"Where to Stay in Suez",wp-page-60559,published+draft,-,-,-,-,-,-
DRAFT-HERO-PENDING-INCOMPLETE,guideArticle,"Things to Do in Suez",wp-page-60564,published+draft,-,-,-,-,-,-
DRAFT-HERO-PENDING-INCOMPLETE,guideArticle,"Taba History",wp-page-60577,published+draft,-,-,-,-,-,-
DRAFT-HERO-PENDING-INCOMPLETE,guideArticle,"Taba Weather and Best Time to Visit",wp-page-60579,published+draft,-,-,-,-,-,-
DRAFT-HERO-PENDING-INCOMPLETE,guideArticle,"Where to Stay in Taba",wp-page-60581,published+draft,-,-,-,-,-,-
DRAFT-HERO-PENDING-INCOMPLETE,guideArticle,"How to Get to Taba",wp-page-60582,published+draft,-,-,-,-,-,-
DRAFT-HERO-PENDING-INCOMPLETE,guideArticle,"Things to Do in Taba",wp-page-60583,published+draft,-,-,-,-,-,-
DRAFT-HERO-PENDING-INCOMPLETE,guideArticle,"Eating Out in Taba",wp-page-60585,published+draft,-,-,-,-,-,-
DRAFT-HERO-PENDING-INCOMPLETE,guideArticle,"Only in Taba",wp-page-60586,published+draft,-,-,-,-,-,-
DRAFT-HERO-PENDING-INCOMPLETE,guideArticle,"Wadi Al-Natron History",wp-page-60595,published+draft,-,-,-,-,-,-
DRAFT-HERO-PENDING-INCOMPLETE,guideArticle,"Wadi Al-Natron Weather and Best Time to Visit",wp-page-60597,published+draft,-,-,-,-,-,-
DRAFT-HERO-PENDING-INCOMPLETE,guideArticle,"How to Get to Wadi Al-Natron",wp-page-60598,published+draft,-,-,-,-,-,-
DRAFT-HERO-PENDING-INCOMPLETE,guideArticle,"Where to Stay Near Wadi Al-Natron",wp-page-60599,published+draft,-,-,-,-,-,-
DRAFT-HERO-PENDING-INCOMPLETE,guideArticle,"Things To Do In Wādī Al Natron",wp-page-60601,published+draft,-,-,-,-,-,-
DRAFT-HERO-PENDING-INCOMPLETE,guideArticle,"Tours and Excursions from Wadi Al-Natron",wp-page-60602,published+draft,-,-,-,-,-,-
DRAFT-HERO-PENDING-INCOMPLETE,guideArticle,"Food in Wadi Al-Natron",wp-page-60603,published+draft,-,-,-,-,-,-
DRAFT-HERO-PENDING-INCOMPLETE,guideArticle,"Only In Wādī Al Natron",wp-page-60604,published+draft,-,-,-,-,-,-
DRAFT-HERO-PENDING-INCOMPLETE,guideArticle,"Getting To Kom Ombo",wp-page-60624,published+draft,-,-,-,-,-,-
DRAFT-HERO-PENDING-INCOMPLETE,guideArticle,"Tours And Excursions From Kom Ombo",wp-page-60628,published+draft,-,-,-,-,-,-
DRAFT-HERO-PENDING-INCOMPLETE,guideArticle,"Things To Do In Kom Ombo",wp-page-60631,published+draft,-,-,-,-,-,-
DRAFT-HERO-PENDING-INCOMPLETE,guideArticle,"Luxor — History",wp-page-60643,published+draft,-,-,-,-,-,-
DRAFT-HERO-PENDING-INCOMPLETE,guideArticle,"Luxor — Getting Here",wp-page-60644,published+draft,-,-,-,-,-,-
DRAFT-HERO-PENDING-INCOMPLETE,guideArticle,"Luxor — Weather and Best Time to Visit",wp-page-60647,published+draft,-,-,-,-,-,-
DRAFT-HERO-PENDING-INCOMPLETE,guideArticle,"Luxor — Things to Do",wp-page-60648,published+draft,-,-,-,-,-,-
DRAFT-HERO-PENDING-INCOMPLETE,guideArticle,"Luxor — Places to Stay",wp-page-60649,published+draft,-,-,-,-,-,-
DRAFT-HERO-PENDING-INCOMPLETE,guideArticle,"Tours and Excursions from Luxor",wp-page-60653,published+draft,-,-,-,-,-,-
DRAFT-HERO-PENDING-INCOMPLETE,guideArticle,"Getting Around Luxor",wp-page-60654,published+draft,-,-,-,-,-,-
DRAFT-HERO-PENDING-INCOMPLETE,guideArticle,"Restaurants in Luxor",wp-page-60657,published+draft,-,-,-,-,-,-
DRAFT-ONLY-DOC-INCOMPLETE,guideArticle,"Luxor Off The Beaten Path",wp-page-60658,DRAFT-ONLY,-,-,-,-,-,-
DRAFT-HERO-PENDING-INCOMPLETE,guideArticle,"Cultural Events in Luxor",wp-page-60661,published+draft,-,-,-,-,-,-
DRAFT-ONLY-DOC-INCOMPLETE,guideArticle,"Wadi El Gamal National Park",wp-page-60689,DRAFT-ONLY,-,-,-,-,-,-
DRAFT-HERO-PENDING-INCOMPLETE,guideArticle,"The Town of Marsa Alam",wp-page-60695,published+draft,-,-,-,-,-,-
DRAFT-HERO-PENDING-INCOMPLETE,guideArticle,"Only in Marsa Alam: The Dugong",wp-page-60706,published+draft,-,-,-,-,-,-
DRAFT-HERO-PENDING-INCOMPLETE,guideArticle,"History of Marsa Alam",wp-page-60712,published+draft,-,-,-,-,-,-
DRAFT-HERO-PENDING-INCOMPLETE,guideArticle,"How to Get to Marsa Alam",wp-page-60719,published+draft,-,-,-,-,-,-
DRAFT-HERO-PENDING-INCOMPLETE,guideArticle,"Nuweiba Tarabeen",wp-page-60736,published+draft,-,-,-,-,-,-
DRAFT-ONLY-DOC-INCOMPLETE,guideArticle,"Nabq National Park",wp-page-60770,DRAFT-ONLY,-,-,-,-,-,-
DRAFT-HERO-PENDING-INCOMPLETE,travelTip,"Airports in Egypt: A Guide to the Country's Gateways",wp-page-60892,published+draft,-,-,-,-,-,-
DRAFT-HERO-PENDING-INCOMPLETE,travelTip,"Bargaining in Egypt: The Culture Behind the Haggle",wp-page-60895,published+draft,-,-,-,-,-,-
DRAFT-HERO-PENDING-INCOMPLETE,travelTip,"Currency in Egypt: The Egyptian Pound, Cash, and Cards",wp-page-60896,published+draft,-,-,-,-,-,-
DRAFT-HERO-PENDING-INCOMPLETE,travelTip,"Water Safety in Egypt: Drinking Water, Swimming, Bilharzia",wp-page-60906,published+draft,-,-,-,-,-,-
DRAFT-HERO-PENDING-INCOMPLETE,travelTip,"Getting to Egypt: Flights, Ferries, and Border Crossings",wp-page-60907,published+draft,-,-,-,-,-,-
DRAFT-HERO-PENDING-INCOMPLETE,travelTip,"Language in Egypt: From Hieroglyphs to Street Arabic",wp-page-60909,published+draft,-,-,-,-,-,-
DRAFT-HERO-PENDING-INCOMPLETE,travelTip,"Ramadan in Egypt: How the Country Changes Its Rhythm",wp-page-60912,published+draft,-,-,-,-,-,-
DRAFT-HERO-PENDING-INCOMPLETE,travelTip,"Student Travel in Egypt: Discounts, Hostels & Trains",wp-page-60913,published+draft,-,-,-,-,-,-
DRAFT-ONLY-DOC-INCOMPLETE,travelTip,"Telephones In Egypt",wp-page-60914,DRAFT-ONLY,-,-,-,-,-,-
DRAFT-HERO-PENDING-INCOMPLETE,travelTip,"Solo Female Travel in Egypt: The Real Picture",wp-page-60931,published+draft,-,-,-,-,-,-
DRAFT-HERO-PENDING-INCOMPLETE,travelTip,"Where to Stay in Egypt: Hotels, Resorts and Beyond",wp-page-60932,published+draft,-,-,-,-,-,-
DRAFT-HERO-PENDING-INCOMPLETE,guideArticle,"Tropitel Naama Bay Sharm",wp-page-61927,published+draft,-,-,-,-,-,-
DRAFT-ONLY-DOC-INCOMPLETE,guideArticle,"Naama Bay Promenade Resort",wp-page-63527,DRAFT-ONLY,-,-,-,-,-,-
DRAFT-HERO-PENDING-INCOMPLETE,guideArticle,"Coptic Cairo",wp-page-63606,published+draft,-,-,-,-,-,-
DRAFT-HERO-PENDING-INCOMPLETE,hotel,"[object Object]",wp-page-63623,published+draft,-,-,-,-,-,-
NO-HERO-LIVE,nileCruise,"Nour El Nil – El Nil",wp-page-65281,published+draft,-,-,-,-,-,-
DRAFT-HERO-PENDING-INCOMPLETE,guideArticle,"Getting To Esna",wp-page-68016,published+draft,-,-,-,-,-,-
NO-HERO-DRAFTDOC,nileCruise," Nour El Nil Meroe Dahabiya",wp-page-70064,DRAFT-ONLY,-,-,-,-,-,-
DRAFT-HERO-PENDING-INCOMPLETE,travelTip,"Egypt Entrance Fees: What to Budget, What to Prioritise",wp-page-72256,published+draft,-,-,-,-,-,-
DRAFT-HERO-PENDING-INCOMPLETE,guideArticle,"Ticket Prices for Attractions in Aswan",wp-page-72314,published+draft,-,-,-,-,-,-
DRAFT-HERO-PENDING-INCOMPLETE,guideArticle,"Ticket Prices for Attractions in Beni Suef",wp-page-72323,published+draft,-,-,-,-,-,-
DRAFT-HERO-PENDING-INCOMPLETE,guideArticle,"Ticket Prices for Attractions in Cairo",wp-page-72325,published+draft,-,-,-,-,-,-
DRAFT-HERO-PENDING-INCOMPLETE,guideArticle,"Ticket Prices for Attractions in Sohag",wp-page-72336,published+draft,-,-,-,-,-,-
DRAFT-HERO-PENDING-INCOMPLETE,guideArticle,"Ticket Prices for Attractions in Qena",wp-page-72338,published+draft,-,-,-,-,-,-
DRAFT-HERO-PENDING-INCOMPLETE,guideArticle,"Ticket Prices for Attractions in Luxor",wp-page-72343,published+draft,-,-,-,-,-,-
DRAFT-HERO-PENDING-INCOMPLETE,guideArticle,"Ticket Prices for Attractions in Al Minya & Asyut",wp-page-72364,published+draft,-,-,-,-,-,-
DRAFT-HERO-PENDING-INCOMPLETE,travelTip,"Eating in Egypt: A Culinary Journey Through the Country",wp-page-73307,published+draft,-,-,-,-,-,-
DRAFT-HERO-PENDING-INCOMPLETE,travelTip,"Cultural Etiquette in Egypt: How to Navigate Daily Life",wp-page-73387,published+draft,-,-,-,-,-,-
DRAFT-HERO-PENDING-INCOMPLETE,guideArticle,"Events in Safaga",wp-page-75692,published+draft,-,-,-,-,-,-
DRAFT-ONLY-DOC-INCOMPLETE,guideArticle,"Places To Go In Safaga",wp-page-75694,DRAFT-ONLY,-,-,-,-,-,-
DRAFT-HERO-PENDING-INCOMPLETE,guideArticle,"Food in Ras Sudr",wp-page-75745,published+draft,-,-,-,-,-,-
DRAFT-HERO-PENDING-INCOMPLETE,guideArticle,"Places To Go In Rosetta",wp-page-75799,published+draft,-,-,-,-,-,-
DRAFT-HERO-PENDING-INCOMPLETE,guideArticle,"Food and Drink in Nuweiba",wp-page-75859,published+draft,-,-,-,-,-,-
DRAFT-HERO-PENDING-INCOMPLETE,guideArticle,"The Waterfront Quarter",wp-page-76458,published+draft,-,-,-,-,-,-
DRAFT-HERO-PENDING-INCOMPLETE,guideArticle,"The Suez Canal House",wp-page-76463,published+draft,-,-,-,-,-,-
DRAFT-HERO-PENDING-INCOMPLETE,guideArticle,"Events in Qena",wp-page-76533,published+draft,-,-,-,-,-,-
DRAFT-HERO-PENDING-INCOMPLETE,travelTip,"Distances Between Egyptian Cities: A Practical Guide",wp-page-77776,published+draft,-,-,-,-,-,-
DRAFT-ONLY-DOC-INCOMPLETE,guideArticle,"Places To Go In Marsa Matruh",wp-page-77873,DRAFT-ONLY,-,-,-,-,-,-
DRAFT-HERO-PENDING-INCOMPLETE,guideArticle,"Taba Heights",wp-page-78152,published+draft,-,-,-,-,-,-
DRAFT-HERO-PENDING-INCOMPLETE,guideArticle,"Kharga Oasis History",wp-page-78361,published+draft,-,-,-,-,-,-
DRAFT-HERO-PENDING-INCOMPLETE,guideArticle,"History Of Kom Ombo",wp-page-78370,published+draft,-,-,-,-,-,-
DRAFT-HERO-PENDING-INCOMPLETE,guideArticle,"Kom Ombo Weather And Best Time To Visit",wp-page-78374,published+draft,-,-,-,-,-,-
DRAFT-HERO-PENDING-INCOMPLETE,guideArticle,"Annual Events In Kom Ombo",wp-page-78375,published+draft,-,-,-,-,-,-
DRAFT-HERO-PENDING-INCOMPLETE,guideArticle,"Where To Stay When Visiting Kom Ombo",wp-page-78376,published+draft,-,-,-,-,-,-
DRAFT-HERO-PENDING-INCOMPLETE,guideArticle,"What To Eat In Kom Ombo",wp-page-78380,published+draft,-,-,-,-,-,-
DRAFT-HERO-PENDING-INCOMPLETE,guideArticle,"Where to Stay in Marsa Alam",wp-page-78396,published+draft,-,-,-,-,-,-
DRAFT-HERO-PENDING-INCOMPLETE,guideArticle,"Getting Around Marsa Alam",wp-page-78399,published+draft,-,-,-,-,-,-
DRAFT-HERO-PENDING-INCOMPLETE,guideArticle,"Things To Do in Marsa Alam",wp-page-78400,published+draft,-,-,-,-,-,-
DRAFT-HERO-PENDING-INCOMPLETE,guideArticle,"Food in Marsa Alam",wp-page-78403,published+draft,-,-,-,-,-,-
DRAFT-HERO-PENDING-INCOMPLETE,guideArticle,"How to Get to Hurghada",wp-page-78448,published+draft,-,-,-,-,-,-
DRAFT-HERO-PENDING-INCOMPLETE,guideArticle,"Getting Around Kom Ombo",wp-page-78784,published+draft,-,-,-,-,-,-
DRAFT-HERO-PENDING-INCOMPLETE,guideArticle,"Dahab History",wp-page-83360,published+draft,-,-,-,-,-,-
NO-HERO-DRAFTDOC,hotel,"4-Days Stay at Marriott Mena House",wp-page-86853,DRAFT-ONLY,-,-,-,-,-,-
DRAFT-HERO-PENDING-INCOMPLETE,guideArticle,"Sharm El-Sheikh Private Day Tours",wp-page-86911,published+draft,-,-,-,-,-,-
DRAFT-ONLY-DOC-INCOMPLETE,tour,"Temple Alignments: Kom Ombo and Edfu Temples Day Tour",wp-page-87484,DRAFT-ONLY,-,-,-,-,-,-
NO-HERO-DRAFTDOC,tour,"Nile’s Ancient Harmony: Esna, Edfu Kom Ombo Day Tour",wp-page-87510,DRAFT-ONLY,-,-,-,-,-,-
DRAFT-ONLY-DOC-INCOMPLETE,tour,"West Bank Wonders: The Grand West Bank Tour",wp-page-87527,DRAFT-ONLY,-,-,-,-,-,-
DRAFT-ONLY-DOC-INCOMPLETE,tour,"Giza’s Grandeur: Group Day Tour of the Pyramids and Sphinx",wp-page-87757,DRAFT-ONLY,-,-,-,-,-,-
DRAFT-ONLY-DOC-INCOMPLETE,tour,"Pyramids of Giza, Sphinx, Memphis & Saqqara",wp-page-87765,DRAFT-ONLY,-,-,-,-,-,-
DRAFT-ONLY-DOC-INCOMPLETE,tour,"Pyramids, Sphinx Egyptian Museum Tour",wp-page-87766,DRAFT-ONLY,-,-,-,-,-,-
DRAFT-ONLY-DOC-INCOMPLETE,tour,"Old Kingdom Trio: Group Day Tour to Memphis, Saqqara, and Dahshur",wp-page-88107,DRAFT-ONLY,-,-,-,-,-,-
DRAFT-ONLY-DOC-INCOMPLETE,tour,"Ancient Echoes: Alexandria Day Tour",wp-page-88108,DRAFT-ONLY,-,-,-,-,-,-
DRAFT-ONLY-DOC-INCOMPLETE,tour,"Oasis Legends: Fayoum Oasis and Beni Suef Pyramids Tour",wp-page-88109,DRAFT-ONLY,-,-,-,-,-,-
DRAFT-ONLY-DOC-INCOMPLETE,tour,"Karnak, Luxor Temples Museum Day Tour",wp-page-88172,DRAFT-ONLY,-,-,-,-,-,-
DRAFT-ONLY-DOC-INCOMPLETE,tour,"Half-Day Heritage: Luxor & Karnak Temples Tour",wp-page-88175,DRAFT-ONLY,-,-,-,-,-,-
DRAFT-ONLY-DOC-INCOMPLETE,tour,"Private Tour: Transfer from Luxor to Hurghada by Car",wp-page-88181,DRAFT-ONLY,-,-,-,-,-,-
DRAFT-ONLY-DOC-INCOMPLETE,tour,"Abu Simbel Car Day Tour from Aswan",wp-page-88502,DRAFT-ONLY,-,-,-,-,-,-
DRAFT-ONLY-DOC-INCOMPLETE,tour,"Exhilarating Desert Thrill: Quad Bike Safari to Bedouin Village",wp-page-88554,DRAFT-ONLY,-,-,-,-,-,-
DRAFT-ONLY-DOC-INCOMPLETE,tour,"Luxor Full Day Tour from Hurghada",wp-page-88562,DRAFT-ONLY,-,-,-,-,-,-
DRAFT-ONLY-DOC-INCOMPLETE,tour,"Private Tour: Dendera And Abydos Temples From Hurghada",wp-page-88563,DRAFT-ONLY,-,-,-,-,-,-
DRAFT-ONLY-DOC-INCOMPLETE,tour,"Nubian Life: Private Nubian Village and Nile Tour with Motor Boat",wp-page-88602,DRAFT-ONLY,-,-,-,-,-,-
DRAFT-ONLY-DOC-INCOMPLETE,tour,"Abu Simbel by Plane from Aswan",wp-page-88607,DRAFT-ONLY,-,-,-,-,-,-
DRAFT-ONLY-DOC-INCOMPLETE,tour,"Nile Link: Private Car Transfer from Aswan to Luxor",wp-page-88611,DRAFT-ONLY,-,-,-,-,-,-
DRAFT-ONLY-DOC-INCOMPLETE,guideArticle,"Weather In Dakhla Oasis",wp-page-94706,DRAFT-ONLY,-,-,-,-,-,-
DRAFT-HERO-PENDING-INCOMPLETE,guideArticle,"How To Go To Farafra Oasis",wp-page-96618,published+draft,-,-,-,-,-,-
NO-HERO-LIVE,guideArticle,"Qasr Ibrim",guideArticle.abu-simbel.qasr-ibrim,published,-,-,-,-,-,-
NO-HERO-LIVE,guideArticle,"The Great Temple of Abu Simbel",guideArticle.abu-simbel.the-great-temple-of-abu-simbel,published,-,-,-,-,-,-
NO-HERO-LIVE,guideArticle,"Tours and Excursions to Abu Simbel",guideArticle.abu-simbel.tours-in-abu-simbel,published,-,-,-,-,-,-
NO-HERO-LIVE,guideArticle,"The Ancient City of Pelusium",guideArticle.al-arish.ancient-city-of-pelusium,published,-,-,-,-,-,-
NO-HERO-LIVE,guideArticle,"Lake Bardawil",guideArticle.al-arish.bardawil-lake,published,-,-,-,-,-,-
NO-HERO-LIVE,guideArticle,"The Protected Area of Zaranik",guideArticle.al-arish.protected-area-of-zaranik,published,-,-,-,-,-,-
NO-HERO-LIVE,guideArticle,"Biahmu",guideArticle.al-fayoum.biahmu,published,-,-,-,-,-,-
NO-HERO-LIVE,guideArticle,"Kom Ushim, Karanis",guideArticle.al-fayoum.kom-ushim-karanis,published,-,-,-,-,-,-
NO-HERO-LIVE,guideArticle,"Medinet Madi",guideArticle.al-fayoum.medinet-madi,published,-,-,-,-,-,-
NO-HERO-LIVE,guideArticle,"The Mosque of Qaitbey in Al Fayoum",guideArticle.al-fayoum.the-mosque-of-qaitbey-in-al-fayoum,published,-,-,-,-,-,-
NO-HERO-LIVE,guideArticle,"Wadi Al-Hittan",guideArticle.al-fayoum.wadi-al-hittan,published,-,-,-,-,-,-
NO-HERO-LIVE,guideArticle,"Wadi Al-Rayan",guideArticle.al-fayoum.wadi-al-rayan,published,-,-,-,-,-,-
NO-HERO-LIVE,guideArticle,"Mangroovy Beach",guideArticle.al-gouna.mangroovy-beach,published,-,-,-,-,-,-
NO-HERO-LIVE,guideArticle,"Tawila Island",guideArticle.al-gouna.tawila-island,published,-,-,-,-,-,-
NO-HERO-LIVE,guideArticle,"Zeytouna Beach",guideArticle.al-gouna.zeytouna-beach,published,-,-,-,-,-,-
NO-HERO-LIVE,guideArticle,"Beni Hasan",guideArticle.al-minya.beni-hasan,published,-,-,-,-,-,-
NO-HERO-LIVE,guideArticle,"El Ashmunein",guideArticle.al-minya.el-ashmunein,published,-,-,-,-,-,-
NO-HERO-LIVE,guideArticle,"Speos Artemidos",guideArticle.al-minya.speos-artemidos,published,-,-,-,-,-,-
NO-HERO-LIVE,guideArticle,"Tell el-Amarna",guideArticle.al-minya.tell-el-amarna,published,-,-,-,-,-,-
NO-HERO-LIVE,guideArticle,"Tuna el-Gebel",guideArticle.al-minya.tuna-el-gebel,published,-,-,-,-,-,-
NO-HERO-LIVE,guideArticle,"Bir Umm Fawakhir",guideArticle.al-quseir.bir-umm-fawakhir,published,-,-,-,-,-,-
NO-HERO-LIVE,guideArticle,"The Port of Myos Hormos",guideArticle.al-quseir.port-of-myos-hormos,published,-,-,-,-,-,-
NO-HERO-LIVE,guideArticle,"Sultan Selim Fortress",guideArticle.al-quseir.sultan-selim-fortress,published,-,-,-,-,-,-
NO-HERO-LIVE,guideArticle,"El Wadi El Gedid Museum",guideArticle.al-wadi-al-gadid.el-wadi-el-gedid-museum,published,-,-,-,-,-,-
NO-HERO-LIVE,guideArticle,"Kharga Museum of Antiquities",guideArticle.al-wadi-al-gadid.kharga-museum-of-antiquities,published,-,-,-,-,-,-
NO-HERO-LIVE,guideArticle,"Tours and Excursions in Al Wadi al Gadid",guideArticle.al-wadi-al-gadid.tours-in-al-wadi-al-gadid,published,-,-,-,-,-,-
NO-HERO-LIVE,guideArticle,"Al-Mursi Abu al-Abbas Mosque",guideArticle.alexandria.al-mursi-abu-al-abbas-mosque,published,-,-,-,-,-,-
NO-HERO-LIVE,guideArticle,"Alexandria National Museum",guideArticle.alexandria.alexandria-national-museum,published,-,-,-,-,-,-
NO-HERO-LIVE,guideArticle,"Bibliotheca Alexandrina",guideArticle.alexandria.bibliotheca-alexandrina,published,-,-,-,-,-,-
NO-HERO-LIVE,guideArticle,"Catacombs of Kom el-Shoqafa",guideArticle.alexandria.catacombs-of-kom-el-shoqafa,published,-,-,-,-,-,-
NO-HERO-LIVE,guideArticle,"Necropolis of Anfushi",guideArticle.alexandria.necropolis-of-anfushi,published,-,-,-,-,-,-
NO-HERO-LIVE,guideArticle,"The Pharos Lighthouse",guideArticle.alexandria.pharos-lighthouse,published,-,-,-,-,-,-
NO-HERO-LIVE,guideArticle,"Pompey's Pillar",guideArticle.alexandria.pompeys-pillar,published,-,-,-,-,-,-
NO-HERO-LIVE,guideArticle,"The Citadel of Qaitbay",guideArticle.alexandria.qaitbey-fort,published,-,-,-,-,-,-
NO-HERO-LIVE,guideArticle,"The Roman Theatre at Kom el-Dikka",guideArticle.alexandria.roman-theatre,published,-,-,-,-,-,-
NO-HERO-LIVE,guideArticle,"Royal Jewellery Museum",guideArticle.alexandria.royal-family-jewellery-museum,published,-,-,-,-,-,-
NO-HERO-LIVE,guideArticle,"The Royal Palaces of Alexandria",guideArticle.alexandria.royal-palaces,published,-,-,-,-,-,-
NO-HERO-LIVE,guideArticle,"The Isis Temple in Aswan",guideArticle.aswan.aswan-isis-temple,published,-,-,-,-,-,-
NO-HERO-LIVE,guideArticle,"The Botanical Garden",guideArticle.aswan.botanical-garden,published,-,-,-,-,-,-
NO-HERO-LIVE,guideArticle,"Elephantine Island",guideArticle.aswan.elephantine-island,published,-,-,-,-,-,-
NO-HERO-LIVE,guideArticle,"Saint Simeon Monastery",guideArticle.aswan.saint-simeon-monastery,published,-,-,-,-,-,-
NO-HERO-LIVE,guideArticle,"Sehel Island",guideArticle.aswan.sehel-island,published,-,-,-,-,-,-
NO-HERO-LIVE,guideArticle,"The Aga Khan Mausoleum",guideArticle.aswan.the-aga-khan-mausoleum,published,-,-,-,-,-,-
NO-HERO-LIVE,guideArticle,"The Aswan Museum",guideArticle.aswan.the-aswan-museum,published,-,-,-,-,-,-
NO-HERO-LIVE,guideArticle,"Kalabsha Temple",guideArticle.aswan.the-kalabsha-temple,published,-,-,-,-,-,-
NO-HERO-LIVE,guideArticle,"Philae Temple",guideArticle.aswan.the-philae-temple,published,-,-,-,-,-,-
NO-HERO-LIVE,guideArticle,"The Unfinished Obelisk",guideArticle.aswan.the-unfinished-obelisk,published,-,-,-,-,-,-
NO-HERO-LIVE,guideArticle,"Convent of the Holy Virgin at Dorunka",guideArticle.asyut.convent-of-the-holy-virgin-at-dorunka,published,-,-,-,-,-,-
NO-HERO-LIVE,guideArticle,"The Necropolis of Meir",guideArticle.asyut.the-necropolis-of-meir,published,-,-,-,-,-,-
NO-HERO-LIVE,guideArticle,"The Tomb of Khety II at Asyut",guideArticle.asyut.the-tomb-of-khety-ii-at-asyut,published,-,-,-,-,-,-
NO-HERO-LIVE,guideArticle,"Al Qasr Village",guideArticle.bahariya-oasis.al-qasr-village,published,-,-,-,-,-,-
NO-HERO-LIVE,guideArticle,"Bawiti",guideArticle.bahariya-oasis.bawiti,published,-,-,-,-,-,-
NO-HERO-LIVE,guideArticle,"Crystal Mountain",guideArticle.bahariya-oasis.crystal-mountain,published,-,-,-,-,-,-
NO-HERO-LIVE,guideArticle,"El-Hayz",guideArticle.bahariya-oasis.el-hayz,published,-,-,-,-,-,-
NO-HERO-LIVE,guideArticle,"Valley of the Golden Mummies",guideArticle.bahariya-oasis.valley-of-the-golden-mummies,published,-,-,-,-,-,-
NO-HERO-LIVE,guideArticle,"Dishasha",guideArticle.beni-suef.dishasha,published,-,-,-,-,-,-
NO-HERO-LIVE,guideArticle,"Ehnasya el-Medina",guideArticle.beni-suef.ehnasya-el-medina,published,-,-,-,-,-,-
NO-HERO-LIVE,guideArticle,"Meidum Necropolis",guideArticle.beni-suef.meidum-necropolis,published,-,-,-,-,-,-
NO-HERO-LIVE,guideArticle,"Pyramid of Meidum",guideArticle.beni-suef.pyramid-of-meidum,published,-,-,-,-,-,-
NO-HERO-LIVE,guideArticle,"Al-Azhar Mosque",guideArticle.cairo.al-azhar-mosque,published,-,-,-,-,-,-
NO-HERO-LIVE,guideArticle,"Al-Azhar to The Citadel",guideArticle.cairo.al-azhar-to-the-citadel,published,-,-,-,-,-,-
NO-HERO-LIVE,guideArticle,"The al-Ghuriyya Complex",guideArticle.cairo.al-ghuriyya-complex,published,-,-,-,-,-,-
NO-HERO-LIVE,guideArticle,"Amir Taz Palace",guideArticle.cairo.amir-taz-palace,published,-,-,-,-,-,-
NO-HERO-LIVE,guideArticle,"An-Nasir Mohammed Bin Qalawoon Mosque",guideArticle.cairo.an-nasir-mohammed-bin-qalawoon-mosque,published,-,-,-,-,-,-
NO-HERO-LIVE,guideArticle,"Aqsunqur Mosque (The Blue Mosque)",guideArticle.cairo.aqsunqur-mosque-the-blue-mosque,published,-,-,-,-,-,-
NO-HERO-LIVE,guideArticle,"Aqsunur Mosque",guideArticle.cairo.aqsunur-mosque,published,-,-,-,-,-,-
NO-HERO-LIVE,guideArticle,"Bab Zuweila",guideArticle.cairo.bab-zuweila,published,-,-,-,-,-,-
NO-HERO-LIVE,guideArticle,"Bein al-Qasreen",guideArticle.cairo.bein-al-qasreen,published,-,-,-,-,-,-
NO-HERO-LIVE,guideArticle,"Beit al-Harrawi",guideArticle.cairo.beit-al-harrawi,published,-,-,-,-,-,-
NO-HERO-LIVE,guideArticle,"Beit al-Suhaymi",guideArticle.cairo.beit-al-suhaymi,published,-,-,-,-,-,-
NO-HERO-LIVE,guideArticle,"Beit Zeinab al-Khatoun",guideArticle.cairo.beit-zeinab-al-khatoun,published,-,-,-,-,-,-
NO-HERO-LIVE,guideArticle,"Ben Ezra Synagogue",guideArticle.cairo.ben-ezra-synagogue,published,-,-,-,-,-,-
NO-HERO-LIVE,guideArticle,"Church of Saint Barbara",guideArticle.cairo.church-of-saint-barbara,published,-,-,-,-,-,-
NO-HERO-LIVE,guideArticle,"Church of Saint Sergius and Bacchus (Abu Serga)",guideArticle.cairo.church-of-saint-sergius-and-bacchus-abu-serga,published,-,-,-,-,-,-
NO-HERO-LIVE,guideArticle,"Church of St Barbara",guideArticle.cairo.church-of-st-barbara,published,-,-,-,-,-,-
NO-HERO-LIVE,guideArticle,"The Church of St. Sergius Bacchus",guideArticle.cairo.church-of-st-sergius-bacchus,published,-,-,-,-,-,-
NO-HERO-LIVE,guideArticle,"Complex of Sultan al-Ashraf Barsbay",guideArticle.cairo.complex-of-sultan-al-ashraf-barsbay,published,-,-,-,-,-,-
NO-HERO-LIVE,guideArticle,"The Egyptian Museum of Antiquities",guideArticle.cairo.egyptian-museum-of-antiquities,published,-,-,-,-,-,-
NO-HERO-LIVE,guideArticle,"Egyptian Textile Museum",guideArticle.cairo.egyptian-textile-museum,published,-,-,-,-,-,-
NO-HERO-LIVE,guideArticle,"From Al-Azhar to the Citadel: Walking Islamic Cairo",guideArticle.cairo.from-al-azhar-to-the-citadel-walking-islamic-cairo,published,-,-,-,-,-,-
NO-HERO-LIVE,guideArticle,"The Gawhara Terrace and Palace",guideArticle.cairo.gawhara-terrace-and-palace,published,-,-,-,-,-,-
NO-HERO-LIVE,guideArticle,"Gayer-Anderson Museum",guideArticle.cairo.gayer-anderson-museum,published,-,-,-,-,-,-
NO-HERO-LIVE,guideArticle,"The Hanging Church (al-Mu'allaqa)",guideArticle.cairo.hanging-church-al-mu-allaqa,published,-,-,-,-,-,-
NO-HERO-LIVE,guideArticle,"Ibn Tulun Citadel",guideArticle.cairo.ibn-tulun-citadel,published,-,-,-,-,-,-
NO-HERO-LIVE,guideArticle,"Khan Al-Khalili Bazaar",guideArticle.cairo.khan-al-khalili-bazaar,published,-,-,-,-,-,-
NO-HERO-LIVE,guideArticle,"Khan el-Khalili",guideArticle.cairo.khan-el-khalili,published,-,-,-,-,-,-
NO-HERO-LIVE,guideArticle,"Khanqah and Mausoleum of Sultan Baybars al-Jashnagir",guideArticle.cairo.khanqah-and-mausoleum-of-sultan-baybars-al-jashnagir,published,-,-,-,-,-,-
NO-HERO-LIVE,guideArticle,"Khanqah-Mausoleum of Faraj ibn Barquq",guideArticle.cairo.khanqah-mausoleum-of-farag-ibn-barquq,published,-,-,-,-,-,-
NO-HERO-LIVE,guideArticle,"Khanqah & Mausoleum of Sultan Baybars al-Gashankir",guideArticle.cairo.khanqah-mausoleum-of-sultan-baybars-al-gashankir,published,-,-,-,-,-,-
NO-HERO-LIVE,guideArticle,"The Khayrbek Complex",guideArticle.cairo.khayrbek-complex,published,-,-,-,-,-,-
NO-HERO-LIVE,guideArticle,"Madrasa and Khanqah of Sultan Barquq",guideArticle.cairo.madrasa-and-khanqah-of-sultan-barquq,published,-,-,-,-,-,-
NO-HERO-LIVE,guideArticle,"Madrasa and Mausoleum of as-Salih Najm al-Din Ayyub",guideArticle.cairo.madrasa-and-mausoleum-of-as-salih-najm-al-din-ayyub,published,-,-,-,-,-,-
NO-HERO-LIVE,guideArticle,"The Madrasa of al-Nasir Muhammad ibn Qalawun: A Mamluk Madrasa with a Gothic Gate from Acre",guideArticle.cairo.madrasa-of-al-nasir-muhammad-ibn-qalawun-en-2026-05,published,-,-,-,-,-,-
NO-HERO-LIVE,guideArticle,"Madrassa And Mausoleum of Barquq",guideArticle.cairo.madrassa-and-mausoleum-of-barquq,published,-,-,-,-,-,-
NO-HERO-LIVE,guideArticle,"Madrassa & Mausoleum of as-Salih Negm El-Din Ayyub",guideArticle.cairo.madrassa-mausoleum-of-as-salih-negm-el-din-ayyub,published,-,-,-,-,-,-
NO-HERO-LIVE,guideArticle,"Madrassa & Mausoleum of Qalawun",guideArticle.cairo.madrassa-mausoleum-of-qalawun,published,-,-,-,-,-,-
NO-HERO-LIVE,guideArticle,"Mausoleum Complex of Sultan Qaytbay",guideArticle.cairo.mausoleum-complex-of-sultan-qaytbay,published,-,-,-,-,-,-
NO-HERO-LIVE,guideArticle,"Mausoleum of Al-Ghouri",guideArticle.cairo.mausoleum-of-al-ghouri,published,-,-,-,-,-,-
NO-HERO-LIVE,guideArticle,"Midan al-Hussein",guideArticle.cairo.midan-al-hussein,published,-,-,-,-,-,-
NO-HERO-LIVE,guideArticle,"Mosque-Madrasa of Al-Ghouri",guideArticle.cairo.mosque-madrasa-of-al-ghouri,published,-,-,-,-,-,-
NO-HERO-LIVE,guideArticle,"Mosque-Madrassa of Al-Ghouri",guideArticle.cairo.mosque-madrassa-of-al-ghouri,published,-,-,-,-,-,-
NO-HERO-LIVE,guideArticle,"Mosque-Madrasa of Sultan Hassan",guideArticle.cairo.mosque-madrassa-of-sultan-hassan,published,-,-,-,-,-,-
NO-HERO-LIVE,guideArticle,"Mosque-Madrasa of Umm Sultan Sha'aban",guideArticle.cairo.mosque-madrassa-of-umm-sultan-sha-aban,published,-,-,-,-,-,-
NO-HERO-LIVE,guideArticle,"Mosque & Madrassa of Umm Sultan Sha’aban",guideArticle.cairo.mosque-madrassa-of-umm-sultan-shaaban,published,-,-,-,-,-,-
NO-HERO-LIVE,guideArticle,"Mosque of al-Aqmar",guideArticle.cairo.mosque-of-al-aqmar,published,-,-,-,-,-,-
NO-HERO-LIVE,guideArticle,"Mosque of al-Hakim",guideArticle.cairo.mosque-of-al-hakim,published,-,-,-,-,-,-
NO-HERO-LIVE,guideArticle,"Mosque of Al-Mu'ayyad Shaykh",guideArticle.cairo.mosque-of-al-mu-ayyad-shaykh,published,-,-,-,-,-,-
NO-HERO-LIVE,guideArticle,"Mosque of Al-Nasir Mohammed Ben Qalawoon",guideArticle.cairo.mosque-of-al-nasir-mohammed-ben-qalawoon,published,-,-,-,-,-,-
NO-HERO-LIVE,guideArticle,"The Mosque of al-Nasir Muhammad ibn Qalawun: The Mamluk Royal Mosque in the Citadel of Cairo",guideArticle.cairo.mosque-of-al-nasir-muhammad-ibn-qalawun-en-2026-05,published,-,-,-,-,-,-
NO-HERO-LIVE,guideArticle,"Mosque of Amr ibn al-As",guideArticle.cairo.mosque-of-amr-ibn-al-as,published,-,-,-,-,-,-
NO-HERO-LIVE,guideArticle,"Mosque of Aslam al-Silahdar",guideArticle.cairo.mosque-of-aslam-al-silahdar,published,-,-,-,-,-,-
NO-HERO-LIVE,guideArticle,"Mosque of Ibn Tulun",guideArticle.cairo.mosque-of-ibn-tulun,published,-,-,-,-,-,-
NO-HERO-LIVE,guideArticle,"Mosque of Muhammad Ali",guideArticle.cairo.mosque-of-muhammad-ali,published,-,-,-,-,-,-
NO-HERO-LIVE,guideArticle,"Mosque of Sayyidna al-Hussein",guideArticle.cairo.mosque-of-sayyidna-al-hussein,published,-,-,-,-,-,-
NO-HERO-LIVE,guideArticle,"Museo Mevlevi (Mawlawiyya Museum)",guideArticle.cairo.museo-mevlevi-mawlawiyya-museum,published,-,-,-,-,-,-
NO-HERO-LIVE,guideArticle,"Museum of Islamic Art",guideArticle.cairo.museum-of-islamic-art,published,-,-,-,-,-,-
NO-HERO-LIVE,guideArticle,"Northern Cemetery",guideArticle.cairo.northern-cemetery,published,-,-,-,-,-,-
NO-HERO-LIVE,guideArticle,"The Northern Enclosure of the Citadel",guideArticle.cairo.northern-enclosure-of-the-citadel,published,-,-,-,-,-,-
NO-HERO-LIVE,guideArticle,"Northern Walls and Gates of Fatimid Cairo",guideArticle.cairo.northern-walls-and-gates-of-fatimid-cairo,published,-,-,-,-,-,-
NO-HERO-LIVE,guideArticle,"The Roman Towers and Church of Saint George",guideArticle.cairo.roman-towers-and-church-of-saint-george,published,-,-,-,-,-,-
NO-HERO-LIVE,guideArticle,"Sabil And Kuttab Of Abdel Rahman Katkhuda",guideArticle.cairo.sabil-and-kuttab-of-abdel-rahman-katkhuda,published,-,-,-,-,-,-
NO-HERO-LIVE,guideArticle,"Sabil-Kuttab of Abd al-Rahman Katkhuda",guideArticle.cairo.sabil-kuttab-of-abd-al-rahman-katkhuda,published,-,-,-,-,-,-
NO-HERO-LIVE,guideArticle,"Sabil of Muhammad Ali Pasha",guideArticle.cairo.sabil-of-muhammad-ali-pasha,published,-,-,-,-,-,-
NO-HERO-LIVE,guideArticle,"Sharia al-Muizz li-Din Allah",guideArticle.cairo.sharia-al-muizz-li-din-allah,published,-,-,-,-,-,-
NO-HERO-LIVE,guideArticle,"The Citadel of Saladin",guideArticle.cairo.the-citadel-of-saladin,published,-,-,-,-,-,-
NO-HERO-LIVE,guideArticle,"The Coptic Museum",guideArticle.cairo.the-coptic-museum,published,-,-,-,-,-,-
NO-HERO-LIVE,guideArticle,"The Mosque of Sultan Qaitbey",guideArticle.cairo.the-mosque-of-sultan-qaitbey,published,-,-,-,-,-,-
NO-HERO-LIVE,guideArticle,"The Roman Towers",guideArticle.cairo.the-roman-towers,published,-,-,-,-,-,-
NO-HERO-LIVE,guideArticle,"Wikala al-Bazar'a",guideArticle.cairo.wikala-al-bazar-a,published,-,-,-,-,-,-
NO-HERO-LIVE,guideArticle,"Abu Galum Protectorate",guideArticle.dahab.abu-galum-protectorate,published,-,-,-,-,-,-
NO-HERO-LIVE,guideArticle,"The Coloured Canyon",guideArticle.dahab.coloured-canyon,published,-,-,-,-,-,-
NO-HERO-LIVE,guideArticle,"How to Get to Dahab",guideArticle.dahab.how-to-go-in-dahab,published,-,-,-,-,-,-
NO-HERO-LIVE,guideArticle,"Tours and Excursions From Dahab",guideArticle.dahab.tours-in-dahab,published,-,-,-,-,-,-
NO-HERO-LIVE,guideArticle,"Deir el-Hagar",guideArticle.dakhla-oasis.deir-el-hagar,published,-,-,-,-,-,-
NO-HERO-LIVE,guideArticle,"The Muzawaka Tombs",guideArticle.dakhla-oasis.muzawaka-tombs,published,-,-,-,-,-,-
NO-HERO-LIVE,guideArticle,"The Temple Of Horus At Edfu",guideArticle.edfu.edfu-temple,published,-,-,-,-,-,-
NO-HERO-LIVE,guideArticle,"Elkab",guideArticle.edfu.elkab,published,-,-,-,-,-,-
NO-HERO-LIVE,guideArticle,"Tours And Excursions From Edfu",guideArticle.edfu.tours-in-edfu,published,-,-,-,-,-,-
NO-HERO-LIVE,guideArticle,"Temple Of Khnum, Esna",guideArticle.esna.the-temple-of-khnum-at-esna,published,-,-,-,-,-,-
NO-HERO-LIVE,guideArticle,"Badr's Museum",guideArticle.farafra-oasis.badr-museum,published,-,-,-,-,-,-
NO-HERO-LIVE,guideArticle,"Crystal Mountain And Aqabat Valley",guideArticle.farafra-oasis.crystal-mountain-and-aqabat,published,-,-,-,-,-,-
NO-HERO-LIVE,guideArticle,"El-Qaf",guideArticle.farafra-oasis.el-qaf,published,-,-,-,-,-,-
NO-HERO-LIVE,guideArticle,"The Fortress Of Farafra",guideArticle.farafra-oasis.fortress,published,-,-,-,-,-,-
NO-HERO-LIVE,guideArticle,"Getting Around Farafra Oasis",guideArticle.farafra-oasis.getting-around-in-farafra-oasis,published,-,-,-,-,-,-
NO-HERO-LIVE,guideArticle,"Ghard Abu Muharrik And The Sand Volcano",guideArticle.farafra-oasis.ghard-abu-muharrik-and-the-sand-volcano,published,-,-,-,-,-,-
NO-HERO-LIVE,guideArticle,"Hidden Valley And The New White Desert",guideArticle.farafra-oasis.hidden-valley-and-the-new-white-desert,published,-,-,-,-,-,-
NO-HERO-LIVE,guideArticle,"Getting To Farafra Oasis",guideArticle.farafra-oasis.how-to-go-in-farafra-oasis,published,-,-,-,-,-,-
NO-HERO-LIVE,guideArticle,"Off-Road From Farafra To Dakhla",guideArticle.farafra-oasis.off-road-farafra-to-dakhla,published,-,-,-,-,-,-
NO-HERO-LIVE,guideArticle,"The Palm Groves Of Farafra",guideArticle.farafra-oasis.palm-groves,published,-,-,-,-,-,-
NO-HERO-LIVE,guideArticle,"Qasr Al-Farafra",guideArticle.farafra-oasis.qasr-al-farafra,published,-,-,-,-,-,-
NO-HERO-LIVE,guideArticle,"The Road To Dakhla",guideArticle.farafra-oasis.road-to-dakhla,published,-,-,-,-,-,-
NO-HERO-LIVE,guideArticle,"Things To Do In Farafra Oasis",guideArticle.farafra-oasis.things-to-do-in-farafra-oasis,published,-,-,-,-,-,-
NO-HERO-LIVE,guideArticle,"Where To Stay In Farafra Oasis",guideArticle.farafra-oasis.top-hotels-in-farafra-oasis,published,-,-,-,-,-,-
NO-HERO-LIVE,guideArticle,"Farafra Oasis Weather And Best Time To Visit",guideArticle.farafra-oasis.weather-in-farafra-oasis,published,-,-,-,-,-,-
NO-HERO-LIVE,guideArticle,"White Desert National Park",guideArticle.farafra-oasis.white-desert-national-park,published,-,-,-,-,-,-
NO-HERO-LIVE,guideArticle,"Abusir Necropolis",guideArticle.giza.abusir-necropolis,published,-,-,-,-,-,-
NO-HERO-LIVE,guideArticle,"The Pyramid of Nyuserre",guideArticle.giza.abusir-pyramid-of-niuserre,published,-,-,-,-,-,-
NO-HERO-LIVE,guideArticle,"Bubastis (Tell Basta)",guideArticle.giza.bubastis-tell-basta,published,-,-,-,-,-,-
NO-HERO-LIVE,guideArticle,"Dahshur Necropolis",guideArticle.giza.dahshur-necropolis,published,-,-,-,-,-,-
NO-HERO-LIVE,guideArticle,"Imhotep Museum At Saqqara",guideArticle.giza.imhotep-museum-at-saqqara,published,-,-,-,-,-,-
NO-HERO-LIVE,guideArticle,"Lepsius XXIV",guideArticle.giza.lepsius-xxiv-abusir,published,-,-,-,-,-,-
NO-HERO-LIVE,guideArticle,"Lepsius XXV / The Double Pyramid",guideArticle.giza.lepsius-xxv-abusir,published,-,-,-,-,-,-
NO-HERO-LIVE,guideArticle,"The Mastaba of Ptahshepses",guideArticle.giza.mastaba-of-ptahshepses-at-abusir,published,-,-,-,-,-,-
NO-HERO-LIVE,guideArticle,"Memphis (Mit Rahina)",guideArticle.giza.memphis-mit-rahina,published,-,-,-,-,-,-
NO-HERO-LIVE,guideArticle,"Mit Rahina Museum",guideArticle.giza.mit-rahina-museum,published,-,-,-,-,-,-
NO-HERO-LIVE,guideArticle,"Pyramid Of Djedefre At Abu Rawash",guideArticle.giza.pyramid-of-djedefre-at-abu-rawash,published,-,-,-,-,-,-
NO-HERO-LIVE,guideArticle,"Pyramid Of Khafre",guideArticle.giza.pyramid-of-khafre,published,-,-,-,-,-,-
NO-HERO-LIVE,guideArticle,"The Pyramid of Khentkaus II",guideArticle.giza.pyramid-of-khentkaus-ii-at-abusir,published,-,-,-,-,-,-
NO-HERO-LIVE,guideArticle,"Pyramid Of Menkaure",guideArticle.giza.pyramid-of-menkaure,published,-,-,-,-,-,-
NO-HERO-LIVE,guideArticle,"The Pyramid of Neferefre / Raneferef",guideArticle.giza.pyramid-of-neferefre-at-abusir,published,-,-,-,-,-,-
NO-HERO-LIVE,guideArticle,"The Pyramid of Neferirkare",guideArticle.giza.pyramid-of-neferirkare-at-abusir,published,-,-,-,-,-,-
NO-HERO-LIVE,guideArticle,"The Pyramid of Sahure",guideArticle.giza.pyramid-of-sahure-at-abusir,published,-,-,-,-,-,-
NO-HERO-LIVE,guideArticle,"Pyramids Of Zawyet El-Aryan",guideArticle.giza.pyramids-of-zawyet-el-aryan,published,-,-,-,-,-,-
NO-HERO-LIVE,guideArticle,"Tanis (San Al-Hagar)",guideArticle.giza.tanis-san-al-hagar,published,-,-,-,-,-,-
NO-HERO-LIVE,guideArticle,"The Bent Pyramid Of Sneferu",guideArticle.giza.the-bent-pyramid-of-sneferu,published,-,-,-,-,-,-
NO-HERO-LIVE,guideArticle,"The Black Pyramid",guideArticle.giza.the-black-pyramid,published,-,-,-,-,-,-
NO-HERO-LIVE,guideArticle,"The Giza Plateau",guideArticle.giza.the-giza-plateau,published,-,-,-,-,-,-
NO-HERO-LIVE,guideArticle,"The Great Pyramid Of Khufu",guideArticle.giza.the-great-pyramid-of-khufu,published,-,-,-,-,-,-
NO-HERO-LIVE,guideArticle,"The Great Sphinx",guideArticle.giza.the-great-sphinx,published,-,-,-,-,-,-
NO-HERO-LIVE,guideArticle,"The Layer Pyramid Of Khaba At Zawyet El-Aryan",guideArticle.giza.the-layer-pyramid-of-khaba-at-zawyet-el-aryan,published,-,-,-,-,-,-
NO-HERO-LIVE,guideArticle,"The Red Pyramid Of Sneferu",guideArticle.giza.the-red-pyramid-of-sneferu,published,-,-,-,-,-,-
NO-HERO-LIVE,guideArticle,"The Saqqara Necropolis",guideArticle.giza.the-saqqara-necropolis,published,-,-,-,-,-,-
NO-HERO-LIVE,guideArticle,"The Solar Boat Of Khufu",guideArticle.giza.the-solar-boat-of-khufu,published,-,-,-,-,-,-
NO-HERO-LIVE,guideArticle,"The Unfinished Pyramid At Zawyet El-Aryan",guideArticle.giza.the-unfinished-pyramid-at-zawyet-el-aryan,published,-,-,-,-,-,-
NO-HERO-LIVE,guideArticle,"The White Pyramid Of Amenemhat II",guideArticle.giza.the-white-pyramid-of-amenemhat-ii,published,-,-,-,-,-,-
NO-HERO-LIVE,guideArticle,"Tomb Of General Horemheb At Saqqara",guideArticle.giza.tomb-of-general-horemheb-at-saqqara,published,-,-,-,-,-,-
NO-HERO-LIVE,guideArticle,"Tomb Of Mereruka At Saqqara",guideArticle.giza.tomb-of-mereruka-at-saqqara,published,-,-,-,-,-,-
NO-HERO-LIVE,guideArticle,"Top Tours In Giza",guideArticle.giza.tours-in-giza,published,-,-,-,-,-,-
NO-HERO-LIVE,guideArticle,"The Unfinished Pyramid of Shepseskare",guideArticle.giza.unfinished-pyramid-of-shepseskare-at-abusir,published,-,-,-,-,-,-
NO-HERO-LIVE,guideArticle,"Events in Giza",guideArticle.giza.upcoming-events-in-giza,published,-,-,-,-,-,-
NO-HERO-LIVE,guideArticle,"Abu Nuhas Shipwreck Sites",guideArticle.hurghada.abu-nuhas-shipwreck-sites,published,-,-,-,-,-,-
NO-HERO-LIVE,guideArticle,"Only in Hurghada",guideArticle.hurghada.only-in-hurghada,published,-,-,-,-,-,-
NO-HERO-LIVE,guideArticle,"Straits of Gubal",guideArticle.hurghada.straits-of-gubal,published,-,-,-,-,-,-
NO-HERO-LIVE,guideArticle,"Events in Hurghada",guideArticle.hurghada.upcoming-events-in-hurghada,published,-,-,-,-,-,-
NO-HERO-LIVE,guideArticle,"Cemetery Of El-Bagawat",guideArticle.kharga-oasis.cemetery-of-el-bagawat,published,-,-,-,-,-,-
NO-HERO-LIVE,guideArticle,"Fortress And Temple At Nadura",guideArticle.kharga-oasis.fortress-and-temple-at-nadura,published,-,-,-,-,-,-
NO-HERO-LIVE,guideArticle,"Hibis Temple",guideArticle.kharga-oasis.hibis-temple,published,-,-,-,-,-,-
NO-HERO-LIVE,guideArticle,"Kharga Cultural Museum",guideArticle.kharga-oasis.kharga-cultural-museum,published,-,-,-,-,-,-
NO-HERO-LIVE,guideArticle,"Qasr El-Ghueita",guideArticle.kharga-oasis.qasr-el-ghueita,published,-,-,-,-,-,-
NO-HERO-LIVE,guideArticle,"Tours And Itineraries In Kharga Oasis",guideArticle.kharga-oasis.tours-in-kharga-oasis,published,-,-,-,-,-,-
NO-HERO-LIVE,guideArticle,"Gebel El-Silsila",guideArticle.kom-ombo.gebel-el-silsila,published,-,-,-,-,-,-
NO-HERO-LIVE,guideArticle,"Khnum Temple",guideArticle.kom-ombo.khnum-temple,published,-,-,-,-,-,-
NO-HERO-LIVE,guideArticle,"Only In Kom Ombo",guideArticle.kom-ombo.only-in-kom-ombo,published,-,-,-,-,-,-
NO-HERO-LIVE,guideArticle,"The Speos Of Horemheb",guideArticle.kom-ombo.speos-of-horemheb,published,-,-,-,-,-,-
NO-HERO-LIVE,guideArticle,"The Temple Of Kom Ombo",guideArticle.kom-ombo.the-temple-of-kom-ombo,published,-,-,-,-,-,-
NO-HERO-LIVE,guideArticle,"Deir el-Medina",guideArticle.luxor.deir-el-madina,published,-,-,-,-,-,-
NO-HERO-LIVE,guideArticle,"El-Assasif",guideArticle.luxor.el-assasif,published,-,-,-,-,-,-
NO-HERO-LIVE,guideArticle,"El-Khokha",guideArticle.luxor.el-khokha,published,-,-,-,-,-,-
NO-HERO-LIVE,guideArticle,"Medinet Habu",guideArticle.luxor.madinat-habu-temple,published,-,-,-,-,-,-
NO-HERO-LIVE,guideArticle,"Only in Luxor",guideArticle.luxor.only-in-luxor,published,-,-,-,-,-,-
NO-HERO-LIVE,guideArticle,"The Ramesseum",guideArticle.luxor.ramesseum,published,-,-,-,-,-,-
NO-HERO-LIVE,guideArticle,"Sheikh Abd el-Qurna",guideArticle.luxor.sheikh-abd-el-qurna,published,-,-,-,-,-,-
NO-HERO-LIVE,guideArticle,"The Colossi of Memnon",guideArticle.luxor.the-colossi-of-memnon,published,-,-,-,-,-,-
NO-HERO-LIVE,guideArticle,"The Luxor Museum",guideArticle.luxor.the-luxor-museum,published,-,-,-,-,-,-
NO-HERO-LIVE,guideArticle,"Luxor Temple",guideArticle.luxor.the-luxor-temple,published,-,-,-,-,-,-
NO-HERO-LIVE,guideArticle,"The Mortuary Temple of Queen Hatshepsut",guideArticle.luxor.the-mortuary-temple-of-queen-hatshepsut,published,-,-,-,-,-,-
NO-HERO-LIVE,guideArticle,"Valley of the Kings",guideArticle.luxor.valley-of-the-kings,published,-,-,-,-,-,-
NO-HERO-LIVE,guideArticle,"Valley of the Queens",guideArticle.luxor.valley-of-the-queens,published,-,-,-,-,-,-
NO-HERO-LIVE,guideArticle,"Abu Dabbab Beach",guideArticle.marsa-alam.abu-dabbab-beach,published,-,-,-,-,-,-
NO-HERO-LIVE,guideArticle,"The Camel Market at Shalateen",guideArticle.marsa-alam.camel-market-at-shalateen,published,-,-,-,-,-,-
NO-HERO-LIVE,guideArticle,"Hamata Islands",guideArticle.marsa-alam.hamata-islands,published,-,-,-,-,-,-
NO-HERO-LIVE,guideArticle,"Port Ghalib Marina",guideArticle.marsa-alam.port-ghalib-marina,published,-,-,-,-,-,-
NO-HERO-LIVE,guideArticle,"Sataya Reef",guideArticle.marsa-alam.sataya-reef,published,-,-,-,-,-,-
NO-HERO-LIVE,guideArticle,"Sharm El Luli",guideArticle.marsa-alam.sharm-el-luli,published,-,-,-,-,-,-
NO-HERO-LIVE,guideArticle,"Wadi El Gemal National Park",guideArticle.marsa-alam.wadi-el-gemal-national-park,published,-,-,-,-,-,-
NO-HERO-LIVE,guideArticle,"Places in Marsa Matruh",guideArticle.marsa-matruh.places-in-marsa-matruh,published,-,-,-,-,-,-
NO-HERO-LIVE,guideArticle,"Nuweiba History",guideArticle.nuweiba.nuweiba-historical-overview,published,-,-,-,-,-,-
NO-HERO-LIVE,guideArticle,"Tours and Excursions from Nuweiba",guideArticle.nuweiba.tours-in-nuweiba,published,-,-,-,-,-,-
NO-HERO-LIVE,guideArticle,"Getting to Port Said",guideArticle.port-said.how-to-go-in-port-said,published,-,-,-,-,-,-
NO-HERO-LIVE,guideArticle,"Port Said Military Museum",guideArticle.port-said.military-museum,published,-,-,-,-,-,-
NO-HERO-LIVE,guideArticle,"Tours in Port Said",guideArticle.port-said.tours-in-port-said,published,-,-,-,-,-,-
NO-HERO-LIVE,guideArticle,"The Chapel of the Disc",guideArticle.qena.chapel-of-the-disc,published,-,-,-,-,-,-
NO-HERO-LIVE,guideArticle,"Cleopatra and Caesarion",guideArticle.qena.cleopatra-and-caesarion,published,-,-,-,-,-,-
NO-HERO-LIVE,guideArticle,"Dendera Village",guideArticle.qena.dendera-village,published,-,-,-,-,-,-
NO-HERO-LIVE,guideArticle,"The Dendera Zodiac and the Osiris Chapels",guideArticle.qena.dendera-zodiac-and-the-osiris-chapels,published,-,-,-,-,-,-
NO-HERO-LIVE,guideArticle,"Hathor and Bes",guideArticle.qena.hathor-and-bes,published,-,-,-,-,-,-
NO-HERO-LIVE,guideArticle,"The Hypostyle Hall and Ceiling",guideArticle.qena.hypostyle-hall-and-ceiling,published,-,-,-,-,-,-
NO-HERO-LIVE,guideArticle,"Nectanebo Mammisi",guideArticle.qena.nectanebo-mammisi,published,-,-,-,-,-,-
NO-HERO-LIVE,guideArticle,"Roman Mammisi",guideArticle.qena.roman-mammisi,published,-,-,-,-,-,-
NO-HERO-LIVE,guideArticle,"The Temple of Dendera",guideArticle.qena.the-temple-of-dendera,published,-,-,-,-,-,-
NO-HERO-LIVE,guideArticle,"The Temple of Hathor",guideArticle.qena.the-temple-of-hathor,published,-,-,-,-,-,-
NO-HERO-LIVE,guideArticle,"The Temple Precinct",guideArticle.qena.the-temple-precinct,published,-,-,-,-,-,-
NO-HERO-LIVE,guideArticle,"Tours and Excursions from Qena",guideArticle.qena.tours-in-qena,published,-,-,-,-,-,-
NO-HERO-LIVE,guideArticle,"Places in Ras Sudr",guideArticle.ras-sudr.places-in-ras-sudr,published,-,-,-,-,-,-
NO-HERO-LIVE,guideArticle,"Food in Rosetta (Rasheed)",guideArticle.rosetta-rasheed.food-in-rosetta-rasheed,published,-,-,-,-,-,-
NO-HERO-LIVE,guideArticle,"Getting Around Rosetta (Rasheed)",guideArticle.rosetta-rasheed.getting-around-in-rosetta-rasheed,published,-,-,-,-,-,-
NO-HERO-LIVE,guideArticle,"Getting to Rosetta (Rasheed)",guideArticle.rosetta-rasheed.how-to-go-in-rosetta-rasheed,published,-,-,-,-,-,-
NO-HERO-LIVE,guideArticle,"Only in Rosetta: The Place Behind the Stone",guideArticle.rosetta-rasheed.only-in-rosetta-rasheed,published,-,-,-,-,-,-
NO-HERO-LIVE,guideArticle,"Places to Go in Rosetta (Rasheed)",guideArticle.rosetta-rasheed.places-in-rosetta,published,-,-,-,-,-,-
NO-HERO-LIVE,guideArticle,"Rosetta (Rasheed) History",guideArticle.rosetta-rasheed.rosetta-rasheed-historical-overview,published,-,-,-,-,-,-
NO-HERO-LIVE,guideArticle,"Things to Do in Rosetta (Rasheed)",guideArticle.rosetta-rasheed.things-to-do-in-rosetta-rasheed,published,-,-,-,-,-,-
NO-HERO-LIVE,guideArticle,"Where to Stay in Rosetta (Rasheed)",guideArticle.rosetta-rasheed.top-hotels-in-rosetta-rasheed,published,-,-,-,-,-,-
NO-HERO-LIVE,guideArticle,"Tours in Rosetta (Rasheed)",guideArticle.rosetta-rasheed.tours-in-rosetta-rasheed,published,-,-,-,-,-,-
NO-HERO-LIVE,guideArticle,"Rosetta Weather and Best Time to Visit",guideArticle.rosetta-rasheed.weather-in-rosetta-rasheed,published,-,-,-,-,-,-
NO-HERO-LIVE,guideArticle,"Places in Safaga",guideArticle.safaga.places-in-safaga,published,-,-,-,-,-,-
NO-HERO-LIVE,guideArticle,"The Fatimid Mosque at Saint Catherine's Monastery",guideArticle.saint-catherine.fatimid-mosque,published,-,-,-,-,-,-
NO-HERO-LIVE,guideArticle,"The Library of Saint Catherine's Monastery",guideArticle.saint-catherine.library-of-the-monastery,published,-,-,-,-,-,-
NO-HERO-LIVE,guideArticle,"Mount Sinai: Jebel Musa",guideArticle.saint-catherine.mount-sinai-jebel-musa,published,-,-,-,-,-,-
NO-HERO-LIVE,guideArticle,"Saint Catherine's Monastery",guideArticle.saint-catherine.saint-catherine-monastery,published,-,-,-,-,-,-
NO-HERO-LIVE,guideArticle,"Serabit el-Khadim",guideArticle.saint-catherine.serabit-el-khadim,published,-,-,-,-,-,-
NO-HERO-LIVE,guideArticle,"Nabq Protected Area",guideArticle.sharm-el-sheikh.nabq-national-park,published,-,-,-,-,-,-
NO-HERO-LIVE,guideArticle,"Ras Mohammed National Park",guideArticle.sharm-el-sheikh.ras-mohammed-national-park,published,-,-,-,-,-,-
NO-HERO-LIVE,guideArticle,"The Heavenly Cathedral",guideArticle.sharm-el-sheikh.the-heavenly-cathedral,published,-,-,-,-,-,-
NO-HERO-LIVE,guideArticle,"Tours and Excursions in Sharm El Sheikh",guideArticle.sharm-el-sheikh.tours-in-sharm-el-sheikh,published,-,-,-,-,-,-
NO-HERO-LIVE,guideArticle,"Cleopatra's Pool",guideArticle.siwa-oasis.cleopatra-s-pool,published,-,-,-,-,-,-
NO-HERO-LIVE,guideArticle,"Dakrour Mountain",guideArticle.siwa-oasis.dakrour-mountain,published,-,-,-,-,-,-
NO-HERO-LIVE,guideArticle,"Fatnas Island",guideArticle.siwa-oasis.fatnas-island,published,-,-,-,-,-,-
NO-HERO-LIVE,guideArticle,"Food in Siwa Oasis",guideArticle.siwa-oasis.food-in-siwa-oasis,published,-,-,-,-,-,-
NO-HERO-LIVE,guideArticle,"Getting Around Siwa Oasis",guideArticle.siwa-oasis.getting-around-in-siwa-oasis,published,-,-,-,-,-,-
NO-HERO-LIVE,guideArticle,"How to Get to Siwa Oasis",guideArticle.siwa-oasis.how-to-go-in-siwa-oasis,published,-,-,-,-,-,-
NO-HERO-LIVE,guideArticle,"Mountain of the Dead",guideArticle.siwa-oasis.mountain-of-the-dead,published,-,-,-,-,-,-
NO-HERO-LIVE,guideArticle,"Only Here: Traditional Healing in Siwa",guideArticle.siwa-oasis.only-in-siwa-oasis,published,-,-,-,-,-,-
NO-HERO-LIVE,guideArticle,"The Salt Lakes of Siwa",guideArticle.siwa-oasis.salt-lakes,published,-,-,-,-,-,-
NO-HERO-LIVE,guideArticle,"Shali Fortress",guideArticle.siwa-oasis.shali-fortress,published,-,-,-,-,-,-
NO-HERO-LIVE,guideArticle,"The Siwa House Museum",guideArticle.siwa-oasis.siwa-house-museum,published,-,-,-,-,-,-
NO-HERO-LIVE,guideArticle,"Siwa Oasis History",guideArticle.siwa-oasis.siwa-oasis-historical-overview,published,-,-,-,-,-,-
NO-HERO-LIVE,guideArticle,"Temple of the Oracle",guideArticle.siwa-oasis.temple-of-the-oracle,published,-,-,-,-,-,-
NO-HERO-LIVE,guideArticle,"Where to Stay in Siwa Oasis",guideArticle.siwa-oasis.top-hotels-in-siwa-oasis,published,-,-,-,-,-,-
NO-HERO-LIVE,guideArticle,"Siwa Tours and Excursions",guideArticle.siwa-oasis.tours-in-siwa-oasis,published,-,-,-,-,-,-
NO-HERO-LIVE,guideArticle,"Events in Siwa",guideArticle.siwa-oasis.upcoming-events-in-siwa-oasis,published,-,-,-,-,-,-
NO-HERO-LIVE,guideArticle,"Siwa Weather and Best Time to Visit",guideArticle.siwa-oasis.weather-in-siwa-oasis,published,-,-,-,-,-,-
NO-HERO-LIVE,guideArticle,"Abydos Temple",guideArticle.sohag.abydos-temple,published,-,-,-,-,-,-
NO-HERO-LIVE,guideArticle,"How to Get to Sohag",guideArticle.sohag.how-to-go-in-sohag,published,-,-,-,-,-,-
NO-HERO-LIVE,guideArticle,"Sohag History",guideArticle.sohag.sohag-historical-overview,published,-,-,-,-,-,-
NO-HERO-LIVE,guideArticle,"The Red Monastery",guideArticle.sohag.the-red-monastery,published,-,-,-,-,-,-
NO-HERO-LIVE,guideArticle,"The White Monastery",guideArticle.sohag.the-white-monastery,published,-,-,-,-,-,-
NO-HERO-LIVE,guideArticle,"Sohag Tours and Itinerary Ideas",guideArticle.sohag.tours-in-sohag,published,-,-,-,-,-,-
NO-HERO-LIVE,guideArticle,"Suez Tours and Itinerary Ideas",guideArticle.suez.tours-in-suez,published,-,-,-,-,-,-
NO-HERO-LIVE,guideArticle,"Pharaoh's Island",guideArticle.taba.pharaoh-island,published,-,-,-,-,-,-
NO-HERO-LIVE,guideArticle,"Tours and Excursions From Taba",guideArticle.taba.tours-in-taba,published,-,-,-,-,-,-
NO-HERO-LIVE,guideArticle,"Monastery of Saint Macarius the Great",guideArticle.wadi-el-natrun.monastery-of-saint-macarius-the-great,published,-,-,-,-,-,-
NO-HERO-LIVE,guideArticle,"Monastery of Saint Pishoy",guideArticle.wadi-el-natrun.monastery-of-saint-pishoy,published,-,-,-,-,-,-
NO-HERO-LIVE,guideArticle,"Only in Wadi Al-Natron",guideArticle.wadi-el-natrun.only-in-wadi-el-natrun,published,-,-,-,-,-,-
NO-HERO-LIVE,guideArticle,"Paromeos Monastery",guideArticle.wadi-el-natrun.paromeos-monastery,published,-,-,-,-,-,-
NO-HERO-LIVE,guideArticle,"The Syrian Monastery",guideArticle.wadi-el-natrun.syrian-monastery,published,-,-,-,-,-,-
NO-HERO-LIVE,guideArticle,"Things to Do in Wadi Al-Natron",guideArticle.wadi-el-natrun.things-to-do-in-wadi-el-natrun,published,-,-,-,-,-,-
NO-HERO-LIVE,hotel,"Adrere Amellal Desert Ecolodge, Siwa: No Electricity, No Wi-Fi",hotel.adr-re-amellal-ecolodge-siwa,published,-,-,-,-,-,-
NO-HERO-LIVE,hotel,"Al Tabuna Camp, Dakhla Oasis: Rooted in Oasis Food Culture",hotel.al-tabuna-camp-dakhla-oasis,published,-,-,-,-,-,-
NO-HERO-LIVE,hotel,"Barcelo Tiran Sharm: 1,100 Metres of Private Beach",hotel.barcelo-tiran-sharm-resort,published,-,-,-,-,-,-
NO-HERO-LIVE,hotel,"Dusit Thani LakeView Cairo: Thai Luxury in New Cairo",hotel.dusit-thani-lake-view,published,-,-,-,-,-,-
NO-HERO-LIVE,hotel,"Ghaliet Ecolodge, Siwa: Solar-Powered, Spring-Fed",hotel.ghaliet-siwa-ecolodge,published,-,-,-,-,-,-
NO-HERO-LIVE,hotel,"InterContinental Cairo Semiramis (renovation 1 Jan – 31 Dec 2026, remains open)",hotel.intercontinental-cairo-semiramis,published,-,-,-,-,-,-
NO-HERO-LIVE,hotel,"La Maison Bleue El Gouna: Relais & Chateaux, Adults-Only",hotel.la-maison-bleue-el-gouna,published,-,-,-,-,-,-
NO-HERO-LIVE,hotel,"Naama Bay Hotel & Resort (formerly Tropitel Naama Bay)",hotel.naama-bay-hotel-and-resort,published,-,-,-,-,-,-
NO-HERO-LIVE,hotel,"Naama Bay Promenade Beach Resort, Managed by Accor",hotel.naama-bay-promenade-beach-resort-by-accor,published,-,-,-,-,-,-
NO-HERO-LIVE,hotel,"The Oberoi Beach Resort, Sahl Hasheesh: All-Suite Luxury",hotel.oberoi-sahl-hasheesh,published,-,-,-,-,-,-
NO-HERO-LIVE,hotel,"Park Regency Sharm El Sheikh Resort (formerly Hyatt Regency)",hotel.park-regency-sharm-el-sheikh-resort,published,-,-,-,-,-,-
NO-HERO-LIVE,hotel,"Shamsiya Camp, Dakhla Oasis: Desert Stay in the Western Desert",hotel.shamsiya-camp-dakhla-oasis,published,-,-,-,-,-,-
NO-HERO-LIVE,hotel,"Taziry Ecolodge & Sustainable Village, Siwa",hotel.taziry-ecolodge-siwa-safari,published,-,-,-,-,-,-
NO-HERO-LIVE,hotel,"Waldorf Astoria Cairo Heliopolis: The Airport-Side Luxury",hotel.the-waldorf-astoria-cairo,published,-,-,-,-,-,-
NO-HERO-LIVE,nileCruise,"AmaWaterways AmaDahlia",nileCruise.amawaterways-amadahlia-nile-cruise,published,-,-,-,-,-,-
NO-HERO-LIVE,nileCruise,"AmaWaterways AmaLilia",nileCruise.amawaterways-amalilia-nile-cruise,published,-,-,-,-,-,-
NO-HERO-LIVE,nileCruise,"Eyaru Dahabiya",nileCruise.eyaru-dahabiya,published,-,-,-,-,-,-
NO-HERO-LIVE,nileCruise,"MS Historia",nileCruise.historia-boutique-nile-cruise,published,-,-,-,-,-,-
NO-HERO-LIVE,nileCruise,"La Flâneuse du Nil",nileCruise.la-flaneuse-du-nil-dahabiya,published,-,-,-,-,-,-
NO-HERO-LIVE,nileCruise,"Lazuli Dahabiya (launched January 2026)",nileCruise.lazuli-dahabiya,published,-,-,-,-,-,-
NO-HERO-LIVE,nileCruise,"MS Eugénie (Lake Nasser)",nileCruise.ms-eugenie-lake-nasser-cruise,published,-,-,-,-,-,-
NO-HERO-LIVE,nileCruise,"El Nil Dahabiya: Nour El Nil, Ten Cabins, Twenty Guests",nileCruise.nour-el-nil-dahabiya,published,-,-,-,-,-,-
NO-HERO-LIVE,nileCruise,"Sanctuary Nile Adventurer",nileCruise.sanctuary-nile-adventurer,published,-,-,-,-,-,-
NO-HERO-LIVE,nileCruise,"Sanctuary Nile Seray (launching October 2026)",nileCruise.sanctuary-nile-seray,published,-,-,-,-,-,-
NO-HERO-LIVE,nileCruise,"Sanctuary Sun Boat III",nileCruise.sanctuary-sun-boat-iii,published,-,-,-,-,-,-
NO-HERO-LIVE,nileCruise,"Sanctuary Sun Boat IV",nileCruise.sanctuary-sun-boat-iv,published,-,-,-,-,-,-
NO-HERO-LIVE,nileCruise,"Sanctuary Zein Nile Chateau",nileCruise.sanctuary-zein-nile-chateau,published,-,-,-,-,-,-
NO-HERO-LIVE,nileCruise,"Steam Ship Sudan",nileCruise.steam-ship-sudan-nile-cruise,published,-,-,-,-,-,-
NO-HERO-LIVE,nileCruise,"Uniworld River Tosca",nileCruise.uniworld-river-tosca-nile-cruise,published,-,-,-,-,-,-
NO-HERO-LIVE,nileCruise,"Viking Aton",nileCruise.viking-aton-nile-cruise,published,-,-,-,-,-,-
NO-HERO-LIVE,nileCruise,"Viking Osiris",nileCruise.viking-osiris-nile-cruise,published,-,-,-,-,-,-
NO-HERO-LIVE,theme,"Adventure",theme-adventure,published,-,-,-,-,-,-
NO-HERO-LIVE,theme,"Dahabiya Nile Cruise",theme-dahabiya-nile-cruise,published,-,-,-,-,-,-
NO-HERO-LIVE,theme,"Egypt on the Go",theme-egypt-on-the-go,published,-,-,-,-,-,-
NO-HERO-LIVE,theme,"Egypt and the Red Sea",theme-egypt-red-sea,published,-,-,-,-,-,-
NO-HERO-LIVE,theme,"Family Egypt",theme-family-egypt,published,-,-,-,-,-,-
NO-HERO-LIVE,theme,"Hassle Free",theme-hassle-free,published,-,-,-,-,-,-
NO-HERO-LIVE,theme,"Luxury",theme-luxury,published,-,-,-,-,-,-
NO-HERO-LIVE,theme,"Nile Cruise",theme-nile-cruise,published,-,-,-,-,-,-
NO-HERO-LIVE,theme,"Special Interest",theme-special-interest,published,-,-,-,-,-,-
NO-HERO-LIVE,tour,"Luxor by Air: A Two-Day Tour from Cairo",tour.02-day-luxor-tour-by-plane-from-cairo,published,-,-,-,-,-,-
NO-HERO-LIVE,tour,"Two Days from Luxor to Abu Simbel — With a Night in Between",tour.2-day-egypt-s-majestic-trio-aswan-and-abu-simbel-from-luxor,published,-,-,-,-,-,-
NO-HERO-LIVE,tour,"Two Days in the Nubian Desert: A Quiet Retreat near Lake Nasser",tour.2-day-nubian-desert-nature-wildlife-retreat,published,-,-,-,-,-,-
NO-HERO-LIVE,tour,"7-Day Luxor to Aswan Dahabiya Nile Cruise Aboard Malouka",tour.7-days-luxor-to-aswan-dahabiya-cruise,published,-,-,-,-,-,-
NO-HERO-LIVE,tour,"7-Day Dahabiya Cruise on the Nile: Luxor to Aswan",tour.7-days-luxury-dahabiya-cruise-on-the-nile,published,-,-,-,-,-,-
NO-HERO-LIVE,tour,"7-Day Nile Dahabiya Cruise: Luxor to Aswan Aboard Roman",tour.7-days-of-splendor-exploring-the-nile-on-a-roman-dahabiya,published,-,-,-,-,-,-
NO-HERO-LIVE,tour,"8-Day Egypt Highlights: Cairo, Abu Simbel, the Nile and Luxor",tour.8-days-best-of-egypt-tour-package,published,-,-,-,-,-,-
NO-HERO-LIVE,tour,"7-Day Dahabiya Nile Cruise from Luxor to Aswan Aboard Adelaïde",tour.adelaide-dahabiya-nile-cruise,published,-,-,-,-,-,-
NO-HERO-LIVE,tour,"7-Day Dahabiya Nile Journey from Luxor to Aswan Aboard Agatha",tour.agatha-dahabiya-journey-along-the-nile,published,-,-,-,-,-,-
NO-HERO-LIVE,tour,"Cairo Weekend City Break: 3 Days in the Egyptian Capital",tour.cairo-weekend-city-break-2-nights-3-days,published,-,-,-,-,-,-
NO-HERO-LIVE,tour,"Two Days from Cairo into the Western Desert: Bahariya, Black and White",tour.desert-oasis-2-day-bahariya-oasis-private-tour-from-cairo,published,-,-,-,-,-,-
NO-HERO-LIVE,tour,"Luxor Airport Transfer: Arrivals & Departures, Done Right",tour.gateway-to-the-past-luxor-airport-transfer,published,-,-,-,-,-,-
NO-HERO-LIVE,tour,"Jerusalem, the Dead Sea & Bethlehem: Group Day Tour from Sharm El Sheikh",tour.jerusalem-dead-sea-bethlehem-group-day-tour-from-sharm,published,-,-,-,-,-,-
NO-HERO-LIVE,tour,"Mount Sinai Sunrise Trek & St. Catherine's Monastery: Group Tour",tour.mount-sinai-sunrise-trek-group-day-tour,published,-,-,-,-,-,-
NO-HERO-LIVE,tour,"Private Transfer: Luxor to Hurghada by Car",tour.private-tour-transfer-from-luxor-to-hurghada-by-bus,published,-,-,-,-,-,-
NO-HERO-LIVE,tour,"8-Day Red Sea Hurghada Tour: The Pearl of the Red Sea",tour.the-pearl-of-red-sea-hurghada,published,-,-,-,-,-,-
NO-HERO-LIVE,travelTip,"Egypt's Weather: Climate, Seasons, and When to Visit",travelTip.egypt-weather-guide,published,-,-,-,-,-,-
NO-HERO-LIVE,travelTip,"Staying Connected in Egypt: SIMs, eSIMs, Wi-Fi, and Coverage",travelTip.staying-connected-in-egypt,published,-,-,-,-,-,-
NO-HERO-LIVE,guideArticle,"Getting to Nuweiba",wp-page-225555,published,-,-,-,-,-,-
NO-HERO-LIVE,wikiMonument,"The Temple of Kom Ombo",wp-page-252642,published,-,-,-,-,-,-
NO-HERO-LIVE,guideArticle,"Abu Simbel Weather and Best Time to Visit",wp-page-57798,published,-,-,-,-,-,-
NO-HERO-LIVE,guideArticle,"How to Go to Abu Simbel",wp-page-57810,published,-,-,-,-,-,-
NO-HERO-LIVE,guideArticle,"Where to Stay in Abu Simbel",wp-page-57815,published,-,-,-,-,-,-
NO-HERO-LIVE,guideArticle,"Getting Around Abu Simbel",wp-page-57823,published,-,-,-,-,-,-
NO-HERO-LIVE,guideArticle,"Things to Do in Abu Simbel",wp-page-57828,published,-,-,-,-,-,-
NO-HERO-LIVE,guideArticle,"Only in Abu Simbel",wp-page-57843,published,-,-,-,-,-,-
NO-HERO-LIVE,guideArticle,"Where to Stay in Akhmim",wp-page-57849,published,-,-,-,-,-,-
NO-HERO-LIVE,guideArticle,"The Small Temple of Abu Simbel",wp-page-57871,published,-,-,-,-,-,-
NO-HERO-LIVE,guideArticle,"Tours and Excursions in Akhmim",wp-page-58354,published,-,-,-,-,-,-
NO-HERO-LIVE,guideArticle,"Food in Akhmim",wp-page-58393,published,-,-,-,-,-,-
NO-HERO-LIVE,guideArticle,"Akhmim History",wp-page-58401,published,-,-,-,-,-,-
NO-HERO-LIVE,guideArticle,"Getting Around Akhmim",wp-page-58408,published,-,-,-,-,-,-
NO-HERO-LIVE,guideArticle,"Only in Akhmim",wp-page-58415,published,-,-,-,-,-,-
NO-HERO-LIVE,guideArticle,"Things to Do in Akhmim",wp-page-58419,published,-,-,-,-,-,-
NO-HERO-LIVE,guideArticle,"Akhmim Weather and Best Time to Visit",wp-page-58422,published,-,-,-,-,-,-
NO-HERO-LIVE,guideArticle,"Tours and Excursions in Al Fayoum",wp-page-58536,published,-,-,-,-,-,-
NO-HERO-LIVE,guideArticle,"Events in Al Fayoum",wp-page-58538,published,-,-,-,-,-,-
NO-HERO-LIVE,guideArticle,"Food in Al Fayoum",wp-page-58540,published,-,-,-,-,-,-
NO-HERO-LIVE,guideArticle,"History of Al Fayoum",wp-page-58542,published,-,-,-,-,-,-
NO-HERO-LIVE,guideArticle,"Only in Al Fayoum",wp-page-58544,published,-,-,-,-,-,-
NO-HERO-LIVE,guideArticle,"Al Fayoum Weather and Best Time to Visit",wp-page-58573,published,-,-,-,-,-,-
NO-HERO-LIVE,guideArticle,"Al Arish Weather and Best Time to Visit",wp-page-58578,published,-,-,-,-,-,-
NO-HERO-LIVE,guideArticle,"How to Go to Al Arish",wp-page-58580,published,-,-,-,-,-,-
NO-HERO-LIVE,guideArticle,"Where to Stay in Al Arish",wp-page-58582,published,-,-,-,-,-,-
NO-HERO-LIVE,guideArticle,"Getting Around Al Arish",wp-page-58586,published,-,-,-,-,-,-
NO-HERO-LIVE,guideArticle,"Things to Do in Al Arish",wp-page-58588,published,-,-,-,-,-,-
NO-HERO-LIVE,guideArticle,"The Fortress of Al Arish",wp-page-58608,published,-,-,-,-,-,-
NO-HERO-LIVE,guideArticle,"Food in Al Arish",wp-page-58613,published,-,-,-,-,-,-
NO-HERO-LIVE,guideArticle,"Only in Al Arish",wp-page-58615,published,-,-,-,-,-,-
NO-HERO-LIVE,guideArticle,"Al-Minya — History",wp-page-58635,published,-,-,-,-,-,-
NO-HERO-LIVE,guideArticle,"Al-Minya — Getting Around",wp-page-58645,published,-,-,-,-,-,-
NO-HERO-LIVE,guideArticle,"Al-Minya — Things To Do",wp-page-58648,published,-,-,-,-,-,-
NO-HERO-LIVE,guideArticle,"Planning Your Visit to Al-Minya",wp-page-58650,published,-,-,-,-,-,-
NO-HERO-LIVE,guideArticle,"Where to Eat in Al-Minya",wp-page-58652,published,-,-,-,-,-,-
NO-HERO-LIVE,guideArticle,"Getting Around Al Fayoum",wp-page-58670,published,-,-,-,-,-,-
NO-HERO-LIVE,guideArticle,"Things to Do in Al Fayoum",wp-page-58680,published,-,-,-,-,-,-
NO-HERO-LIVE,guideArticle,"Al Quseir — History",wp-page-58687,published,-,-,-,-,-,-
NO-HERO-LIVE,guideArticle,"Al Quseir — Getting Around",wp-page-58697,published,-,-,-,-,-,-
NO-HERO-LIVE,guideArticle,"Al Quseir — Things To Do",wp-page-58698,published,-,-,-,-,-,-
NO-HERO-LIVE,guideArticle,"Where to Eat in Al Quseir",wp-page-58703,published,-,-,-,-,-,-
NO-HERO-LIVE,guideArticle,"Only Here in Al Quseir: Diving Without the Rush",wp-page-58704,published,-,-,-,-,-,-
NO-HERO-LIVE,wikiMonument,"Sultan Selim Fortress",wp-page-58714,published,-,-,-,-,-,-
NO-HERO-LIVE,guideArticle,"Getting to Al Wadi al Gadid",wp-page-58735,published,-,-,-,-,-,-
NO-HERO-LIVE,guideArticle,"Things to Do in Al Wadi al Gadid",wp-page-58737,published,-,-,-,-,-,-
NO-HERO-LIVE,guideArticle,"Only in El Gouna",wp-page-58738,published,-,-,-,-,-,-
NO-HERO-LIVE,guideArticle,"El Gouna History",wp-page-58793,published,-,-,-,-,-,-
NO-HERO-LIVE,guideArticle,"El Gouna Weather and Best Time to Visit",wp-page-58795,published,-,-,-,-,-,-
NO-HERO-LIVE,guideArticle,"Tours and Excursions from El Gouna",wp-page-58816,published,-,-,-,-,-,-
NO-HERO-LIVE,guideArticle,"Alexandria History",wp-page-59162,published,-,-,-,-,-,-
NO-HERO-LIVE,guideArticle,"Alexandria Weather and Best Time to Visit",wp-page-59163,published,-,-,-,-,-,-
NO-HERO-LIVE,guideArticle,"Where to Stay in Alexandria",wp-page-59164,published,-,-,-,-,-,-
NO-HERO-LIVE,guideArticle,"Things To Do in Alexandria",wp-page-59165,published,-,-,-,-,-,-
NO-HERO-LIVE,guideArticle,"Getting to Alexandria",wp-page-59169,published,-,-,-,-,-,-
NO-HERO-LIVE,guideArticle,"Getting Around Alexandria",wp-page-59170,published,-,-,-,-,-,-
NO-HERO-LIVE,guideArticle,"Where to Eat in Alexandria",wp-page-59171,published,-,-,-,-,-,-
NO-HERO-LIVE,guideArticle,"Diving in Alexandria",wp-page-59172,published,-,-,-,-,-,-
NO-HERO-LIVE,guideArticle,"Tours and Excursions in Alexandria",wp-page-59178,published,-,-,-,-,-,-
NO-HERO-LIVE,guideArticle,"Events in Alexandria",wp-page-59180,published,-,-,-,-,-,-
NO-HERO-LIVE,guideArticle,"Tours and Excursions in Aswan",wp-page-59208,published,-,-,-,-,-,-
NO-HERO-LIVE,guideArticle,"Aswan History",wp-page-59211,published,-,-,-,-,-,-
NO-HERO-LIVE,guideArticle,"Only in Aswan",wp-page-59213,published,-,-,-,-,-,-
NO-HERO-LIVE,guideArticle,"Things To Do in Aswan",wp-page-59214,published,-,-,-,-,-,-
NO-HERO-LIVE,guideArticle,"Where to Stay in Aswan",wp-page-59215,published,-,-,-,-,-,-
NO-HERO-LIVE,guideArticle,"Al Quseir — Where to Stay",wp-page-59216,published,-,-,-,-,-,-
NO-HERO-LIVE,guideArticle,"Events in Aswan",wp-page-59225,published,-,-,-,-,-,-
NO-HERO-LIVE,wikiMonument,"Elephantine Island",wp-page-59227,published,-,-,-,-,-,-
NO-HERO-LIVE,wikiMonument,"The Kalabsha Temple",wp-page-59228,published,-,-,-,-,-,-
NO-HERO-LIVE,wikiMonument,"The Aswan Museum",wp-page-59230,published,-,-,-,-,-,-
NO-HERO-LIVE,wikiMonument,"Aswan Isis Temple",wp-page-59231,published,-,-,-,-,-,-
NO-HERO-LIVE,wikiMonument,"The Unfinished Obelisk",wp-page-59234,published,-,-,-,-,-,-
NO-HERO-LIVE,wikiMonument,"Sehel Island",wp-page-59238,published,-,-,-,-,-,-
NO-HERO-LIVE,wikiMonument,"The Aga Khan Mausoleum",wp-page-59254,published,-,-,-,-,-,-
NO-HERO-LIVE,guideArticle,"What to Eat in Asyut",wp-page-59258,published,-,-,-,-,-,-
NO-HERO-LIVE,guideArticle,"Things to Do in Asyut",wp-page-59263,published,-,-,-,-,-,-
NO-HERO-LIVE,guideArticle,"Where to Stay in Asyut",wp-page-59264,published,-,-,-,-,-,-
NO-HERO-LIVE,guideArticle,"Asyut Weather and Best Time to Visit",wp-page-59265,published,-,-,-,-,-,-
NO-HERO-LIVE,wikiMonument,"The Necropolis of Meir",wp-page-59277,published,-,-,-,-,-,-
NO-HERO-LIVE,guideArticle,"Food in Bahariya Oasis",wp-page-59284,published,-,-,-,-,-,-
NO-HERO-LIVE,guideArticle,"Getting Around Bahariya Oasis",wp-page-59285,published,-,-,-,-,-,-
NO-HERO-LIVE,guideArticle,"History of Bahariya Oasis",wp-page-59286,published,-,-,-,-,-,-
NO-HERO-LIVE,guideArticle,"Only in Bahariya Oasis",wp-page-59288,published,-,-,-,-,-,-
NO-HERO-LIVE,guideArticle,"Where to Stay in Bahariya Oasis",wp-page-59290,published,-,-,-,-,-,-
NO-HERO-LIVE,guideArticle,"Food in Baris",wp-page-59313,published,-,-,-,-,-,-
NO-HERO-LIVE,guideArticle,"Baris Weather and Best Time to Visit",wp-page-59314,published,-,-,-,-,-,-
NO-HERO-LIVE,guideArticle,"History of Baris",wp-page-59315,published,-,-,-,-,-,-
NO-HERO-LIVE,guideArticle,"Getting Around Baris",wp-page-59317,published,-,-,-,-,-,-
NO-HERO-LIVE,guideArticle,"Things to Do in Baris",wp-page-59318,published,-,-,-,-,-,-
NO-HERO-LIVE,guideArticle,"Where to Stay Near Baris",wp-page-59319,published,-,-,-,-,-,-
NO-HERO-LIVE,guideArticle,"Food In Beni Suef",wp-page-59344,published,-,-,-,-,-,-
NO-HERO-LIVE,guideArticle,"Beni Suef History",wp-page-59346,published,-,-,-,-,-,-
NO-HERO-LIVE,guideArticle,"Things To Do In Beni Suef",wp-page-59349,published,-,-,-,-,-,-
NO-HERO-LIVE,guideArticle,"Where To Stay In Beni Suef",wp-page-59350,published,-,-,-,-,-,-
NO-HERO-LIVE,guideArticle,"Beni Suef Weather and Best Time to Visit",wp-page-59356,published,-,-,-,-,-,-
NO-HERO-LIVE,wikiMonument,"Meidum Necropolis",wp-page-59378,published,-,-,-,-,-,-
NO-HERO-LIVE,wikiMonument,"Pyramid of Meidum",wp-page-59381,published,-,-,-,-,-,-
NO-HERO-LIVE,guideArticle,"Getting Around Cairo",wp-page-59388,published,-,-,-,-,-,-
NO-HERO-LIVE,guideArticle,"History Of Cairo",wp-page-59389,published,-,-,-,-,-,-
NO-HERO-LIVE,guideArticle,"Only in Cairo",wp-page-59391,published,-,-,-,-,-,-
NO-HERO-LIVE,guideArticle,"Events in Cairo",wp-page-59407,published,-,-,-,-,-,-
NO-HERO-LIVE,guideArticle,"Where to Stay in Dahab",wp-page-59428,published,-,-,-,-,-,-
NO-HERO-LIVE,guideArticle,"Dahab Weather and Best Time to Visit",wp-page-59429,published,-,-,-,-,-,-
NO-HERO-LIVE,guideArticle,"Dakhla Oasis Weather And Best Time To Visit",wp-page-59501,published,-,-,-,-,-,-
NO-HERO-LIVE,guideArticle,"How to Go to Al Fayoum",wp-page-59566,published,-,-,-,-,-,-
NO-HERO-LIVE,guideArticle,"Where to Stay in Al Fayoum",wp-page-59568,published,-,-,-,-,-,-
NO-HERO-LIVE,wikiMonument,"Badr’s Museum",wp-page-59652,published,-,-,-,-,-,-
NO-HERO-LIVE,wikiMonument,"Fortress",wp-page-59653,published,-,-,-,-,-,-
NO-HERO-LIVE,guideArticle,"History of Hurghada",wp-page-59687,published,-,-,-,-,-,-
NO-HERO-LIVE,guideArticle,"Where to Stay in Hurghada",wp-page-59695,published,-,-,-,-,-,-
NO-HERO-LIVE,guideArticle,"Getting Around Hurghada",wp-page-59698,published,-,-,-,-,-,-
NO-HERO-LIVE,wikiMonument,"Kharga Cultural Museum",wp-page-59718,published,-,-,-,-,-,-
NO-HERO-LIVE,guideArticle,"Things To Do In Kharga Oasis",wp-page-59739,published,-,-,-,-,-,-
NO-HERO-LIVE,guideArticle,"Getting Around Al Wadi al Gadid",wp-page-59921,published,-,-,-,-,-,-
NO-HERO-LIVE,guideArticle,"Aswan Weather and Best Time to Visit",wp-page-59983,published,-,-,-,-,-,-
NO-HERO-LIVE,guideArticle,"Weather In Giza",wp-page-60069,published,-,-,-,-,-,-
NO-HERO-LIVE,guideArticle,"Dining In Giza",wp-page-60080,published,-,-,-,-,-,-
NO-HERO-LIVE,guideArticle,"Ismailia Weather And Best Time To Visit",wp-page-60120,published,-,-,-,-,-,-
NO-HERO-LIVE,guideArticle,"Where to Stay in Marsa Matruh",wp-page-60228,published,-,-,-,-,-,-
NO-HERO-LIVE,guideArticle,"Tours and Excursions from Ras Sudr",wp-page-60386,published,-,-,-,-,-,-
NO-HERO-LIVE,guideArticle,"Tours from Safaga",wp-page-60443,published,-,-,-,-,-,-
NO-HERO-LIVE,guideArticle,"Saint Catherine History",wp-page-60455,published,-,-,-,-,-,-
NO-HERO-LIVE,guideArticle,"Tours and Guided Visits in Saint Catherine",wp-page-60462,published,-,-,-,-,-,-
NO-HERO-LIVE,guideArticle,"Food in Suez",wp-page-60563,published,-,-,-,-,-,-
NO-HERO-LIVE,guideArticle,"Getting Around Wadi Al-Natron",wp-page-60600,published,-,-,-,-,-,-
NO-HERO-LIVE,wikiMonument,"Khnum Temple",wp-page-60639,published,-,-,-,-,-,-
NO-HERO-LIVE,wikiMonument,"The Luxor Temple",wp-page-60663,published,-,-,-,-,-,-
NO-HERO-LIVE,wikiMonument,"The Colossi of Memnon",wp-page-60665,published,-,-,-,-,-,-
NO-HERO-LIVE,wikiMonument,"The Mortuary Temple of Queen Hatshepsut",wp-page-60667,published,-,-,-,-,-,-
NO-HERO-LIVE,wikiMonument,"Edfu Temple",wp-page-60668,published,-,-,-,-,-,-
NO-HERO-LIVE,wikiMonument,"Madinat Habu Temple",wp-page-60671,published,-,-,-,-,-,-
NO-HERO-LIVE,wikiMonument,"The Temple of Dendera",wp-page-60683,published,-,-,-,-,-,-
NO-HERO-LIVE,guideArticle,"Mount Catherine",wp-page-60744,published,-,-,-,-,-,-
NO-HERO-LIVE,wikiMonument,"Saint Catherine Monastery",wp-page-60745,published,-,-,-,-,-,-
NO-HERO-LIVE,guideArticle,"Naama Bay",wp-page-60771,published,-,-,-,-,-,-
NO-HERO-LIVE,wikiMonument,"The Heavenly Cathedral",wp-page-60776,published,-,-,-,-,-,-
NO-HERO-LIVE,wikiMonument,"Siwa House Museum",wp-page-60779,published,-,-,-,-,-,-
NO-HERO-LIVE,wikiMonument,"Shali Fortress",wp-page-60781,published,-,-,-,-,-,-
NO-HERO-LIVE,wikiMonument,"Temple of the Oracle",wp-page-60782,published,-,-,-,-,-,-
NO-HERO-LIVE,wikiMonument,"Abydos Temple",wp-page-60788,published,-,-,-,-,-,-
NO-HERO-LIVE,wikiMonument,"The White Monastery",wp-page-60789,published,-,-,-,-,-,-
NO-HERO-LIVE,wikiMonument,"Monastery of St. Pishoy",wp-page-60796,published,-,-,-,-,-,-
NO-HERO-LIVE,wikiMonument,"Paromeos Monastery",wp-page-60797,published,-,-,-,-,-,-
NO-HERO-LIVE,wikiMonument,"Syrian Monastery",wp-page-60798,published,-,-,-,-,-,-
NO-HERO-LIVE,wikiMonument,"Monastery of Saint Macarius the Great",wp-page-60799,published,-,-,-,-,-,-
NO-HERO-LIVE,travelTip,"Passports and Visas for Egypt: Entry Rules Explained",wp-page-60911,published,-,-,-,-,-,-
NO-HERO-LIVE,wikiMonument,"The Red Monastery",wp-page-61216,published,-,-,-,-,-,-
NO-HERO-LIVE,guideArticle,"Al-Fayoum Waterwheels",wp-page-61666,published,-,-,-,-,-,-
NO-HERO-LIVE,wikiMonument,"Gayer-Anderson Museum",wp-page-63476,published,-,-,-,-,-,-
NO-HERO-LIVE,wikiMonument,"Mosque of Ibn Tulun",wp-page-63477,published,-,-,-,-,-,-
NO-HERO-LIVE,wikiMonument,"Mosque of Al-Nasir Mohammed Ben Qalawoon",wp-page-63487,published,-,-,-,-,-,-
NO-HERO-LIVE,wikiMonument,"The Citadel Of Saladin",wp-page-63491,published,-,-,-,-,-,-
NO-HERO-LIVE,wikiMonument,"Mosque-Madrassa of Sultan Hassan",wp-page-63492,published,-,-,-,-,-,-
NO-HERO-LIVE,wikiMonument,"Mosque of Mohammed Ali",wp-page-63513,published,-,-,-,-,-,-
NO-HERO-LIVE,wikiMonument,"Ibn Tulun Citadel",wp-page-63515,published,-,-,-,-,-,-
NO-HERO-LIVE,wikiMonument,"Aqsunur Mosque",wp-page-63517,published,-,-,-,-,-,-
NO-HERO-LIVE,wikiMonument,"Mosque of Aslam al-Silahdar",wp-page-63519,published,-,-,-,-,-,-
NO-HERO-LIVE,wikiMonument,"Mosque of Al-Mu ayyad Shaykh",wp-page-63521,published,-,-,-,-,-,-
NO-HERO-LIVE,wikiMonument,"Mosque-Madrassa of Al-Ghouri",wp-page-63537,published,-,-,-,-,-,-
NO-HERO-LIVE,wikiMonument,"Mausoleum of Al-Ghouri",wp-page-63538,published,-,-,-,-,-,-
NO-HERO-LIVE,wikiMonument,"Mosque of al-Aqmar",wp-page-63555,published,-,-,-,-,-,-
NO-HERO-LIVE,wikiMonument,"Mosque of Al-Hakim",wp-page-63557,published,-,-,-,-,-,-
NO-HERO-LIVE,wikiMonument,"Khanqah & Mausoleum of Sultan Baybars al-Gashankir",wp-page-63560,published,-,-,-,-,-,-
NO-HERO-LIVE,wikiMonument,"Sabil And Kuttab Of Abdel Rahman Katkhuda",wp-page-63576,published,-,-,-,-,-,-
NO-HERO-LIVE,wikiMonument,"An-Nasir Mohammed Bin Qalawoon Mosque",wp-page-63577,published,-,-,-,-,-,-
NO-HERO-LIVE,wikiMonument,"Madrassa And Mausoleum of Barquq",wp-page-63578,published,-,-,-,-,-,-
NO-HERO-LIVE,wikiMonument,"Madrassa & Mausoleum of as-Salih Negm El-Din Ayyub",wp-page-63579,published,-,-,-,-,-,-
NO-HERO-LIVE,wikiMonument,"Madrassa & Mausoleum of Qalawun",wp-page-63582,published,-,-,-,-,-,-
NO-HERO-LIVE,wikiMonument,"Mosque of Sayyidna al-Hussein",wp-page-63583,published,-,-,-,-,-,-
NO-HERO-LIVE,wikiMonument,"The Church of St. Sergius Bacchus",wp-page-63610,published,-,-,-,-,-,-
NO-HERO-LIVE,nileCruise,"M/S Amwaj Livingstone: Mid-Range Luxor-Aswan Cruise",wp-page-64104,published,-,-,-,-,-,-
NO-HERO-LIVE,wikiMonument,"Pharaoh Island",wp-page-64735,published,-,-,-,-,-,-
NO-HERO-LIVE,hotel,"Le Méridien Pyramids Hotel & Spa",wp-page-64837,published,-,-,-,-,-,-
NO-HERO-LIVE,wikiMonument,"The Philae Temple",wp-page-64915,published,-,-,-,-,-,-
NO-HERO-LIVE,wikiMonument,"Dahshur Necropolis",wp-page-69914,published,-,-,-,-,-,-
NO-HERO-LIVE,wikiMonument,"The Northern Pyramid",wp-page-69915,published,-,-,-,-,-,-
NO-HERO-LIVE,wikiMonument,"The Bent Pyramid",wp-page-69917,published,-,-,-,-,-,-
NO-HERO-LIVE,wikiMonument,"The Red Pyramid",wp-page-69918,published,-,-,-,-,-,-
NO-HERO-LIVE,wikiMonument,"The Black Pyramid",wp-page-69919,published,-,-,-,-,-,-
NO-HERO-LIVE,wikiMonument,"The White Pyramid",wp-page-69920,published,-,-,-,-,-,-
NO-HERO-LIVE,wikiMonument,"Pyramid Of Khufu",wp-page-69922,published,-,-,-,-,-,-
NO-HERO-LIVE,wikiMonument,"Pyramid Of Khafre",wp-page-69923,published,-,-,-,-,-,-
NO-HERO-LIVE,wikiMonument,"The Great Sphinx",wp-page-69925,published,-,-,-,-,-,-
NO-HERO-LIVE,wikiMonument,"The Solar Boat Museum",wp-page-69926,published,-,-,-,-,-,-
NO-HERO-LIVE,wikiMonument,"Abusir Pyramid Of Neferirkare",wp-page-69929,published,-,-,-,-,-,-
NO-HERO-LIVE,wikiMonument,"Abusir Pyramid Of Niuserre",wp-page-69930,published,-,-,-,-,-,-
NO-HERO-LIVE,wikiMonument,"Abusir Pyramid Of Khentkawes",wp-page-69931,published,-,-,-,-,-,-
NO-HERO-LIVE,wikiMonument,"Abu Rawash Pyramid Of Djedefre",wp-page-69954,published,-,-,-,-,-,-
NO-HERO-LIVE,wikiMonument,"The Saqqara Necropolis",wp-page-69956,published,-,-,-,-,-,-
NO-HERO-LIVE,wikiMonument,"Tomb Of General Horemheb",wp-page-69957,published,-,-,-,-,-,-
NO-HERO-LIVE,wikiMonument,"Memphis {Mit Rahina Museum}",wp-page-69961,published,-,-,-,-,-,-
NO-HERO-LIVE,guideArticle,"Unique Sites in Akhmim",wp-page-72890,published,-,-,-,-,-,-
NO-HERO-LIVE,wikiMonument,"El Wadi El Gedid Museum",wp-page-73707,published,-,-,-,-,-,-
NO-HERO-LIVE,guideArticle,"Saint Catherine: Events, Pilgrimage, and the Mountain Year",wp-page-75564,published,-,-,-,-,-,-
NO-HERO-LIVE,wikiMonument,"Al-Azhar Mosque",wp-page-76255,published,-,-,-,-,-,-
NO-HERO-LIVE,wikiMonument,"Military Museum",wp-page-76466,published,-,-,-,-,-,-
NO-HERO-LIVE,wikiMonument,"Dendera Village",wp-page-76517,published,-,-,-,-,-,-
NO-HERO-LIVE,wikiMonument,"The Temple of Hathor",wp-page-76518,published,-,-,-,-,-,-
NO-HERO-LIVE,wikiMonument,"The Temple Precinct",wp-page-76526,published,-,-,-,-,-,-
NO-HERO-LIVE,wikiMonument,"Tawila Island",wp-page-78276,published,-,-,-,-,-,-
NO-HERO-LIVE,guideArticle,"Marsa Alam Weather and Best Time to Visit",wp-page-78394,published,-,-,-,-,-,-
NO-HERO-LIVE,guideArticle,"Events and Nightlife in Sharm El Sheikh",wp-page-88811,published,-,-,-,-,-,-
NO-HERO-LIVE,wikiMonument,"The Egyptian Museum",wp-page-94643,published,-,-,-,-,-,-
NO-HERO-LIVE,wikiMonument,"Khan Al-Khalili Bazaar",wp-page-95439,published,-,-,-,-,-,-
NO-HERO-LIVE,wikiMonument,"Museum of Islamic Art",wp-page-95543,published,-,-,-,-,-,-
NO-HERO-LIVE,wikiMonument,"Northern Cemetery",wp-page-95548,published,-,-,-,-,-,-
NO-HERO-LIVE,wikiMonument,"Khanqah-Mausoleum of Farag Ibn Barquq",wp-page-95553,published,-,-,-,-,-,-
NO-HERO-LIVE,wikiMonument,"The Mosque of Sultan Qaitbey",wp-page-95558,published,-,-,-,-,-,-
NO-HERO-LIVE,wikiMonument,"Amir Taz Palace",wp-page-95563,published,-,-,-,-,-,-
NO-HERO-LIVE,wikiMonument,"Al-Azhar to The Citadel",wp-page-95565,published,-,-,-,-,-,-
NO-HERO-LIVE,wikiMonument,"Sabil of Muhammed Ali Pasha",wp-page-95579,published,-,-,-,-,-,-
NO-HERO-LIVE,wikiMonument,"Bab Zuweila",wp-page-95581,published,-,-,-,-,-,-
NO-HERO-LIVE,guideArticle,"How to Go to Akhmim",wp-page-96052,published,-,-,-,-,-,-
NO-HERO-LIVE,wikiMonument,"The Coptic Museum",wp-page-96581,published,-,-,-,-,-,-
NO-HERO-LIVE,wikiMonument,"The Roman Towers",wp-page-96598,published,-,-,-,-,-,-
NO-HERO-LIVE,wikiMonument,"Church of St Barbara",wp-page-96604,published,-,-,-,-,-,-
NO-HERO-LIVE,wikiMonument,"Ben Ezra Synagogue",wp-page-96611,published,-,-,-,-,-,-
NO-HERO-LIVE,wikiMonument,"Mosque & Madrassa of Umm Sultan Sha’aban",wp-page-96626,published,-,-,-,-,-,-
NO-HERO-LIVE,guideArticle,"Things to Do in Bahariya Oasis",wp-page-96707,published,-,-,-,-,-,-