page,doc_id,section_kicker,site_as_written,adult,student,open,close,flags,verified_site,verified_adult,verified_student,verified_open,verified_close,note
ticket-prices-for-attractions-in-alexandria,wp-page-72292,,Alexandria,Adult,Student,Open,Last Close,adult-not-price,,,,,,
ticket-prices-for-attractions-in-alexandria,wp-page-72292,,Alshatbi Tombs,EGP100,EGP50,9:00 AM,5:00 PM,,,,,,,
ticket-prices-for-attractions-in-alexandria,wp-page-72292,,Anfoushi Tombs,EGP100,EGP50,9:00 AM,5:00 PM,,,,,,,
ticket-prices-for-attractions-in-alexandria,wp-page-72292,,Suez National Museum,EGP180,EGP90,9:00 AM,5:00 PM,has-inline-link,,,,,,
ticket-prices-for-attractions-in-alexandria,wp-page-72292,,Greco Roman Museum,EGP400,EGP200,9:00 AM,5:00 PM,,,,,,,
ticket-prices-for-attractions-in-alexandria,wp-page-72292,,The Royal Family Jewellery Museum,EGP220,EGP110,9:00 AM,5:00 PM,,,,,,,
ticket-prices-for-attractions-in-alexandria,wp-page-72292,,Ismailia Museum,EGP100,EGP50,9:00 AM,5:00 PM,has-inline-link,,,,,,
ticket-prices-for-attractions-in-alexandria,wp-page-72292,,Mostafa Kamel Tombs,EGP100,EGP50,9:00 AM,5:00 PM,,,,,,,
ticket-prices-for-attractions-in-alexandria,wp-page-72292,,Temple of Amon in Siwa,EGP120,EGP60,9:00 AM,5:00 PM,,,,,,,
ticket-prices-for-attractions-in-alexandria,wp-page-72292,,Mountain of the Dead in Siwa,EGP120,EGP60,9:00 AM,5:00 PM,,,,,,,
ticket-prices-for-attractions-in-alexandria,wp-page-72292,,Alexandria National Museum,EGP220,EGP110,9:00 AM,5:00 PM,has-inline-link,,,,,,
ticket-prices-for-attractions-in-alexandria,wp-page-72292,,Pillar The masts,EGP200,EGP100,9:00 AM,5:00 PM,,,,,,,
ticket-prices-for-attractions-in-alexandria,wp-page-72292,,Matrouh Museum,EGP180,EGP90,9:00 AM,5:00 PM,,,,,,,
ticket-prices-for-attractions-in-alexandria,wp-page-72292,,Antiquities of Rosetta City,EGP120,EGP60,9:00 AM,5:00 PM,,,,,,,
ticket-prices-for-attractions-in-alexandria,wp-page-72292,,Qitbay Citadel,EGP200,EGP100,9:00 AM,5:00 PM,,,,,,,
ticket-prices-for-attractions-in-alexandria,wp-page-72292,,Kom Al-Shuqafa Tomb,EGP200,EGP100,9:00 AM,5:00 PM,,,,,,,
ticket-prices-for-attractions-in-alexandria,wp-page-72292,,Romiel Cave Museum,EGP100,EGP50,9:00 AM,5:00 PM,,,,,,,
ticket-prices-for-attractions-in-alexandria,wp-page-72292,,Kom El Dekka (Roman Theater),EGP200,EGP100,9:00 AM,5:00 PM,possibly-merged-names,,,,,,
ticket-prices-for-attractions-in-alexandria,wp-page-72292,,The Lost City of Heracleion,EGP180,EGP90,9:00 AM,5:00 PM,,,,,,,
ticket-prices-for-attractions-in-alexandria,wp-page-72292,,Lahoun pyramid,EGP150,EGP75,9:00 AM,5:00 PM,,,,,,,
ticket-prices-for-attractions-in-alexandria,wp-page-72292,,Hawara pyramid,EGP150,EGP75,9:00 AM,5:00 PM,,,,,,,
ticket-prices-for-attractions-in-alexandria,wp-page-72292,,Karanis Area,EGP150,EGP75,9:00 AM,5:00 PM,,,,,,,
ticket-prices-for-attractions-in-alexandria,wp-page-72292,,Kom Osheem Museum,EGP100,EGP50,9:00 AM,5:00 PM,,,,,,,
ticket-prices-for-attractions-in-alexandria,wp-page-72292,,Qaroun Temple,EGP150,EGP75,9:00 AM,5:00 PM,,,,,,,
ticket-prices-for-attractions-in-alexandria,wp-page-72292,,Madi city,EGP120,EGP60,9:00 AM,5:00 PM,,,,,,,
ticket-prices-for-attractions-in-aswan,wp-page-72314,ASWAN Governorate,ASWAN Governorate · Adult · Student · Open · Last Close,,,,,HEADER-ROW-AS-BULLET,,,,,,
ticket-prices-for-attractions-in-aswan,wp-page-72314,ASWAN Governorate,Panorama of Philae temples,EGP200,EGP100,7:00 AM,4:00 PM,,,,,,,
ticket-prices-for-attractions-in-aswan,wp-page-72314,ASWAN Governorate,Al Kab tombs,EGP200,EGP100,7:00 AM,4:00 PM,,,,,,,
ticket-prices-for-attractions-in-aswan,wp-page-72314,ASWAN Governorate,ABS Temple,EGP750,EGP375,6:00 AM,5:00 PM,,,,,,,
ticket-prices-for-attractions-in-aswan,wp-page-72314,ASWAN Governorate,ABS Temple on 22 Oct & 22 Feb,EGP1200,EGP600,6:00 AM,5:00 PM,possibly-merged-names,,,,,,
ticket-prices-for-attractions-in-aswan,wp-page-72314,ASWAN Governorate,Amada Area,EGP150,EGP75,7:00 AM,4:00 PM,,,,,,,
ticket-prices-for-attractions-in-aswan,wp-page-72314,ASWAN Governorate,Edfu Temple,EGP550,EGP275,7:00 AM,5:00 PM,has-inline-link,,,,,,
ticket-prices-for-attractions-in-aswan,wp-page-72314,ASWAN Governorate,Elephantine Island,EGP200,EGP100,7:00 AM,5:00 PM,has-inline-link,,,,,,
ticket-prices-for-attractions-in-aswan,wp-page-72314,ASWAN Governorate,Suhail Island,EGP100,EGP50,7:00 AM,5:00 PM,,,,,,,
ticket-prices-for-attractions-in-aswan,wp-page-72314,ASWAN Governorate,Kalabsha Temple,EGP200,EGP100,7:00 AM,4:00 PM,has-inline-link,,,,,,
ticket-prices-for-attractions-in-aswan,wp-page-72314,ASWAN Governorate,Kom Ombo Temple Including Crocodile Museum,EGP450,EGP225,7:00 AM,5:00 PM,has-inline-link; possibly-merged-names,,,,,,
ticket-prices-for-attractions-in-aswan,wp-page-72314,ASWAN Governorate,Gabal El Selsela,EGP100,EGP50,7:00 AM,5:00 PM,,,,,,,
ticket-prices-for-attractions-in-aswan,wp-page-72314,ASWAN Governorate,Nubian Museum,EGP400,EGP200,9:00 AM,5:00 PM,,,,,,,
ticket-prices-for-attractions-in-aswan,wp-page-72314,ASWAN Governorate,Philae Temple,EGP550,EGP275,7:00 AM,4:00 PM,has-inline-link,,,,,,
ticket-prices-for-attractions-in-aswan,wp-page-72314,ASWAN Governorate,Unfinished Obelisk,EGP220,EGP110,7:00 AM,5:00 PM,,,,,,,
ticket-prices-for-attractions-in-aswan,wp-page-72314,ASWAN Governorate,Sainte Simon Monastery,EGP100,EGP50,7:00 AM,4:00 PM,,,,,,,
ticket-prices-for-attractions-in-aswan,wp-page-72314,ASWAN Governorate,Wadi Al Sebou,EGP150,EGP75,7:00 AM,4:00 PM,,,,,,,
ticket-prices-for-attractions-in-aswan,wp-page-72314,ASWAN Governorate,Temple of Isis,EGP150,EGP75,7:00 AM,5:00 PM,,,,,,,
ticket-prices-for-attractions-in-beni-suef,wp-page-72323,Beni Suef Governorate,Beni Suef Governorate · Adult · Student · Open · Last Close,,,,,HEADER-ROW-AS-BULLET,,,,,,
ticket-prices-for-attractions-in-beni-suef,wp-page-72323,Beni Suef Governorate,Maydeum pyramid,EGP150,EGP75,9:00 AM,5:00 PM,,,,,,,
ticket-prices-for-attractions-in-cairo,wp-page-72325,,CAIRO,Adult,Student,Open,Last Close,adult-not-price,,,,,,
ticket-prices-for-attractions-in-cairo,wp-page-72325,,Salah al-den al-ayobi’s castle,EGP550,EGP275,8:00 AM,5:00 PM,possibly-merged-names,,,,,,
ticket-prices-for-attractions-in-cairo,wp-page-72325,,Panorama of the Baron’s Palace,EGP120,EGP120,9:00 AM,5:00 PM,,,,,,,
ticket-prices-for-attractions-in-cairo,wp-page-72325,,Sultan Hassan Al-Rifai School and Hassan Al-Rifai Mosque,EGP220,EGP110,9:00 AM,5:00 PM,possibly-merged-names,,,,,,
ticket-prices-for-attractions-in-cairo,wp-page-72325,,Al-Suhaimi’s house,EGP220,EGP110,9:00 AM,5:00 PM,,,,,,,
ticket-prices-for-attractions-in-cairo,wp-page-72325,,Bab Zewila,EGP100,EGP50,9:00 AM,5:00 PM,,,,,,,
ticket-prices-for-attractions-in-cairo,wp-page-72325,,Muhammad Bey Abu Al-Dahab Collection (Naguib Mahfouz Museum),EGP100,EGP50,9:00 AM,5:00 PM,has-inline-link; possibly-merged-names,,,,,,
ticket-prices-for-attractions-in-cairo,wp-page-72325,,Mawlawiyya hospice,EGP100,EGP50,9:00 AM,5:00 PM,,,,,,,
ticket-prices-for-attractions-in-cairo,wp-page-72325,,The path and book of Muhammad Ali in Al-Aqadain,EGP60,EGP30,9:00 AM,5:00 PM,,,,,,,
ticket-prices-for-attractions-in-cairo,wp-page-72325,,"Al-Ghuri Collection: The Dome, the Path, and the House",EGP150,EGP75,9:00 AM,5:00 PM,,,,,,,
ticket-prices-for-attractions-in-cairo,wp-page-72325,,Wekalet Al-Ghouri,EGP100,EGP50,9:00 AM,5:00 PM,,,,,,,
ticket-prices-for-attractions-in-cairo,wp-page-72325,,Ali Labib’s house,EGP100,EGP50,9:00 AM,5:00 PM,,,,,,,
ticket-prices-for-attractions-in-cairo,wp-page-72325,,House Al-Harawi,EGP100,EGP50,9:00 AM,5:00 PM,,,,,,,
ticket-prices-for-attractions-in-cairo,wp-page-72325,,"Sabil and Book of Qaitbay, Saliba Street",EGP100,EGP50,9:00 AM,5:00 PM,,,,,,,
ticket-prices-for-attractions-in-cairo,wp-page-72325,,House ELSET WASELH,EGP100,EGP50,9:00 AM,5:00 PM,,,,,,,
ticket-prices-for-attractions-in-cairo,wp-page-72325,,The way of Nafisa Al-Bayda,EGP60,EGP30,9:00 AM,5:00 PM,,,,,,,
ticket-prices-for-attractions-in-cairo,wp-page-72325,,Muhammad Ali Palace in Shubra (opening soon),EGP300,EGP150,9:00 AM,5:00 PM,,,,,,,
ticket-prices-for-attractions-in-cairo,wp-page-72325,,Mary’s tree,EGP120,EGP60,9:00 AM,5:00 PM,,,,,,,
ticket-prices-for-attractions-in-cairo,wp-page-72325,,Obelisk of Senusret I in Matareya,EGP200,EGP100,9:00 AM,5:00 PM,,,,,,,
ticket-prices-for-attractions-in-cairo,wp-page-72325,,The Egyptian Museum in Tahrir,EGP550,EGP275,9:00 AM,5:00 PM,,,,,,,
ticket-prices-for-attractions-in-cairo,wp-page-72325,,Audio guide (collections) Egyptian Museum,EGP75,EGP75,9:00 AM,5:00 PM,possibly-merged-names,,,,,,
ticket-prices-for-attractions-in-cairo,wp-page-72325,,Museum of Egyptian Art,EGP270,EGP140,9:00 AM,5:00 PM,,,,,,,
ticket-prices-for-attractions-in-cairo,wp-page-72325,,Coptic Museum,EGP280,EGP140,9:00 AM,5:00 PM,,,,,,,
ticket-prices-for-attractions-in-cairo,wp-page-72325,,Royal Vehicles Museum,EGP300,EGP150,9:00 AM,5:00 PM,,,,,,,
ticket-prices-for-attractions-in-cairo,wp-page-72325,,Baron Palace,EGP220,EGP110,9:00 AM,5:00 PM,,,,,,,
ticket-prices-for-attractions-in-cairo,wp-page-72325,,Moez Street,EGP220,EGP110,9:00 AM,5:00 PM,,,,,,,
ticket-prices-for-attractions-in-cairo,wp-page-72325,,Muhammad Ali Palace in Manial,EGP220,EGP110,9:00 AM,5:00 PM,,,,,,,
ticket-prices-for-attractions-in-cairo,wp-page-72325,,Nil ometer,EGP120,EGP60,9:00 AM,5:00 PM,,,,,,,
ticket-prices-for-attractions-in-cairo,wp-page-72325,,Museum of Islamic Art in Cairo,EGP340,EGP170,9:00 AM,5:00 PM,has-inline-link,,,,,,
ticket-prices-for-attractions-in-cairo,wp-page-72325,,Gayer-Anderson Museum,EGP100,EGP50,9:00 AM,5:00 PM,has-inline-link,,,,,,
ticket-prices-for-attractions-in-giza,wp-page-72327,,GIZA,Adult,Student,Open,Last Close,adult-not-price,,,,,,
ticket-prices-for-attractions-in-giza,wp-page-72327,,Giza pyramids area,EGP700,EGP350,7:00 AM,4:00 PM,,,,,,,
ticket-prices-for-attractions-in-giza,wp-page-72327,,The pyramid of Khufu from the inside,EGP1000,EGP500,7:00 AM,5:00 PM,,,,,,,
ticket-prices-for-attractions-in-giza,wp-page-72327,,Khafre’s Pyramid (Giza Pyramids),EGP280,EGP140,7:00 AM,4:00 PM,possibly-merged-names,,,,,,
ticket-prices-for-attractions-in-giza,wp-page-72327,,Pyramid of Menkaure (Giza Pyramids),EGP280,EGP140,7:00 AM,5:00 PM,has-inline-link,,,,,,
ticket-prices-for-attractions-in-giza,wp-page-72327,,Sphinx (private visits only) + site opening fees,EGP200,EGP200,7:00 AM,4:00 PM,possibly-merged-names,,,,,,
ticket-prices-for-attractions-in-giza,wp-page-72327,,Tomb of Mer- es – ankh,EGP200,EGP100,7:00 AM,5:00 PM,,,,,,,
ticket-prices-for-attractions-in-giza,wp-page-72327,,Workers’ cemetery,EGP700,EGP350,7:00 AM,5:00 PM,,,,,,,
ticket-prices-for-attractions-in-giza,wp-page-72327,,Saqqara area and the Imhotep Museum,EGP600,EGP300,8:00 AM,5:00 PM,,,,,,,
ticket-prices-for-attractions-in-giza,wp-page-72327,,"Tombs of the Nobles, New Kingdom",EGP400,EGP200,8:00 AM,5:00 PM,,,,,,,
ticket-prices-for-attractions-in-giza,wp-page-72327,,Southern cemetery,EGP300,EGP150,8:00 AM,5:00 PM,,,,,,,
ticket-prices-for-attractions-in-giza,wp-page-72327,,Combined tickets for all Saqqara tombs,EGP1000,EGP500,8:00 AM,5:00 PM,,,,,,,
ticket-prices-for-attractions-in-giza,wp-page-72327,,Step Pyramid of zoser from the southern interior (Saqqara),EGP280,EGP140,8:00 AM,5:00 PM,,,,,,,
ticket-prices-for-attractions-in-giza,wp-page-72327,,Serapeum (Saqqara),EGP340,EGP170,8:00 AM,5:00 PM,,,,,,,
ticket-prices-for-attractions-in-giza,wp-page-72327,,Merruka Cemetery (Saqqara),EGP200,EGP100,8:00 AM,5:00 PM,,,,,,,
ticket-prices-for-attractions-in-giza,wp-page-72327,,Dahshur area,EGP200,EGP100,8:00 AM,5:00 PM,,,,,,,
ticket-prices-for-attractions-in-giza,wp-page-72327,,Mit Rahina area,EGP200,EGP100,8:00 AM,5:00 PM,,,,,,,
ticket-prices-for-attractions-in-sohag,wp-page-72336,Sohag Governorate,Sohag Governorate · Adult · Student · Open · Last Close,,,,,HEADER-ROW-AS-BULLET,,,,,,
ticket-prices-for-attractions-in-sohag,wp-page-72336,Sohag Governorate,Statue of Meritamun and Ramesses II,EGP120,EGP60,9:00 AM,5:00 PM,,,,,,,
ticket-prices-for-attractions-in-sohag,wp-page-72336,Sohag Governorate,Shunat Al-Zaib and Kom Al-Sultan,EGP100,EGP50,9:00 AM,5:00 PM,possibly-merged-names,,,,,,
ticket-prices-for-attractions-in-sohag,wp-page-72336,Sohag Governorate,EL hawawesh,EGP150,EGP75,9:00 AM,5:00 PM,,,,,,,
ticket-prices-for-attractions-in-sohag,wp-page-72336,Sohag Governorate,Sohag National Museum,EGP150,EGP75,9:00 AM,5:00 PM,,,,,,,
ticket-prices-for-attractions-in-sohag,wp-page-72336,Sohag Governorate,Seti I Temple (Abydos),EGP260,EGP130,9:00 AM,5:00 PM,possibly-merged-names,,,,,,
ticket-prices-for-attractions-in-sohag,wp-page-72336,Sohag Governorate,Sheikh Hamad,EGP150,EGP75,9:00 AM,5:00 PM,,,,,,,
ticket-prices-for-attractions-in-qena,wp-page-72338,QENA Governorate,QENA Governorate · Adult · Student · Open · Last Close,,,,,HEADER-ROW-AS-BULLET,,,,,,
ticket-prices-for-attractions-in-qena,wp-page-72338,QENA Governorate,Dendara Temple,EGP300,EGP150,7:00 AM,5:00 PM,,,,,,,
ticket-prices-for-attractions-in-qena,wp-page-72338,QENA Governorate,Dendera Temple panorama,EGP100,7:00 AM,5:00 PM,,field-count-4,,,,,,
ticket-prices-for-attractions-in-qena,wp-page-72338,QENA Governorate,Prince Youssef Kamal Palace,EGP100,EGP50,7:00 AM,5:00 PM,possibly-merged-names,,,,,,
ticket-prices-for-attractions-in-luxor,wp-page-72343,Luxor Governorate,Luxor Governorate · Adult · Student · Open · Last Close,,,,,HEADER-ROW-AS-BULLET,,,,,,
ticket-prices-for-attractions-in-luxor,wp-page-72343,Luxor Governorate,Karnak Temples,EGP600,EGP300,6:00 AM,5:00 PM,,,,,,,
ticket-prices-for-attractions-in-luxor,wp-page-72343,Luxor Governorate,Temple of Mut at Karnak,EGP200,EGP100,6:00 AM,5:00 PM,,,,,,,
ticket-prices-for-attractions-in-luxor,wp-page-72343,Luxor Governorate,Luxor Temple,EGP500,EGP250,6:00 AM,5:00 PM,has-inline-link,,,,,,
ticket-prices-for-attractions-in-luxor,wp-page-72343,Luxor Governorate,Valley of the Kings,EGP750,EGP375,6:00 AM,5:00 PM,,,,,,,
ticket-prices-for-attractions-in-luxor,wp-page-72343,Luxor Governorate,Tomb of Seti I,EGP2000,EGP2000,6:00 AM,5:00 PM,,,,,,,
ticket-prices-for-attractions-in-luxor,wp-page-72343,Luxor Governorate,Tomb of Ay,EGP200,EGP100,6:00 AM,5:00 PM,,,,,,,
ticket-prices-for-attractions-in-luxor,wp-page-72343,Luxor Governorate,Deir el-Bahari (Hatshepsut),EGP440,EGP220,6:00 AM,5:00 PM,,,,,,,
ticket-prices-for-attractions-in-luxor,wp-page-72343,Luxor Governorate,Deir el-Medina,EGP220,EGP110,6:00 AM,5:00 PM,has-inline-link,,,,,,
ticket-prices-for-attractions-in-luxor,wp-page-72343,Luxor Governorate,Tomb of Bahtu,EGP120,EGP60,6:00 AM,5:00 PM,,,,,,,
ticket-prices-for-attractions-in-luxor,wp-page-72343,Luxor Governorate,Tomb of Ra-Muza,EGP200,EGP100,6:00 AM,5:00 PM,,,,,,,
ticket-prices-for-attractions-in-luxor,wp-page-72343,Luxor Governorate,Temple of the Ramesseum,EGP220,EGP110,6:00 AM,5:00 PM,has-inline-link,,,,,,
ticket-prices-for-attractions-in-luxor,wp-page-72343,Luxor Governorate,Alwat Abd el-Qurna,EGP120,EGP60,6:00 AM,5:00 PM,,,,,,,
ticket-prices-for-attractions-in-luxor,wp-page-72343,Luxor Governorate,Beit Carter,EGP220,EGP110,6:00 AM,5:00 PM,,,,,,,
ticket-prices-for-attractions-in-luxor,wp-page-72343,Luxor Governorate,Tomb of Menna and Nakht,EGP200,EGP100,6:00 AM,5:00 PM,,,,,,,
ticket-prices-for-attractions-in-luxor,wp-page-72343,Luxor Governorate,Esna Temple,EGP200,EGP100,9:00 AM,5:00 PM,has-inline-link,,,,,,
ticket-prices-for-attractions-in-luxor,wp-page-72343,Luxor Governorate,Tomb of Tutankhamun (Valley of the Kings),EGP700,EGP350,6:00 AM,5:00 PM,,,,,,,
ticket-prices-for-attractions-in-luxor,wp-page-72343,Luxor Governorate,Tomb of Ramesses VI (Valley of the Kings),EGP220,EGP110,6:00 AM,5:00 PM,,,,,,,
ticket-prices-for-attractions-in-luxor,wp-page-72343,Luxor Governorate,Temple of Habu,EGP220,EGP110,6:00 AM,5:00 PM,,,,,,,
ticket-prices-for-attractions-in-luxor,wp-page-72343,Luxor Governorate,Valley of the Queens,EGP220,EGP110,6:00 AM,5:00 PM,has-inline-link,,,,,,
ticket-prices-for-attractions-in-luxor,wp-page-72343,Luxor Governorate,Tomb of Nefertari (Valley of the Queens),EGP2500,EGP2500,6:00 AM,5:00 PM,,,,,,,
ticket-prices-for-attractions-in-luxor,wp-page-72343,Luxor Governorate,Khokha Tombs,EGP120,EGP60,6:00 AM,5:00 PM,,,,,,,
ticket-prices-for-attractions-in-luxor,wp-page-72343,Luxor Governorate,Tombs of Roy and Shuri,EGP120,EGP60,6:00 AM,5:00 PM,,,,,,,
ticket-prices-for-attractions-in-luxor,wp-page-72343,Luxor Governorate,Qornet Meri Necropolis,EGP120,EGP60,6:00 AM,5:00 PM,,,,,,,
ticket-prices-for-attractions-in-luxor,wp-page-72343,Luxor Governorate,Sheikh Abd el-Qurna Necropolis,EGP120,EGP60,6:00 AM,5:00 PM,has-inline-link; possibly-merged-names,,,,,,
ticket-prices-for-attractions-in-luxor,wp-page-72343,Luxor Governorate,Mummification Museum,EGP220,EGP110,9:00 AM,5:00 PM,,,,,,,
ticket-prices-for-attractions-in-luxor,wp-page-72343,Luxor Governorate,Al-Aqsa Museum,EGP400,EGP200,9:00 AM,5:00 PM,,,,,,,
ticket-prices-for-attractions-in-luxor,wp-page-72343,Luxor Governorate,Tomb of Userhat and Khonsu,EGP120,EGP60,6:00 AM,5:00 PM,,,,,,,
ticket-prices-for-attractions-in-luxor,wp-page-72343,Luxor Governorate,The Assasif,EGP200,EGP100,6:00 AM,5:00 PM,,,,,,,
ticket-prices-for-attractions-in-luxor,wp-page-72343,Luxor Governorate,Temple of Seti I,EGP200,EGP100,6:00 AM,5:00 PM,,,,,,,
ticket-prices-for-attractions-in-al-minya-asyut,wp-page-72364,Minya Governorate,Minya Governorate · Adult · Student · Open · Last Close,,,,,HEADER-ROW-AS-BULLET,,,,,,
ticket-prices-for-attractions-in-al-minya-asyut,wp-page-72364,Minya Governorate,Al ashmonnien Tuna Al-Gabal,EGP200,EGP100,8:00 AM,5:00 PM,possibly-merged-names,,,,,,
ticket-prices-for-attractions-in-al-minya-asyut,wp-page-72364,Minya Governorate,Bani Hassan Tombs,EGP200,EGP100,8:00 AM,5:00 PM,,,,,,,
ticket-prices-for-attractions-in-al-minya-asyut,wp-page-72364,Minya Governorate,Sultan’s corner,EGP100,EGP50,8:00 AM,5:00 PM,,,,,,,
ticket-prices-for-attractions-in-al-minya-asyut,wp-page-72364,Minya Governorate,Fraser Tombs,EGP100,EGP50,8:00 AM,5:00 PM,possible-duplicate-of:Frayzer Tomb,,,,,,
ticket-prices-for-attractions-in-al-minya-asyut,wp-page-72364,Minya Governorate,Malawi Museum,EGP120,EGP60,8:00 AM,5:00 PM,,,,,,,
ticket-prices-for-attractions-in-al-minya-asyut,wp-page-72364,Minya Governorate,Tell el-Amarna,EGP200,EGP100,8:00 AM,5:00 PM,has-inline-link,,,,,,
ticket-prices-for-attractions-in-al-minya-asyut,wp-page-72364,Minya Governorate,The Royal Cemetery in Amarna,EGP120,EGP60,8:00 AM,5:00 PM,,,,,,,
ticket-prices-for-attractions-in-al-minya-asyut,wp-page-72364,Minya Governorate,Frayzer Tomb,EGP60,EGP30,8:00 AM,5:00 PM,possible-duplicate-of:Fraser Tombs,,,,,,
ticket-prices-for-attractions-in-al-minya-asyut,wp-page-72364,ASYUT Governorate,ASYUT Governorate · Adult · Student · Open · Last Close,,,,,HEADER-ROW-AS-BULLET,,,,,,
ticket-prices-for-attractions-in-al-minya-asyut,wp-page-72364,ASYUT Governorate,Al Hamameya,EGP100,EGP50,7:00 AM,5:00 PM,,,,,,,
ticket-prices-for-attractions-in-al-minya-asyut,wp-page-72364,ASYUT Governorate,Mir Tombs,EGP100,EGP50,7:00 AM,5:00 PM,,,,,,,
