reviewed_class,regex_class,doc_id,doc_type,locale,title,slug,field_path,context,note,owner_decision
STALE_FIX,NEUTRAL,wp-page-86851,tour,en,"The Elegant Cairo: A 4-Day Tour of the Ancient and the Living City",the-elegant-cairo-4-days-tour,body[0][_key==en].value[19],"Where · Cairo — Four Seasons First Residence (or equivalent); NMEC; Giza plateau and Solar Boat; Coptic Old Cairo; Ben Ezra Synagogue; Khan el-Khalili","itinerary still sends guests to the closed on-site Solar Boat Museum",
STALE_FIX,NEUTRAL,wp-page-86851,tour,es,"The Elegant Cairo: A 4-Day Tour of the Ancient and the Living City",the-elegant-cairo-4-days-tour,body[1][_key==es].value[19],"Dónde · El Cairo — Four Seasons First Residence (o equivalente); NMEC; meseta de Guiza y Barca Solar; El Cairo copto; sinagoga Ben Ezra; Jan el-Jalili","itinerary still sends guests to the closed on-site Solar Boat Museum",
STALE_FIX,STALE_CLAIM,tour.8-days-best-of-egypt-tour-package,tour,en,"8-Day Egypt Highlights: Cairo, Abu Simbel, the Nile and Luxor",8-days-best-of-egypt-tour-package,body[0][_key==en].value[6],"Menkaure, and the Great Sphinx form a complex raised around 2500 BC and not surpassed for sheer physical ambition in the five millennia since. A camel ride across the plateau gives you the scale. The Solar Boat Museum holds one of the cedar vessels buried beside Khufu's pyramid — dismantled into 1,224 pieces, recovered intact, and reassembled in a purpose-built gallery beside the pyramid.","itinerary still sends guests to the closed on-site Solar Boat Museum",
STALE_FIX,STALE_CLAIM,tour.8-days-best-of-egypt-tour-package,tour,es,"8-Day Egypt Highlights: Cairo, Abu Simbel, the Nile and Luxor",8-days-best-of-egypt-tour-package,body[1][_key==es].value[6],"ran Esfinge forman un complejo levantado hacia 2500 a. C. y nunca superado en pura ambición física en los cinco milenios desde entonces. Un paseo en camello por la meseta da la escala. El Museo de la Barca Solar conserva uno de los buques de cedro enterrados junto a la pirámide de Keops —desmontado en 1224 piezas, recuperado intacto y reensamblado en una galería construida a propósito junto a la pirámide.","itinerary still sends guests to the closed on-site Solar Boat Museum",
STALE_FIX,STALE_CLAIM,tour.8-days-best-of-egypt-tour-package,tour,ja,"8-Day Egypt Highlights: Cairo, Abu Simbel, the Nile and Luxor",8-days-best-of-egypt-tour-package,body[2][_key==ja].value[6],"最初のフル日は、ピラミッド建設の3000年を一周します。ギザでは、クフ王の大ピラミッド、カフラー王のピラミッド、メンカウラー王のピラミッド、そして大スフィンクスが、紀元前2500年ごろに築かれた複合体を成しています——以降5000年、純粋な物理的野心において、ここを超えるものは現れていません。高原を渡るラクダ乗りで規模をつかめます。太陽の船博物館にはクフ王のピラミッドのそばに埋められた杉の船一隻——1,224の部材に解体され、無傷で発見され、専用ギャラリーで再組立てされた船——が収まっています。","itinerary still sends guests to the closed on-site Solar Boat Museum",
STALE_FIX,STALE_CLAIM,wp-page-86851,tour,en,"The Elegant Cairo: A 4-Day Tour of the Ancient and the Living City",the-elegant-cairo-4-days-tour,body[0][_key==en].value[10],"ive in person than in any preparation. The scale resolves things photographs distort: the individual courses of limestone at chest height; the plateau's sheer horizontal extent; the Sphinx below. The Solar Boat Museum, beside the Great Pyramid, holds the reconstructed cedar vessel buried beside Khufu around 2500 BC — one of the oldest intact ships in existence. The day closes with a camel ride across the plateau as the light drops.","itinerary still sends guests to the closed on-site Solar Boat Museum",
STALE_FIX,STALE_CLAIM,wp-page-86851,tour,es,"The Elegant Cairo: A 4-Day Tour of the Ancient and the Living City",the-elegant-cairo-4-days-tour,body[1][_key==es].value[10],"La escala resuelve cosas que las fotografías distorsionan: las hiladas individuales de piedra caliza a la altura del pecho, la pura extensión horizontal de la meseta, la Esfinge abajo. El Museo de la Barca Solar, junto a la Gran Pirámide, alberga la embarcación de cedro reconstruida enterrada al lado de Keops hacia el 2500 a. C. — uno de los barcos intactos más antiguos que existen. El día se cierra con un paseo en camello sobre la meseta a medida que cae ","itinerary still sends guests to the closed on-site Solar Boat Museum",
STALE_FIX,STALE_CLAIM,wp-page-86851,tour,ja,"The Elegant Cairo: A 4-Day Tour of the Ancient and the Living City",the-elegant-cairo-4-days-tour,body[2][_key==ja].value[10],"午後はギザへ。三つのピラミッド——クフ、カフラー、メンカウラー、紀元前25世紀に築かれた——は、どれだけ準備をしても、実物の方が常に上回ります。スケールは写真が歪めるものを解像してくれます——胸の高さの石灰岩の層、高原の純粋に水平方向への拡がり、下方に控えるスフィンクス。大ピラミッドのすぐ脇にある太陽の船博物館には、紀元前2500年頃にクフ王の傍らに埋葬された、復元された杉材の船——現存最古級の無傷の船舶——が収められています。日没にかけて高原を渡るラクダ騎乗で一日を締めくくります。","itinerary still sends guests to the closed on-site Solar Boat Museum",
STALE_FIX,STALE_CLAIM,wp-page-86851,tour,ja,"The Elegant Cairo: A 4-Day Tour of the Ancient and the Living City",the-elegant-cairo-4-days-tour,body[2][_key==ja].value[19],"ルート · カイロ — フォー・シーズンズ・ファースト・レジデンス（または同等ホテル）、NMEC、ギザ高原と太陽の船博物館、コプトのオールド・カイロ、ベン・エズラ・シナゴーグ、ハーン・ハリーリ","itinerary still sends guests to the closed on-site Solar Boat Museum",
STALE_FIX,STALE_CLAIM,wp-page-89015,tour,en,"Love on the Nile: A 10-Day Romantic Egypt Tour",the-romantic-egypt-tour,body[0][_key==en].value[25],"und 2500 BC and remain among the largest structures ever made. The Great Sphinx, carved from the same limestone bedrock, sits below the Pyramid of Khafre, its identity and purpose still disputed. The Solar Boat Museum houses a funerary barque discovered dismantled in a pit at the base of Khufu's pyramid in 1954 — reassembled, it is 43 metres long, made of Lebanese cedar, and remarkably intact after 4,500 years. A camel ride through the desert gives the pla","itinerary still sends guests to the closed on-site Solar Boat Museum",
STALE_FIX,STALE_CLAIM,wp-page-89015,tour,es,"Love on the Nile: A 10-Day Romantic Egypt Tour",the-romantic-egypt-tour,body[1][_key==es].value[25]," entre las mayores estructuras jamás hechas. La Gran Esfinge, tallada en el mismo lecho calcáreo, está debajo de la pirámide de Kefrén, con su identidad y propósito todavía discutidos. El Museo de la Barca Solar alberga una barca funeraria descubierta desmontada en una fosa en la base de la pirámide de Keops en 1954 —reensamblada, mide 43 metros de largo, está hecha de cedro libanés y es notablemente íntegra después de 4500 años—. Un paseo en camello por e","itinerary still sends guests to the closed on-site Solar Boat Museum",
STALE_FIX,STALE_CLAIM,wp-page-89015,tour,ja,"Love on the Nile: A 10-Day Romantic Egypt Tour",the-romantic-egypt-tour,body[2][_key==ja].value[25],"九日目は、エジプト文明が外の世界にもっとも即座に読める場所から始まります。ギザ高原のクフ王の大ピラミッド、カフラー王のピラミッド、メンカウラー王のピラミッドは紀元前2500年ごろに築かれ、いまも史上最大級の構造物のひとつです。大スフィンクスは同じ石灰岩の岩盤から掘り出され、カフラー王のピラミッドの足元に座します——その正体と用途はいまも論争の的です。太陽の船博物館は、1954年にクフ王ピラミッド基部のピットで解体状態で発見された葬礼用の船を収めます——再組立てされた船は全長43メートル、レバノン杉製、4500年経ったいまもめざましく無傷です。砂漠を渡るラクダ乗りは、高原に別の角度を与えます。","itinerary still sends guests to the closed on-site Solar Boat Museum",
STALE_FIX,STALE_CLAIM,wp-page-89452,tour,en,"The Holy Family Trail: Fifteen Days Through Coptic Egypt and the Ancient Nile",the-holy-family-trip-in-egypt,body[0][_key==en].value[7],"Giza holds the three pyramids of the Fourth Dynasty: Khufu, Khafre, and Menkaure, built around 2500 BC, with the Great Sphinx crouched below them. The Solar Boat Museum on the south side of the Great Pyramid holds the reconstructed cedar vessel buried beside Khufu's tomb, dismantled into 1,224 pieces and recovered in 1954. Memphis, the first capital of a unified Egypt, holds the fallen limestone colossus of ","itinerary still sends guests to the closed on-site Solar Boat Museum",
STALE_FIX,STALE_CLAIM,wp-page-89452,tour,es,"The Holy Family Trail: Fifteen Days Through Coptic Egypt and the Ancient Nile",the-holy-family-trip-in-egypt,body[1][_key==es].value[7],"Guiza alberga las tres pirámides de la IV Dinastía: Keops, Kefrén y Micerinos, levantadas hacia el 2500 a. C., con la Gran Esfinge agazapada a sus pies. El Museo de la Barca Solar, al sur de la Gran Pirámide, custodia la embarcación de cedro reconstruida que fue enterrada junto a la tumba de Keops, desmontada en 1.224 piezas y recuperada en 1954. Menfis, la primera capital del Egipto unificado, conserva el colosal de caliza ","itinerary still sends guests to the closed on-site Solar Boat Museum",
STALE_FIX,STALE_CLAIM,wp-page-89452,tour,ja,"The Holy Family Trail: Fifteen Days Through Coptic Egypt and the Ancient Nile",the-holy-family-trip-in-egypt,body[2][_key==ja].value[7],"ギザには第四王朝の三つのピラミッドがあります。クフ、カフラー、メンカウラー、紀元前2500年頃に築かれ、その足元に大スフィンクスがうずくまっています。大ピラミッドの南側にある太陽の船博物館には、クフ王の墓のそばに埋められていたレバノン杉の船が再構成して収められています。1,224の部材に解体された状態で1954年に発見されたものです。エジプト統一の最初の首都メンフィスには、横たわるラムセス二世の石灰岩の巨像と、大きなアラバスター製のスフィンクスがあります。サッカラはすべての並びを書き換えます。ジェセル王の階段ピラミッド、紀元前2670年頃、地上最古の大規模石造建築——イムホテプがマスタバの積み重ねからピラミッドへの変換を、段階を踏んで考え抜いた建物です。聖家族が到着したとされる頃には、","itinerary still sends guests to the closed on-site Solar Boat Museum",
STALE_FIX,STALE_CLAIM,wp-page-89524,tour,en,"13-Day Egypt Tour: Cairo, the Nile, Luxor, Sinai and the Red Sea",13-day-impressive-egypt-tour,body[0][_key==en].value[17],"The day continues to Giza and the three pyramids of the Old Kingdom — Khufu, Khafre, and Menkaure, built around 2500 BC — and the Great Sphinx below. The Solar Boat Museum at the foot of the Great Pyramid holds one of the cedar vessels buried for the pharaoh's afterlife. A camel ride across the plateau is available and worth taking.","itinerary still sends guests to the closed on-site Solar Boat Museum",
STALE_FIX,STALE_CLAIM,wp-page-89524,tour,es,"13-Day Egypt Tour: Cairo, the Nile, Luxor, Sinai and the Red Sea",13-day-impressive-egypt-tour,body[1][_key==es].value[17],"La jornada continúa hasta Guiza y las tres pirámides del Imperio Antiguo —Keops, Kefrén y Micerinos, levantadas hacia 2500 a. C.— y la Gran Esfinge debajo. El Museo de la Barca Solar, al pie de la Gran Pirámide, conserva uno de los buques de cedro enterrados para el más allá del faraón. Un paseo en camello por la meseta está disponible y merece la pena.","itinerary still sends guests to the closed on-site Solar Boat Museum",
STALE_FIX,STALE_CLAIM,wp-page-89524,tour,ja,"13-Day Egypt Tour: Cairo, the Nile, Luxor, Sinai and the Red Sea",13-day-impressive-egypt-tour,body[2][_key==ja].value[17],"そのまま一日はギザへ進み、古王国の三大ピラミッド——クフ、カフラー、メンカウラー（紀元前2500年ごろ）——と足元の大スフィンクスをご覧いただきます。大ピラミッド南麓の太陽の船博物館にはファラオの来世のために埋められた杉の船一隻が収まります。高原を渡るラクダ乗りも可能で、選ぶ価値があります。","itinerary still sends guests to the closed on-site Solar Boat Museum",
STALE_FIX,STALE_CLAIM,wp-page-89558,tour,en,"8-Day Essential Egypt Tour: Cairo, Alexandria, Aswan and Luxor",essential-egypt,body[0][_key==en].value[7],"around 2560 BC and for nearly four thousand years the tallest structure on earth — the Pyramid of Khafre, the Pyramid of Menkaure, and the Great Sphinx form a complex that rewards slow attention. The Solar Boat Museum at the base of Khufu's pyramid holds the reconstructed cedar vessel buried beside the pyramid around 2500 BC, disassembled into 1,224 pieces and reassembled after its excavation in 1954. A camel ride across the plateau gives the scale.","itinerary still sends guests to the closed on-site Solar Boat Museum",
STALE_FIX,STALE_CLAIM,wp-page-89558,tour,es,"8-Day Essential Egypt Tour: Cairo, Alexandria, Aswan and Luxor",essential-egypt,body[1][_key==es].value[7],"durante casi cuatro mil años la estructura más alta del planeta—, la pirámide de Kefrén, la pirámide de Micerinos y la Gran Esfinge forman un complejo que recompensa la atención lenta. El Museo de la Barca Solar en la base de la pirámide de Keops conserva el buque de cedro reconstruido enterrado junto a ella hacia 2500 a. C., desmontado en 1224 piezas y reensamblado tras su excavación en 1954. Un paseo en camello por la meseta da la escala.","itinerary still sends guests to the closed on-site Solar Boat Museum",
STALE_FIX,STALE_CLAIM,wp-page-89558,tour,ja,"8-Day Essential Egypt Tour: Cairo, Alexandria, Aswan and Luxor",essential-egypt,body[2][_key==ja].value[7],"続くカイロの一日は、旅でもっとも重い日です——ピラミッド建設の3000年を一周します。ギザでは、クフ王の大ピラミッド——紀元前2560年ごろ建造、4000年近くにわたり地上最高の建造物——、カフラー王のピラミッド、メンカウラー王のピラミッド、大スフィンクスが、ゆっくりとした注意に報いる複合体を成しています。クフ王ピラミッドの麓の太陽の船博物館は、紀元前2500年ごろにピラミッドのそばに埋められた杉の船を収めます——1,224の部材に解体され、1954年の発掘ののち再組立てされました。高原を渡るラクダ乗りで規模をつかめます。","itinerary still sends guests to the closed on-site Solar Boat Museum",
STALE_FIX,STALE_CLAIM,wp-page-89602,tour,en,"Timeless Wonders: 10-Days Eternal Egypt Tour",10-days-eternal-egypt-tour,body[0][_key==en].value[1]," the city's dynamic streets. Giza's Timeless Wonders: Return to Cairo for another day to witness the timeless majesty of the Great Pyramids of Giza. Revel in a unique camel ride, visit the intriguing Solar Boat Museum, and delve into the ancient cities of Memphis and Saqqara, plus the Pyramids of Dahshur. Cap the day with an exquisite dinner overlooking the pyramids.","itinerary still sends guests to the closed on-site Solar Boat Museum",
STALE_FIX,STALE_CLAIM,wp-page-89602,tour,en,"Timeless Wonders: 10-Days Eternal Egypt Tour",10-days-eternal-egypt-tour,days[3].morning[0][_key==en].value[0],"Journey back to Cairo for a day at the iconic Great Pyramids of Giza. Enjoy a camel ride, visit the Solar Boat Museum, and explore the ancient cities of Memphis and Saqqara, plus the pyramids of Dahshur. End your day with fine dining overlooking the pyramids.","itinerary still sends guests to the closed on-site Solar Boat Museum",
STALE_FIX,STALE_CLAIM,wp-page-89602,tour,es,"Timeless Wonders: 10-Days Eternal Egypt Tour",10-days-eternal-egypt-tour,days[3].morning[1][_key==es].value[0],"Regresa a El Cairo para pasar un día en las emblemáticas Grandes Pirámides de Guiza.  Disfruta de un paseo en camello, visita el Museo del Barco Solar y explora las antiguas ciudades de Menfis y Saqqara, además de las pirámides de Dahshur.  Termina el día con una buena cena con vistas a las pirámides. ","itinerary still sends guests to the closed on-site Solar Boat Museum",
STALE_FIX,STALE_CLAIM,wp-page-89602,tour,ja,"Timeless Wonders: 10-Days Eternal Egypt Tour",10-days-eternal-egypt-tour,days[3].morning[2][_key==ja].value[0],"カイロへ戻り、ギザの大ピラミッド で壮大な歴史の息吹を感じる1日をお過ごしください。ピラミッドの麓で ラクダに乗る特別な体験 を楽しみ、古代の航海術を伝える 太陽の船博物館 を訪れます。","itinerary still sends guests to the closed on-site Solar Boat Museum",
STALE_FIX,STALE_CLAIM,wp-page-89619,tour,en,"Pharaohs' Legacy: A 10-Day Egypt and Nile Tour",egypt-and-the-nile-tour,body[0][_key==en].value[28],"ure, and the Great Sphinx below them. You have spent a week in pharaonic Egypt by now, which changes how you read Giza — the plateau makes more sense after Saqqara, after Luxor, after Abu Simbel. The Solar Boat Museum alongside the Great Pyramid holds the remarkably preserved cedar boat found dismantled in a pit at the base of the pyramid in 1954, intended to carry the king into the afterlife. A camel ride across the plateau offers the view that the ninete","itinerary still sends guests to the closed on-site Solar Boat Museum | ⚠ OWNER_EDITED pending draft on this tour — coordinate fix with draft",
STALE_FIX,STALE_CLAIM,wp-page-89619,tour,es,"Pharaohs' Legacy: A 10-Day Egypt and Nile Tour",egypt-and-the-nile-tour,body[1][_key==es].value[28],"estas alturas se han pasado una semana en el Egipto faraónico, lo que cambia cómo se lee Guiza: la meseta tiene más sentido después de Saqqara, después de Luxor, después de Abu Simbel. El Museo de la Barca Solar junto a la Gran Pirámide conserva el barco de cedro extraordinariamente conservado encontrado desmontado en una fosa en la base de la pirámide en 1954, destinado a llevar al rey al más allá. Un paseo en camello por la meseta ofrece la vista que los","itinerary still sends guests to the closed on-site Solar Boat Museum | ⚠ OWNER_EDITED pending draft on this tour — coordinate fix with draft",
STALE_FIX,STALE_CLAIM,wp-page-89619,tour,ja,"Pharaohs' Legacy: A 10-Day Egypt and Nile Tour",egypt-and-the-nile-tour,body[2][_key==ja].value[28],"最後から二日目は、三つのエジプトを同じ画面に収めます。ギザ高原から始めるのが正しい順序です——紀元前2560年ごろのクフ王の大ピラミッド、カフラー王のピラミッド、メンカウラー王のピラミッド、そして足元の大スフィンクス。ファラオのエジプトに一週間滞在したいまは、ギザの読み方が変わります——サッカラのあと、ルクソールのあと、アブ・シンベルのあとに見るギザは、別の意味を持ち始めます。大ピラミッドのそばの太陽の船博物館は、1954年にピラミッド基部のピットで解体状態で発見された、めざましく保存状態のよい杉の船を収めます——王を来世に運ぶための船です。高原を渡るラクダ乗りは、19世紀の銅版画に有名になった眺めを差し出します。","itinerary still sends guests to the closed on-site Solar Boat Museum | ⚠ OWNER_EDITED pending draft on this tour — coordinate fix with draft",
CORRECT_TEACHES_MOVE,NEUTRAL,wp-post-152426-en,article,en,"Visiting the Giza Pyramids Without Getting Worn Down",how-to-avoid-scams-at-giza-pyramids,body[25],"Giza is a place where a good guide really deepens understanding. Pyramids, funerary complex, Sphinx, valley temple, the solar boat, the workers' town — with explanation, the plateau reads.","plateau highlights list mentions boat; same article teaches the move — minor, optional tweak",
CORRECT_TEACHES_MOVE,NEUTRAL,wp-post-155592-es,article,es,"Cómo evitar problemas en las pirámides de Guiza",como-evitar-estafas-en-las-piramides-de-giza,body[40],"La barca solar ya no se ve como antes en la meseta","article explicitly explains the boat moved off the plateau",
CORRECT_TEACHES_MOVE,NEUTRAL,wp-post-172237-ja,article,ja,"ギザのピラミッドで困らないために",giza-no-piramiddo-de-komara-nai-tame-ni,body[25],"ギザは、よいガイドがいると本当に理解が深まる場所です。ピラミッド、葬祭複合体、スフィンクス、河岸神殿、太陽の船、労働者の町の話は、説明があると台地全体が読みやすくなります。","plateau highlights list mentions boat; same article teaches the move — minor, optional tweak",
CORRECT_TEACHES_MOVE,STALE_CLAIM,wp-post-144443-es,article,es,"Un día en las pirámides de Guiza: cómo organizar la visita",itinerario-de-1-dia-por-las-piramides-de-guiza-disfruta-de-las-maravillas-del-antiguo-egipto,body[46],"La barca solar de Keops ya no se visita en el antiguo museo junto a la pirámide.","article explicitly explains the boat moved off the plateau",
CORRECT_TEACHES_MOVE,STALE_CLAIM,wp-post-152426-en,article,en,"Visiting the Giza Pyramids Without Getting Worn Down",how-to-avoid-scams-at-giza-pyramids,body[39],"The solar boat is at the museum, not the plateau","article explicitly explains the boat moved off the plateau",
CORRECT_TEACHES_MOVE,STALE_CLAIM,wp-post-152426-en,article,en,"Visiting the Giza Pyramids Without Getting Worn Down",how-to-avoid-scams-at-giza-pyramids,body[40],"Previously, Khufu's solar boat could be seen at a dedicated museum on the Giza plateau.","article explicitly explains the boat moved off the plateau",
CORRECT_TEACHES_MOVE,STALE_CLAIM,wp-post-155592-es,article,es,"Cómo evitar problemas en las pirámides de Guiza",como-evitar-estafas-en-las-piramides-de-giza,body[41],"Durante mucho tiempo, la barca solar de Keops se visitaba en un museo junto a la Gran Pirámide.","article explicitly explains the boat moved off the plateau",
CORRECT_TEACHES_MOVE,STALE_CLAIM,wp-post-172237-ja,article,ja,"ギザのピラミッドで困らないために",giza-no-piramiddo-de-komara-nai-tame-ni,body[39],"太陽の船は台地ではなく博物館へ","article explicitly explains the boat moved off the plateau",
CORRECT_TEACHES_MOVE,STALE_CLAIM,wp-post-172237-ja,article,ja,"ギザのピラミッドで困らないために",giza-no-piramiddo-de-komara-nai-tame-ni,body[40],"以前、クフ王の太陽の船はギザ台地内の専用博物館で見られました。","article explicitly explains the boat moved off the plateau",
CORRECT_GEM,GEM_AWARE,guideArticle.giza.the-solar-boat-of-khufu,guideArticle,en,"The Solar Boat Of Khufu",the-solar-boat-of-khufu,body[0][_key==en].value[0],"It was moved there in August 2021, and the original Solar Boat Museum building beside the Great Pyramid was dismantled after the transfer. Visitors looking for the boat should go to the Grand Egyptian Museum, not the Giza Plateau.","dedicated page, states GEM location + museum dismantled",
CORRECT_GEM,GEM_AWARE,guideArticle.giza.the-solar-boat-of-khufu,guideArticle,en,"The Solar Boat Of Khufu",the-solar-boat-of-khufu,body[0][_key==en].value[15]," the presence of wood without opening the pit fully. The second boat was subsequently excavated by a Japanese team from Waseda University, beginning in the 2010s. Both boats — the first (the original Solar Boat) and the second — are now displayed in the Khufu Ships hall at the Grand Egyptian Museum. The second boat has been restored and is displayed publicly for the first time at the GEM.","dedicated page, states GEM location + museum dismantled",
CORRECT_GEM,GEM_AWARE,guideArticle.giza.the-solar-boat-of-khufu,guideArticle,en,"The Solar Boat Of Khufu",the-solar-boat-of-khufu,body[0][_key==en].value[17],"The Solar Boat is at the Grand Egyptian Museum, approximately 2 kilometres from the Giza Plateau at the foot of the pyramid site.","dedicated page, states GEM location + museum dismantled",
CORRECT_GEM,GEM_AWARE,guideArticle.giza.the-solar-boat-of-khufu,guideArticle,en,"The Solar Boat Of Khufu",the-solar-boat-of-khufu,summary[0][_key==en].value,"The Solar Boat of Khufu — the oldest intact ship in the world — is now displayed in a dedicated hall at the Grand Egyptian Museum at the foot of the Giza Plateau.","dedicated page, states GEM location + museum dismantled",
CORRECT_GEM,GEM_AWARE,guideArticle.giza.the-solar-boat-of-khufu,guideArticle,es,"The Solar Boat Of Khufu",the-solar-boat-of-khufu,body[1][_key==es].value[0],"La Barca Solar de Keops — el barco intacto más antiguo del mundo — se exhibe hoy en una sala dedicada en el Gran Museo Egipcio (GEM), a los pies de la meseta de Guiza. Fue trasladada allí en agosto de 2021 y el edificio original del Museo de la Barca Solar junto ","dedicated page, states GEM location + museum dismantled",
CORRECT_GEM,GEM_AWARE,guideArticle.giza.the-solar-boat-of-khufu,guideArticle,es,"The Solar Boat Of Khufu",the-solar-boat-of-khufu,body[1][_key==es].value[11],"cia de madera sin abrir la fosa por completo. La segunda barca fue excavada posteriormente por un equipo japonés de la Universidad Waseda, a partir de la década de 2010. Ambas barcas — la primera (la Barca Solar original) y la segunda — se exhiben ahora en la sala del Museo de las Barcas de Keops en el Gran Museo Egipcio. La segunda barca ha sido restaurada y se expone al público por primera vez en el GEM.","dedicated page, states GEM location + museum dismantled",
CORRECT_GEM,GEM_AWARE,guideArticle.giza.the-solar-boat-of-khufu,guideArticle,es,"The Solar Boat Of Khufu",the-solar-boat-of-khufu,body[1][_key==es].value[13],"La Barca Solar se encuentra en el Gran Museo Egipcio, situado a unos 2 kilómetros de la meseta de Guiza a los pies del yacimiento de las pirámides. Es uno de los principales atractivos del GEM. La fosa original junto a la Gran Pirámide en la meseta — donde la bar","dedicated page, states GEM location + museum dismantled",
CORRECT_GEM,GEM_AWARE,guideArticle.giza.the-solar-boat-of-khufu,guideArticle,es,"The Solar Boat Of Khufu",the-solar-boat-of-khufu,seo.metaDescription[0][_key==es].value,"La Barca Solar de Keops — el barco intacto más antiguo del mundo — se exhibe hoy en una sala dedicada en el Gran Museo Egipcio (GEM), a los pies de la…","dedicated page, states GEM location + museum dismantled",
CORRECT_GEM,GEM_AWARE,guideArticle.giza.the-solar-boat-of-khufu,guideArticle,ja,"The Solar Boat Of Khufu",the-solar-boat-of-khufu,body[2][_key==ja].value[18],"1987年、合同調査隊が密閉された坑に穴を開け、坑を完全に開けることなく、マイクロプローブを用いて木材の存在を確認しました。第二の船はその後、2010年代に始まった早稲田大学の日本のチームによって発掘されました。第一の船（元の太陽の船）と第二の船は、ともに現在、大エジプト博物館のクフ王の船ホールに展示されています。第二の船は修復され、GEMで初めて一般に公開されています。","dedicated page, states GEM location + museum dismantled",
CORRECT_GEM,GEM_AWARE,guideArticle.giza.the-solar-boat-of-khufu,guideArticle,ja,"The Solar Boat Of Khufu",the-solar-boat-of-khufu,body[2][_key==ja].value[2],"クフ王の太陽の船、世界で最も古い無傷の船は、現在ギザ台地のふもとの大エジプト博物館の専用ホールに展示されています。","dedicated page, states GEM location + museum dismantled",
CORRECT_GEM,GEM_AWARE,guideArticle.giza.the-solar-boat-of-khufu,guideArticle,ja,"The Solar Boat Of Khufu",the-solar-boat-of-khufu,body[2][_key==ja].value[20],"太陽の船は、ギザ台地から約2キロ、ピラミッド遺跡のふもとの大エジプト博物館にあります。","dedicated page, states GEM location + museum dismantled",
CORRECT_GEM,GEM_AWARE,guideArticle.giza.the-solar-boat-of-khufu,guideArticle,ja,"The Solar Boat Of Khufu",the-solar-boat-of-khufu,body[2][_key==ja].value[3],"2021年8月にそこへ移され、移送後、大ピラミッドのそばにあった元の太陽の船博物館の建物は解体されました。船を探す訪問者は、ギザ台地ではなく大エジプト博物館へ向かってください。","dedicated page, states GEM location + museum dismantled",
CORRECT_GEM,GEM_AWARE,guideArticle.giza.tours-in-giza,guideArticle,es,"Top Tours In Giza",tours-in-giza,body[1][_key==es].value[7]," Antiguo Egipto del mundo, incluida la colección completa de Tutankamón de aproximadamente 5000 objetos. El atrio principal contiene una estatua de Ramsés II de 12 metros; una sala dedicada expone la Barca Solar de Keops, una embarcación de cedro de 43 metros enterrada junto a la Gran Pirámide hacia el año 2500 a. C. y excavada en 1954.","describes the boat at the GEM — accurate",
CORRECT_GEM,NEUTRAL,guideArticle.giza.tours-in-giza,guideArticle,ja,"Top Tours In Giza",tours-in-giza,body[2][_key==ja].value[13],"大アトリウムには高さ約12mのラムセス2世像が立ち、クフ王の太陽の船も専用空間で展示されています。ツタンカーメンの資料群を中心に、展示規模は非常に大きく、短時間で見切れる場所ではありません。","describes the boat at the GEM — accurate",
CORRECT_GEM,STALE_CLAIM,guideArticle.giza.tours-in-giza,guideArticle,en,"Top Tours In Giza",tours-in-giza,body[0][_key==en].value[9],"The main atrium contains a 12-metre statue of Ramses II; a dedicated hall displays the Solar Boat of Khufu, a 43-metre cedar vessel buried beside the Great Pyramid around 2500 BC and excavated in 1954.","describes the boat at the GEM — accurate",
CORRECT_GEM,STALE_CLAIM,wp-page-58854,city,en,"",giza,overview[0][_key==en].value[27],"Located near the plateau at El Remayah Square, it gives Giza a major museum counterpart to the monuments outside. It now holds the complete Tutankhamun collection, the Solar Boat of Khufu, and the widest collection of ancient Egyptian artefacts under one roof. For travellers, that changes the rhythm of a Cairo–Giza itinerary: the pyramids, the Sphinx, and the museum can now be planned as connected parts of the same ancient l","describes the boat at the GEM — accurate",
CORRECT_GEM,STALE_CLAIM,wp-page-58854,city,es,"",giza,overview[1][_key==es].value[27],"eta en la plaza de El Remayah, da a Guiza una gran contraparte museística para los monumentos del exterior. Inaugurado el 1 de noviembre de 2025, alberga ahora la colección completa de Tutankamón, la barca solar de Keops y la mayor colección de objetos del Antiguo Egipto bajo un mismo techo. Para los viajeros, esto cambia el ritmo de un itinerario El Cairo–Guiza: las pirámides, la Esfinge y el museo pueden planificarse ya como partes conectadas del mismo p","describes the boat at the GEM — accurate",
CORRECT_GEM,STALE_CLAIM,wp-page-58854,city,ja,"",giza,overview[2][_key==ja].value[26],"台地近くのエル・レマヤ広場に位置し、外の記念建造物に対応する大規模な博物館をギザに与えています。今ではツタンカーメンの全コレクション、クフ王の太陽の船、そして一つ屋根の下に集まった古代エジプト最大の所蔵品群を収めています。旅行者にとって、これはカイロ＝ギザの旅程のリズムを変えるものです。ピラミッド、スフィンクス、博物館を、街をまたいだ別々の体験としてではなく、同じ古代景観のつながった一部として計画できるようになりました。","describes the boat at the GEM — accurate",
HISTORICAL_OK,NEUTRAL,guideArticle.giza.the-solar-boat-of-khufu,guideArticle,en,"The Solar Boat Of Khufu",the-solar-boat-of-khufu,body[0][_key==en].value[20],"The Solar Boat is a 4,500-year-old object that still looks like a ship.","historical burial/excavation description — accurate",
HISTORICAL_OK,NEUTRAL,guideArticle.giza.the-solar-boat-of-khufu,guideArticle,en,"The Solar Boat Of Khufu",the-solar-boat-of-khufu,seo.title[0][_key==en].value,"The Solar Boat of Khufu: The Oldest Intact Ship in the World","historical burial/excavation description — accurate",
HISTORICAL_OK,NEUTRAL,guideArticle.giza.the-solar-boat-of-khufu,guideArticle,en,"The Solar Boat Of Khufu",the-solar-boat-of-khufu,title[0][_key==en].value,"The Solar Boat Of Khufu","historical burial/excavation description — accurate",
HISTORICAL_OK,NEUTRAL,guideArticle.giza.the-solar-boat-of-khufu,guideArticle,es,"The Solar Boat Of Khufu",the-solar-boat-of-khufu,body[1][_key==es].value[15],"La Barca Solar es un objeto de 4500 años de antigüedad que sigue pareciendo un barco.","historical burial/excavation description — accurate",
HISTORICAL_OK,NEUTRAL,guideArticle.giza.the-solar-boat-of-khufu,guideArticle,es,"The Solar Boat Of Khufu",the-solar-boat-of-khufu,title[1][_key==es].value,"La Barca Solar de Keops","historical burial/excavation description — accurate",
HISTORICAL_OK,NEUTRAL,guideArticle.giza.the-solar-boat-of-khufu,guideArticle,ja,"The Solar Boat Of Khufu",the-solar-boat-of-khufu,body[2][_key==ja].value[23],"太陽の船は、いまだに船に見える4,500年前の品です。","historical burial/excavation description — accurate",
HISTORICAL_OK,NEUTRAL,guideArticle.giza.the-solar-boat-of-khufu,guideArticle,ja,"The Solar Boat Of Khufu",the-solar-boat-of-khufu,summary[1][_key==ja].value,"The Solar Boat Of Khufu","historical burial/excavation description — accurate",
HISTORICAL_OK,NEUTRAL,guideArticle.giza.the-solar-boat-of-khufu,guideArticle,ja,"The Solar Boat Of Khufu",the-solar-boat-of-khufu,title[2][_key==ja].value,"クフ王の太陽の船","historical burial/excavation description — accurate",
HISTORICAL_OK,STALE_CLAIM,guideArticle.giza.the-solar-boat-of-khufu,guideArticle,en,"The Solar Boat Of Khufu",the-solar-boat-of-khufu,body[0][_key==en].value[11],"It is the type known as a solar barque — a ritual vessel associated in ancient Egyptian belief with the sun god Ra's celestial journey, on which the resurrected king would travel with Ra across the sky. Some scholars argue it may also have served a practical purpose: transporting the k","historical burial/excavation description — accurate",
HISTORICAL_OK,STALE_CLAIM,guideArticle.giza.the-solar-boat-of-khufu,guideArticle,es,"The Solar Boat Of Khufu",the-solar-boat-of-khufu,body[1][_key==es].value[8],"El propósito exacto de la barca no está definitivamente establecido. Es del tipo conocido como barca solar — una embarcación ritual asociada en la creencia del Antiguo Egipto al viaje celestial del dios solar Ra, en la que el rey resucitado viajaría con Ra a través del cielo. Algunos estudiosos argumentan que pudo también haber tenido un propósito práct","historical burial/excavation description — accurate",
HISTORICAL_OK,STALE_CLAIM,guideArticle.giza.the-solar-boat-of-khufu,guideArticle,ja,"The Solar Boat Of Khufu",the-solar-boat-of-khufu,body[2][_key==ja].value[14],"これは太陽の船（ソーラー・バーク）として知られる種類で、古代エジプトの信仰において太陽神ラーの天空の旅と結びつく儀礼用の船です。復活した王がラーとともに空を渡るための船でした。一部の研究者は、実用的な目的もあった可能性、すなわち葬儀の際に王の遺体をナイルを越えてギザ台地へ運んだ可能性を主張します。儀礼的と実用的という二つの考えられる目的は、相互に排他的ではありません。ピラミッドのそばの密閉された坑に船が埋められたことは、葬祭と来世の機能を強く示唆します。","historical burial/excavation description — accurate",
OK_MYTH,GEM_AWARE,guideArticle.giza.the-giza-plateau,guideArticle,en,"The Giza Plateau",the-giza-plateau,body[0][_key==en].value[19],"Khufu's complex included two boat pits on the pyramid's southern side; one contained the Solar Boat of Khufu, a 43-metre cedar vessel discovered in 1954 and now displayed in the Grand Egyptian Museum at the foot of the plateau. The plateau's extensive cemeteries — mastaba tombs arranged in rows on the eastern and western sides of Khufu's pyramid, ","mythological/decorative solar-barque reference, no location claim",
OK_MYTH,GEM_AWARE,guideArticle.giza.the-giza-plateau,guideArticle,en,"The Giza Plateau",the-giza-plateau,body[0][_key==en].value[22],"It houses the complete Tutankhamun collection, the Solar Boat, and the widest collection of ancient Egyptian artefacts under one roof. A visit to the GEM combined with the plateau itself constitutes a full day; both repay considerably more time than most visitors allocate.","mythological/decorative solar-barque reference, no location claim",
OK_MYTH,GEM_AWARE,guideArticle.giza.the-giza-plateau,guideArticle,en,"The Giza Plateau",the-giza-plateau,seo.description[0][_key==en].value,"The Giza Plateau holds the three Fourth Dynasty pyramids, the Great Sphinx, mastaba cemeteries, the workers' settlement, the Solar Boat pit, and the Grand Egyptian Museum at its foot.","mythological/decorative solar-barque reference, no location claim",
OK_MYTH,GEM_AWARE,guideArticle.giza.the-giza-plateau,guideArticle,es,"The Giza Plateau",the-giza-plateau,body[1][_key==es].value[13],", una calzada que descendía hasta un templo del valle en el límite del desierto y fosas para barcas. El conjunto de Keops incluía dos fosas para barcas en el lado sur de la pirámide — una contenía la Barca Solar de Keops, una embarcación de cedro de 43 metros descubierta en 1954 y exhibida hoy en el Gran Museo Egipcio a los pies de la meseta. Los extensos cementerios de la meseta — mastabas dispuestas en filas en los lados oriental y occidental de la pirám","mythological/decorative solar-barque reference, no location claim",
OK_MYTH,GEM_AWARE,guideArticle.giza.the-giza-plateau,guideArticle,es,"The Giza Plateau",the-giza-plateau,body[1][_key==es].value[15],"El Gran Museo Egipcio, inaugurado en fases desde 2023 a los pies de la meseta de Guiza, es hoy uno de los mayores museos arqueológicos del mundo. Alberga la colección completa de Tutankamón, la Barca Solar y la mayor colección de antigüedades del Antiguo Egipto bajo un mismo techo. Una visita al GEM combinada con la meseta constituye una jornada completa; ambos recompensan considerablemente más tiempo del que la mayoría de los visitantes les asigna.","mythological/decorative solar-barque reference, no location claim",
OK_MYTH,GEM_AWARE,guideArticle.giza.the-giza-plateau,guideArticle,ja,"The Giza Plateau",the-giza-plateau,body[2][_key==ja].value[21],"クフ王の複合体には、ピラミッドの南側に二つの船坑がありました。一つにはクフ王の太陽の船、1954年に発見され現在は台地のふもとの大エジプト博物館に展示されている全長43メートルのレバノン杉の船が納められていました。台地の広大な墓地、すなわちクフ王のピラミッドの東側と西側に列をなして並ぶマスタバ墓と、ほかのピラミッド近くの採石場に彫り込まれた墓は、古王国時代のエリートを収めていました。多くのマスタバは見学者に公開されており、並外れた質の彩色浮き彫りの装飾を含んでいます。","mythological/decorative solar-barque reference, no location claim",
OK_MYTH,GEM_AWARE,guideArticle.giza.the-giza-plateau,guideArticle,ja,"The Giza Plateau",the-giza-plateau,body[2][_key==ja].value[24],"ツタンカーメンの全コレクション、太陽の船、そして一つ屋根の下に集まった古代エジプト最大の所蔵品群を収めています。GEMと台地そのものを組み合わせた訪問は丸一日を構成し、どちらもほとんどの訪問者が割り当てる以上の時間に十分報いてくれます。","mythological/decorative solar-barque reference, no location claim",
OK_MYTH,GEM_AWARE,guideArticle.giza.the-great-pyramid-of-khufu,guideArticle,en,"The Great Pyramid Of Khufu",the-great-pyramid-of-khufu,body[0][_key==en].value[22],"The experience is unlike any other monument in Egypt. The Solar Boat of Khufu — a 43-metre cedar vessel buried in a pit beside the pyramid and excavated in 1954 — is now displayed in the Grand Egyptian Museum at the foot of the plateau.","mythological/decorative solar-barque reference, no location claim",
OK_MYTH,GEM_AWARE,guideArticle.giza.the-great-pyramid-of-khufu,guideArticle,es,"The Great Pyramid Of Khufu",the-great-pyramid-of-khufu,body[1][_key==es].value[17]," empinado, y la transición del austero granito de la Cámara del Rey a la luz del día requiere varios minutos de cuidadosa navegación. La experiencia no se parece a ningún otro monumento de Egipto. La Barca Solar de Keops — una embarcación de cedro de 43 metros enterrada en una fosa junto a la pirámide y excavada en 1954 — se exhibe hoy en el Gran Museo Egipcio a los pies de la meseta.","mythological/decorative solar-barque reference, no location claim",
OK_MYTH,GEM_AWARE,guideArticle.giza.the-great-pyramid-of-khufu,guideArticle,ja,"The Great Pyramid Of Khufu",the-great-pyramid-of-khufu,body[2][_key==ja].value[25],"その体験は、エジプトのほかのどの記念建造物とも違います。クフ王の太陽の船、ピラミッドのそばの坑に埋められ1954年に発掘された全長43メートルのレバノン杉の船は、現在は台地のふもとの大エジプト博物館に展示されています。","mythological/decorative solar-barque reference, no location claim",
OK_MYTH,GEM_AWARE,guideArticle.giza.upcoming-events-in-giza,guideArticle,en,"Events in Giza",upcoming-events-in-giza,body[0][_key==en].value[24],"The museum sits on the Fayoum Road at the foot of the plateau, holds the complete Tutankhamun collection and the Solar Boat of Khufu among its principal exhibits, and has its own programme of temporary exhibitions, lectures, and cultural events. For visitors planning around events, the GEM is now the most reliable source of structured cultural programming on the Giza sid","mythological/decorative solar-barque reference, no location claim",
OK_MYTH,GEM_AWARE,guideArticle.giza.upcoming-events-in-giza,guideArticle,es,"Events in Giza",upcoming-events-in-giza,body[1][_key==es].value[24],"El museo se sitúa en la Carretera de Fayum, al pie de la meseta, conserva la colección completa de Tutankamón y la Barca Solar de Keops entre sus piezas principales, y mantiene su propia programación de exposiciones temporales, conferencias y eventos culturales. Para el visitante que planifique su viaje en función de los eventos, el GEM es ahora la fuente más fiable de pro","mythological/decorative solar-barque reference, no location claim",
OK_MYTH,GEM_AWARE,guideArticle.giza.upcoming-events-in-giza,guideArticle,ja,"Events in Giza",upcoming-events-in-giza,body[2][_key==ja].value[27],"博物館はファイユーム・ロード沿いの台地のふもとに立ち、主要展示品にツタンカーメンの全コレクションとクフ王の太陽の船を含み、独自の特別展、講演、文化イベントのプログラムを持っています。行事を中心に旅程を組む訪問者にとって、いまやGEMは、グレーター・カイロのギザ側でもっとも信頼できる、構造化された文化プログラムの供給源です。旅行前にカレンダーを確認してください。","mythological/decorative solar-barque reference, no location claim",
OK_MYTH,GEM_AWARE,wp-page-59386,guideArticle,en,"Cairo Tours",cairo-tours,body[0][_key==en].value[3],"ay tours typically start around 8am, which is the best time to be on the plateau before the site fills. Full-day versions add optional pyramid interior entry or a camel ride around the perimeter. The Solar Boat of Khufu — a 43-metre cedar vessel buried beside the Great Pyramid around 2500 BC — is now displayed at the Grand Egyptian Museum rather than the older on-site Solar Boat Museum; confirm with your operator which venue is included if this is a priori","mythological/decorative solar-barque reference, no location claim",
OK_MYTH,GEM_AWARE,wp-page-59386,guideArticle,es,"Cairo Tours",cairo-tours,body[1][_key==es].value[2]," hora para visitar antes de que el yacimiento se llene. Las versiones de jornada completa añaden la opción de entrar al interior de la pirámide o un paseo en camello por el perímetro de la meseta. La Barca Solar de Keops — una embarcación de cedro de 43 metros enterrada junto a la Gran Pirámide hacia el año 2500 a. C. — está ahora expuesta en el Gran Museo Egipcio en lugar del antiguo Museo de la Barca Solar en el yacimiento; conviene confirmar con el oper","mythological/decorative solar-barque reference, no location claim",
OK_MYTH,GEM_AWARE,wp-page-59386,guideArticle,ja,"Cairo Tours",cairo-tours,body[2][_key==ja].value[6],"半日ツアーはたいてい朝8時ごろに始まります。これは台地が混み合う前に立つのに最良の時間帯です。終日版では、ピラミッド内部への任意入場や、外周を巡るラクダ乗りが加わります。クフ王の太陽の船（紀元前2500年ごろ大ピラミッドの脇に埋められた全長43メートルのレバノン杉の船）は、現在は以前の現地の太陽の船博物館ではなく大エジプト博物館に展示されています。これを重視するなら、どの会場が含まれるか催行会社に確認してください。ほぼすべてのツアーにホテルの送迎が含まれます。","mythological/decorative solar-barque reference, no location claim",
OK_MYTH,GEM_AWARE,wp-page-88093,tour,en,"Pyramids of Giza, the Sphinx & Old Cairo — Private Day Tour",pyramids-of-giza-and-sphinx,body[0][_key==en].value[13]," — by roughly two thousand years. They were already ancient when Cleopatra was born. The Giza complex as a whole includes subsidiary pyramids, boat pits (one of which yielded Khufu's intact cedarwood solar barque, now displayed at the Grand Egyptian Museum), and an extensive necropolis of mastaba tombs belonging to the officials and family members of the Old Kingdom court. Your guide can indicate the broader landscape if the wider context interests you.","mythological/decorative solar-barque reference, no location claim",
OK_MYTH,GEM_AWARE,wp-page-88093,tour,es,"Pyramids of Giza, the Sphinx & Old Cairo — Private Day Tour",pyramids-of-giza-and-sphinx,body[1][_key==es].value[14],"en Éfeso— en aproximadamente dos mil años. Eran ya antiguas cuando Cleopatra nació. El complejo de Guiza en su conjunto incluye pirámides subsidiarias, fosos para barcas (uno de los cuales entregó la barca solar de cedro intacta de Keops, hoy expuesta en el Gran Museo Egipcio) y una extensa necrópolis de mastabas pertenecientes a oficiales y miembros de la familia de la corte del Reino Antiguo. El guía puede señalar el paisaje más amplio si el contexto gen","mythological/decorative solar-barque reference, no location claim",
OK_MYTH,GEM_AWARE,wp-page-88093,tour,ja,"Pyramids of Giza, the Sphinx & Old Cairo — Private Day Tour",pyramids-of-giza-and-sphinx,body[2][_key==ja].value[13],"三基のピラミッドは、もとの古代世界の七不思議で唯一現存する構造物であり、次に古い不思議——エフェソスのアルテミス神殿——よりおおよそ二千年さかのぼります。クレオパトラが生まれたときにはすでに古代のものでした。ギザの複合体は全体として、付属のピラミッド群、舟坑（そのひとつからクフ王の無傷のレバノン杉の太陽の船が出土し、いまは大エジプト博物館に展示されています）、そして古王国の宮廷の高官や家族のものである広大なマスタバ墓の墓地を含みます。より広い文脈に関心があれば、ガイドがその広がりを示してくれます。","mythological/decorative solar-barque reference, no location claim",
OK_MYTH,GEM_AWARE,wp-post-132240-en,article,en,"A History Reader's Cairo",a-history-buffs-guide-to-cairo,body[10],"A Giza visit gains strength when it is combined with the Grand Egyptian Museum, the GEM. Opened formally on 1 November 2025, the GEM holds the complete Tutankhamun collection and Khufu's solar boat. Reading the architecture on the plateau and the objects in the museum on the same day, you see Egypt from the Old Kingdom into the New as a wide arc.","mythological/decorative solar-barque reference, no location claim",
OK_MYTH,GEM_AWARE,wp-post-134691-en,article,en,"What to Know if You're Visiting Egypt in January",why-january-is-the-perfect-month-to-visit-egypt,body[36],"Visiting the Grand Egyptian Museum, secure substantial time. Per the official ticketing site, a visit includes the Tutankhamun Galleries, the Main Galleries, the Grand Hall, and the Khufu Boat Museum. Rather than a quick add-on, half a day or more fits.","mythological/decorative solar-barque reference, no location claim",
OK_MYTH,GEM_AWARE,wp-post-134733-en,article,en,"What to Know if You're Visiting Egypt in April",why-you-should-visit-egypt-in-april,body[31],"The Grand Egyptian Museum fits Giza-area itinerary. The official ticket site notes a visit includes the Tutankhamun Galleries, Main Galleries, Grand Hall, Grand Staircase, and Khufu Boat Museum. Quantity is large — taking substantial time satisfies more than rushing.","mythological/decorative solar-barque reference, no location claim",
OK_MYTH,GEM_AWARE,wp-post-135534-en,article,en,"A Day at the Pyramids of Giza",1-day-giza-pyramids-itinerary,body[31],"The solar boat and the Grand Egyptian Museum","mythological/decorative solar-barque reference, no location claim",
OK_MYTH,GEM_AWARE,wp-post-135534-en,article,en,"A Day at the Pyramids of Giza",1-day-giza-pyramids-itinerary,body[32],"On the south side of Khufu's pyramid, a ""solar boat"" was once buried. It is a Lebanese cedar vessel about 43 metres long, discovered in 1954. The restored boat has now been moved to the Grand Egyptian Museum, the GEM.","mythological/decorative solar-barque reference, no location claim",
OK_MYTH,GEM_AWARE,wp-post-136630-en,article,en,"Eight Days in Egypt: An Itinerary",8-day-egypt-tour-itinerary,body[19]," It sits near the Giza plateau, so combining the two on the same day is straightforward — but doing both in any depth in one day is not easy. At the GEM, prioritise the Tutankhamun galleries, Khufu's solar boat, and the Old Kingdom sculpture.","mythological/decorative solar-barque reference, no location claim",
OK_MYTH,GEM_AWARE,wp-post-136630-en,article,en,"Eight Days in Egypt: An Itinerary",8-day-egypt-tour-itinerary,body[9],"The handling of the Grand Egyptian Museum (GEM) — which opened formally on 1 November 2025 — also changes the shape of the itinerary. To see the complete Tutankhamun collection and Khufu's solar boat, give the GEM at least half a day. The old Egyptian Museum on Tahrir Square is still valuable, but on a first visit choosing one, the GEM is now the centre.","mythological/decorative solar-barque reference, no location claim",
OK_MYTH,GEM_AWARE,wp-post-136729-en,article,en,"Two Weeks in Egypt: An Itinerary",2-weeks-egypt-tour-itinerary,body[59]," Grand Egyptian Museum opened formally on 1 November 2025 and opened to the general public on 4 November, and it has changed how Cairo time gets spent. The complete Tutankhamun collection and Khufu's solar boat can now both be seen out near the Giza plateau.","mythological/decorative solar-barque reference, no location claim",
OK_MYTH,GEM_AWARE,wp-post-152503-en,article,en,"Four Days in Egypt: An Itinerary",4-day-egypt-travel-itinerary,body[16],"Day 3 goes to the museums and Cairo in layers. The Grand Egyptian Museum (GEM) holds the complete Tutankhamun collection and Khufu's solar boat, and is one of the most important places to spend time on any current Cairo stay. It deserves a long visit. A different direction is to combine the older Egyptian Museum on Tahrir Square, Coptic Cairo, the Islamic quarter, the Citadel, and Khan el-K","mythological/decorative solar-barque reference, no location claim",
OK_MYTH,GEM_AWARE,wp-post-170607-ja,article,ja,"ギザのピラミッドで過ごす一日",giza-no-piramiddo-de-sugosu-ichi-nichi,body[31],"太陽の船と大エジプト博物館","mythological/decorative solar-barque reference, no location claim",
OK_MYTH,GEM_AWARE,wp-post-170607-ja,article,ja,"ギザのピラミッドで過ごす一日",giza-no-piramiddo-de-sugosu-ichi-nichi,body[32],"クフ王のピラミッドの南側には、かつて「太陽の船」が埋められていました。全長約43メートルのレバノン杉の船で、1954年に発見されました。現在、復元された船は大エジプト博物館、GEMに移されています。","mythological/decorative solar-barque reference, no location claim",
OK_MYTH,GEM_AWARE,wp-post-170616-ja,article,ja,"歴史好きのためのカイロ",rekishi-suki-no-tame-no-kairo,body[10],"ギザ訪問は、現在のGEM、大エジプト博物館と組み合わせると強くなります。2025年11月に正式開館したGEMには、ツタンカーメンの完全なコレクションやクフ王の太陽の船などが展示されています。台地で建築を見る。博物館で遺物を見る。その二つを同じ日に結ぶと、古王国から新王国までのエジプトが、かなり広い弧として見えてきます。","mythological/decorative solar-barque reference, no location claim",
OK_MYTH,GEM_AWARE,wp-post-249572-ja,article,ja,"エジプト四日間の旅程",ejiputo-yon-nichikan-no-ryotei,body[16],"3日目は博物館とカイロの層に使います。大エジプト博物館、GEMは、ツタンカーメンの完全なコレクションとクフ王の太陽の船を含む、現在のカイロ滞在で非常に重要な場所です。ここに長い時間を取る価値があります。別の方向として、タハリール広場の旧エジプト博物館、コプト・カイロ、イスラーム地区、城塞、ハーン・エル・ハリーリを組み合わせることもできます。","mythological/decorative solar-barque reference, no location claim",
OK_MYTH,GEM_AWARE,wp-post-249675-ja,article,ja,"エジプト二週間の旅程",ejiputo-ni-shukan-no-ryotei,body[59],"2025年11月1日に正式開館し、11月4日から一般公開された大エジプト博物館、GEMは、現在のカイロ滞在の組み方を変えました。ツタンカーメンの完全なコレクションとクフ王の太陽の船が、ギザ台地の近くで見られるようになったからです。","mythological/decorative solar-barque reference, no location claim",
OK_MYTH,GEM_AWARE,wp-post-249688-ja,article,ja,"エジプト八日間の旅程",ejiputo-hachi-nichikan-no-ryotei,body[19],"午後はGEMへ移動します。ギザ台地の近くにあるため、同じ日に組みやすい場所です。ただし、ピラミッドとGEMの両方を一日で深く見るのは簡単ではありません。GEMでは、ツタンカーメンの展示、クフ王の太陽の船、古王国の彫像を優先するとよいでしょう。","mythological/decorative solar-barque reference, no location claim",
OK_MYTH,GEM_AWARE,wp-post-249688-ja,article,ja,"エジプト八日間の旅程",ejiputo-hachi-nichikan-no-ryotei,body[9],"また、2025年11月に正式開館した大エジプト博物館、GEMの扱いも旅程を変えます。ツタンカーメンの完全なコレクションとクフ王の太陽の船を見るなら、GEMには半日以上を取るべきです。タハリールの旧エジプト博物館も価値がありますが、初訪問で一つを優先するなら、現在はGEMが中心になります。","mythological/decorative solar-barque reference, no location claim",
OK_MYTH,NEUTRAL,article.total-solar-eclipse-egypt-2027-en,article,en,"The 2027 Total Solar Eclipse: Six Minutes of Night Over Luxor",total-solar-eclipse-egypt-2027,body[16],"Valley of the Kings. The shadow will cross monuments raised by a civilisation that worshipped the sun as the source of created order, that measured its year by the solar calendar, and that carved the solar barque's nightly voyage into royal tombs. Watching the sun vanish and return above the pylons of Karnak is not simply a good photograph. It is the rarest possible convergence of astronomy and human history, and it will not repeat in any living person's t","mythological/decorative solar-barque reference, no location claim",
OK_MYTH,NEUTRAL,article.total-solar-eclipse-egypt-2027-es,article,es,"El eclipse solar total de 2027: seis minutos de noche sobre Luxor",eclipse-solar-total-egipto-2027,body[16],"e los Reyes. La sombra cruzará monumentos levantados por una civilización que adoraba al sol como fuente del orden creado, que medía su año por el calendario solar y que talló el viaje nocturno de la barca solar en las tumbas reales. Ver el sol desaparecer y regresar sobre los pilonos de Karnak no es simplemente una buena fotografía. Es la convergencia más rara posible entre astronomía e historia humana, y no se repetirá en el tiempo de ninguna persona viv","mythological/decorative solar-barque reference, no location claim",
OK_MYTH,NEUTRAL,guideArticle.aswan.the-philae-temple,guideArticle,en,"Philae Temple",the-philae-temple,body[0][_key==en].value[24],"lumns with capitals of different designs — symbolising, in ancient Egyptian cosmology, the first plants emerging from the primordial mound at the moment of creation. The ceiling retains images of the solar barques of day and night and the vulture goddesses of Upper and Lower Egypt. Beyond lie offering halls and the inner sanctuary, where the sacred barque bearing the cult statue of Isis once rested on a stone pedestal inscribed with the names of Ptolemy II","mythological/decorative solar-barque reference, no location claim",
OK_MYTH,NEUTRAL,guideArticle.kharga-oasis.hibis-temple,guideArticle,en,"Hibis Temple",hibis-temple,body[0][_key==en].value[39],"ful desert god and protector. At Hibis, he appears as defender of cosmic order. The image is iconographically unusual: Seth takes on the guise of Horus (falcon-headed) in his role as protector of the solar barque, and the blue colouring underscores his cosmic role.","mythological/decorative solar-barque reference, no location claim",
OK_MYTH,NEUTRAL,guideArticle.kharga-oasis.hibis-temple,guideArticle,es,"Hibis Temple",hibis-temple,body[1][_key==es].value[39],"s del desierto y protector. En Hibis aparece como defensor del orden cósmico. La imagen es iconográficamente inusual: Seth adopta el aspecto de Horus (cabeza de halcón) en su papel de protector de la barca solar, y el color azul subraya su dimensión cósmica.","mythological/decorative solar-barque reference, no location claim",
OK_MYTH,NEUTRAL,guideArticle.siwa-oasis.mountain-of-the-dead,guideArticle,es,"Mountain of the Dead",mountain-of-the-dead,body[1][_key==es].value[10]," egipcia. Su tumba lo representa haciendo ofrendas a los dioses egipcios, y una viga de madera pintada divide el techo entre una escena mitológica que muestra a la diosa del cielo Nut, estrellas y la barca solar, y un panel decorativo de halcones en vuelo. Lamentablemente, secciones del yeso pintado fueron cortadas por soldados que se refugiaron aquí durante la Segunda Guerra Mundial, y la tumba se ha deteriorado aún más desde los tiempos de Fakhry. Lo suf","mythological/decorative solar-barque reference, no location claim",
OK_MYTH,NEUTRAL,guideArticle.siwa-oasis.mountain-of-the-dead,guideArticle,ja,"Mountain of the Dead",mountain-of-the-dead,body[2][_key==ja].value[29],"1940年10月に発見され、おおよそ紀元前3世紀にさかのぼります。アフメド・ファクリは、これを西部砂漠全体で最も美しい墓と考えました。シ・アムンは裕福な人物で、おそらく出自はギリシア系で、エジプトの宗教的実践を完全に採用していました。彼の墓は、彼がエジプトの神々に供物を捧げる姿を描き、彩色された木の梁が天井を分け、星と太陽の船を伴う天空の女神ヌトの神話的場面と、飛ぶハヤブサの装飾パネルとに分けています。","mythological/decorative solar-barque reference, no location claim",
OK_MYTH,NEUTRAL,wp-page-58877,city,en,"",luxor,overview[0][_key==en].value[29],"y — and Ramses VI, with its astronomical ceiling, are far grander in decoration and scale. The experience is intimate and physical: descending narrow corridors, passing painted gods, stars, serpents, solar boats, and scenes from the afterlife.","mythological/decorative solar-barque reference, no location claim",
OK_MYTH,NEUTRAL,wp-page-58877,city,ja,"",luxor,overview[2][_key==ja].value[31],"王家の谷が話題の遺跡で、新王国のファラオと強力なエリートのために岩の奥深くに切られた約65の知られる王墓があります。ツタンカーメンの墓は、ほぼ無傷で見つかったため最も有名ですが、谷で最も長く最も精巧に装飾されたセティ1世の墓と、天文天井を持つラムセス6世の墓は、装飾と規模ではるかに壮大です。体験は親密で物理的です。狭い通路を下り、彩色された神々、星、蛇、太陽の舟、来世の場面の脇を通ります。","mythological/decorative solar-barque reference, no location claim",
OK_MYTH,NEUTRAL,wp-page-59603,guideArticle,en,"History of Esna",history-of-esna,heroImage.alt[0][_key==en].value,"Richly painted temple ceiling reliefs in blue and ochre showing gods in solar barques amid columns of hieroglyphs","mythological/decorative solar-barque reference, no location claim",
OK_MYTH,NEUTRAL,wp-page-60929,travelTip,ja,"Time in Egypt: Time Zone, Calendars and Prayer Rhythms",time-in-egypt,body[2][_key==ja].value[100],"古代エジプト人にとって、時間は単なる計測の対象ではなく、宇宙の秩序（マアト）そのものでした。太陽神ラーは毎日、太陽の船に乗って天空を東から西へ旅し、夜には冥界（ドゥアト）を12の領域に分けて通過し、翌朝再び東の地平線から再生する——この壮大な物語が「1日24時間」の宗教的な裏付けでした。","mythological/decorative solar-barque reference, no location claim",
OK_MYTH,NEUTRAL,wp-post-134167-en,article,en,"Tombs Worth Seeing in the Valley of the Kings",must-see-tombs-in-the-valley-of-the-kings,body[3],"The Valley of the Kings isn't a place for collecting tombs — it is a place for reading how New Kingdom kings thought about the afterworld. Corridors, ceilings, burial chambers, the solar boat, gods of the underworld, the night sky, serpents, gates. Wall paintings are not ornament — they were the wayfinding by which the king passed the world of night and was reborn with the morning sun.","mythological/decorative solar-barque reference, no location claim",
OK_MYTH,NEUTRAL,wp-post-144406-es,article,es,"Cómo leer a los dioses egipcios durante el viaje",dioses-egipcios,body[50],"Pero no conviene reducirlo a un demonio. En algunas tradiciones, Set protege la barca solar de Ra durante el viaje nocturno y combate a Apofis, la serpiente del caos. Su fuerza peligrosa también podía ponerse al servicio del orden.","mythological/decorative solar-barque reference, no location claim",
OK_MYTH,NEUTRAL,wp-post-144406-es,article,es,"Cómo leer a los dioses egipcios durante el viaje",dioses-egipcios,body[79],"Una barca solar en una tumba habla de la noche y del renacimiento.","mythological/decorative solar-barque reference, no location claim",
OK_MYTH,NEUTRAL,wp-post-178177-ja,article,ja,"エジプトの神々を旅先で読む",ejiputo-no-kami-o-tabisaki-de-yomu,body[50],"けれど、エジプト史の全体を見ると、セトは単純な悪ではありません。ラーの夜の旅では、太陽の船を守り、混沌の大蛇アペプと戦う役割もありました。危険な力だからこそ、世界を守るためにも使われたのです。","mythological/decorative solar-barque reference, no location claim",
OK_MYTH,NEUTRAL,wp-post-178177-ja,article,ja,"エジプトの神々を旅先で読む",ejiputo-no-kami-o-tabisaki-de-yomu,body[77],"墓の天井に描かれた太陽の船は、死者の再生の道です。","mythological/decorative solar-barque reference, no location claim",
OK_MYTH,NEUTRAL,wp-post-213991-en,article,en,"Understanding Egyptian Hieroglyphs",understanding-egyptian-hieroglyphs,body[43],"Looking at wall paintings in the Valley of the Kings, note that images and writing aren't separated. Divine figures, solar boat, star-pattern ceilings, and long lines of hieroglyphs are part of the same religious composition.","mythological/decorative solar-barque reference, no location claim",
OK_MYTH,NEUTRAL,wp-post-238943-ja,article,ja,"エジプトのヒエログリフを理解する",ejiputo-no-hierogurifu-o-rikai-suru,body[43],"王家の谷で壁画を見るときは、絵と文字が分かれていないことに注目するとよいでしょう。神々の姿、太陽の舟、星空の天井、長い列のヒエログリフは、同じ宗教的な構成の一部です。","mythological/decorative solar-barque reference, no location claim",
OK_MYTH,NEUTRAL,wp-post-249591-ja,article,ja,"王家の谷で見るべき墓",oke-no-tani-de-miru-beki-haka,body[3],"王家の谷は、墓を集める場所ではなく、新王国の王たちが死後の世界をどう考えたかを読む場所です。廊下、天井、埋葬室、太陽の船、冥界の神々、星空、蛇、門。壁の絵は飾りではなく、王が夜の世界を通り、朝の太陽とともに再生するための道案内でした。","mythological/decorative solar-barque reference, no location claim",
MOOT_NONRENDERING,NEUTRAL,wp-page-69926,wikiMonument,en,"",the-solar-boat-museum,body[0][_key==en].value[1],"e of Kamal el-Mallakh found himself in a pivotal role as an antiquities’ inspector. Little did he know, his journey would lead to a discovery of profound historical significance—an encounter with the Solar Boat of Khufu.","/wiki route redirect-mapped away, page never renders",
MOOT_NONRENDERING,NEUTRAL,wp-page-69926,wikiMonument,en,"",the-solar-boat-museum,body[0][_key==en].value[6],"By 1968, the Solar Boat stood resurrected—a majestic vessel measuring 43.3 meters in length, 5.9 meters in width, with a draft of 1.48 meters—a vessel of unparalleled grace and grandeur, with an estimated displacement of 45 tons.","/wiki route redirect-mapped away, page never renders",
MOOT_NONRENDERING,NEUTRAL,wp-page-69926,wikiMonument,en,"",the-solar-boat-museum,body[0][_key==en].value[7],"The boat’s significance remains a subject of fervent debate among scholars. Ancient texts of the pyramid suggest that upon the king’s death, his soul embarked on a celestial journey aboard his solar boat, destined to reunite with his divine father, Re, among the stars. Some argue that this vessel was purely symbolic, while others speculate that it may have served a more earthly purpose—an instrumental role in the transportation of the king’s mortal ","/wiki route redirect-mapped away, page never renders",
MOOT_NONRENDERING,NEUTRAL,wp-page-69926,wikiMonument,es,"",the-solar-boat-museum,body[1][_key==es].value[1],"Kamal el-Mallakh desempeñó un papel fundamental como inspector de antigüedades. Poco podía imaginar que su viaje le llevaría a un descubrimiento de profundo significado histórico: un encuentro con la Barca Solar de Khufu.","/wiki route redirect-mapped away, page never renders",
MOOT_NONRENDERING,NEUTRAL,wp-page-69926,wikiMonument,es,"",the-solar-boat-museum,body[1][_key==es].value[6],"En 1968, el Barco Solar resucitó, una majestuosa embarcación de 43,3 metros de eslora, 5,9 metros de manga y 1,48 metros de calado, de una gracia y grandeza incomparables, con un desplazamiento estimado de 45 toneladas.","/wiki route redirect-mapped away, page never renders",
MOOT_NONRENDERING,NEUTRAL,wp-page-69926,wikiMonument,es,"",the-solar-boat-museum,body[1][_key==es].value[7],"ficado de la barca sigue siendo objeto de ferviente debate entre los eruditos. Los textos antiguos de la pirámide sugieren que, a la muerte del rey, su alma emprendió un viaje celestial a bordo de su barca solar, destinada a reunirse con su padre divino, Re, entre las estrellas. Algunos sostienen que esta embarcación era puramente simbólica, mientras que otros especulan que pudo haber servido a un propósito más terrenal: un papel instrumental en el transpo","/wiki route redirect-mapped away, page never renders",
MOOT_NONRENDERING,NEUTRAL,wp-page-69926,wikiMonument,ja,"",the-solar-boat-museum,body[2][_key==ja].value[1],"1950年、ギザの悠久の砂丘の中、考古学者であり建築家でもあったカマル・エル＝マッラークは、遺跡の検査官として重要な任務に就いていました。その彼が、その後、歴史的に極めて重要な発見へと導かれることになろうとは、当時誰も予想していませんでした。それは、クフ王の太陽の船との出会いでした。","/wiki route redirect-mapped away, page never renders",
MOOT_NONRENDERING,NEUTRAL,wp-page-69926,wikiMonument,ja,"",the-solar-boat-museum,body[2][_key==ja].value[6],"1968年、ついに復元された太陽の船は、その威容を現しました。全長43.3メートル、幅5.9メートル、喫水1.48メートル、推定重量45トンのこの船は、比類なき優雅さと壮麗さを備えた存在でした。","/wiki route redirect-mapped away, page never renders",
MOOT_NONRENDERING,NEUTRAL,wp-page-69926,wikiMonument,ja,"",the-solar-boat-museum,body[2][_key==ja].value[7],"この船の意義をめぐっては、学者たちの間で激しい議論が続いています。ピラミッドの古文書によれば、王が没した際、その魂は太陽の船に乗って天空を旅し、神聖なる父ラーと再会するとされています。この船は象徴的な存在にすぎなかったのか、それとも実際に王の遺体をナイル川を渡って安置場所へ運ぶ役割を果たしたのか──議論は尽きません。","/wiki route redirect-mapped away, page never renders",
MOOT_NONRENDERING,STALE_CLAIM,wp-page-69914,wikiMonument,es,"",dahshur-necropolis,body[1][_key==es].value[33],"El Museo del Barco Solar","/wiki route redirect-mapped away, page never renders",
MOOT_NONRENDERING,STALE_CLAIM,wp-page-69914,wikiMonument,ja,"",dahshur-necropolis,body[2][_key==ja].value[33],"太陽の船博物館","/wiki route redirect-mapped away, page never renders",
MOOT_NONRENDERING,STALE_CLAIM,wp-page-69915,wikiMonument,es,"",the-northern-pyramid,body[1][_key==es].value[33],"El Museo del Barco Solar","/wiki route redirect-mapped away, page never renders",
MOOT_NONRENDERING,STALE_CLAIM,wp-page-69915,wikiMonument,ja,"",the-northern-pyramid,body[2][_key==ja].value[32],"太陽の船博物館","/wiki route redirect-mapped away, page never renders",
MOOT_NONRENDERING,STALE_CLAIM,wp-page-69916,wikiMonument,es,"",the-pyramid-of-khaba,body[1][_key==es].value[34],"El Museo del Barco Solar","/wiki route redirect-mapped away, page never renders",
MOOT_NONRENDERING,STALE_CLAIM,wp-page-69916,wikiMonument,ja,"",the-pyramid-of-khaba,body[2][_key==ja].value[32],"太陽の船博物館","/wiki route redirect-mapped away, page never renders",
MOOT_NONRENDERING,STALE_CLAIM,wp-page-69917,wikiMonument,es,"",the-bent-pyramid,body[1][_key==es].value[34],"El Museo del Barco Solar","/wiki route redirect-mapped away, page never renders",
MOOT_NONRENDERING,STALE_CLAIM,wp-page-69917,wikiMonument,ja,"",the-bent-pyramid,body[2][_key==ja].value[33],"太陽の船博物館","/wiki route redirect-mapped away, page never renders",
MOOT_NONRENDERING,STALE_CLAIM,wp-page-69918,wikiMonument,es,"",the-red-pyramid,body[1][_key==es].value[37],"El Museo del Barco Solar","/wiki route redirect-mapped away, page never renders",
MOOT_NONRENDERING,STALE_CLAIM,wp-page-69918,wikiMonument,ja,"",the-red-pyramid,body[2][_key==ja].value[37],"太陽の船博物館","/wiki route redirect-mapped away, page never renders",
MOOT_NONRENDERING,STALE_CLAIM,wp-page-69919,wikiMonument,es,"",the-black-pyramid,body[1][_key==es].value[33],"El Museo del Barco Solar","/wiki route redirect-mapped away, page never renders",
MOOT_NONRENDERING,STALE_CLAIM,wp-page-69919,wikiMonument,ja,"",the-black-pyramid,body[2][_key==ja].value[33],"太陽の船博物館","/wiki route redirect-mapped away, page never renders",
MOOT_NONRENDERING,STALE_CLAIM,wp-page-69920,wikiMonument,es,"",the-white-pyramid,body[1][_key==es].value[33],"El Museo del Barco Solar","/wiki route redirect-mapped away, page never renders",
MOOT_NONRENDERING,STALE_CLAIM,wp-page-69920,wikiMonument,ja,"",the-white-pyramid,body[2][_key==ja].value[33],"太陽の船博物館","/wiki route redirect-mapped away, page never renders",
MOOT_NONRENDERING,STALE_CLAIM,wp-page-69922,wikiMonument,es,"",pyramid-of-khufu,body[1][_key==es].value[35],"El Museo del Barco Solar","/wiki route redirect-mapped away, page never renders",
MOOT_NONRENDERING,STALE_CLAIM,wp-page-69922,wikiMonument,ja,"",pyramid-of-khufu,body[2][_key==ja].value[34],"太陽の船博物館","/wiki route redirect-mapped away, page never renders",
MOOT_NONRENDERING,STALE_CLAIM,wp-page-69923,wikiMonument,es,"",pyramid-of-khafre,body[1][_key==es].value[41],"El Museo del Barco Solar","/wiki route redirect-mapped away, page never renders",
MOOT_NONRENDERING,STALE_CLAIM,wp-page-69923,wikiMonument,ja,"",pyramid-of-khafre,body[2][_key==ja].value[40],"太陽の船博物館","/wiki route redirect-mapped away, page never renders",
MOOT_NONRENDERING,STALE_CLAIM,wp-page-69924,wikiMonument,es,"",pyramid-of-menkaure,body[1][_key==es].value[38],"El Museo del Barco Solar","/wiki route redirect-mapped away, page never renders",
MOOT_NONRENDERING,STALE_CLAIM,wp-page-69924,wikiMonument,ja,"",pyramid-of-menkaure,body[2][_key==ja].value[38],"太陽の船博物館","/wiki route redirect-mapped away, page never renders",
MOOT_NONRENDERING,STALE_CLAIM,wp-page-69925,wikiMonument,es,"",the-great-sphinx,body[1][_key==es].value[36],"El Museo del Barco Solar","/wiki route redirect-mapped away, page never renders",
MOOT_NONRENDERING,STALE_CLAIM,wp-page-69925,wikiMonument,ja,"",the-great-sphinx,body[2][_key==ja].value[36],"太陽の船博物館","/wiki route redirect-mapped away, page never renders",
MOOT_NONRENDERING,STALE_CLAIM,wp-page-69926,wikiMonument,en,"",the-solar-boat-museum,body[0][_key==en].value[0],"Unveiling the Enigmatic The Solar Boat Museum of Khufu","/wiki route redirect-mapped away, page never renders",
MOOT_NONRENDERING,STALE_CLAIM,wp-page-69926,wikiMonument,en,"",the-solar-boat-museum,body[0][_key==en].value[10],"Among the myriad boats of Ancient Egypt, the Solar Boat of Khufu stands as a testament to human ingenuity and devotion. Today, a museum dedicated to this remarkable vessel stands a mere stone’s throw from the original discovery site, on the southern flank of the Great Pyramid. Here, visitors can embark o","/wiki route redirect-mapped away, page never renders",
MOOT_NONRENDERING,STALE_CLAIM,wp-page-69926,wikiMonument,en,"",the-solar-boat-museum,name[0][_key==en].value,"The Solar Boat Museum","/wiki route redirect-mapped away, page never renders",
MOOT_NONRENDERING,STALE_CLAIM,wp-page-69926,wikiMonument,en,"",the-solar-boat-museum,summary[0][_key==en].value,"Unveiling the Enigmatic The Solar Boat Museum of Khufu In the year 1950, amidst the timeless sands of Giza, an archaeologist and architect by the name of Kamal el-Mallakh found himself in a pivotal role as an antiquities inspector. Little d","/wiki route redirect-mapped away, page never renders",
MOOT_NONRENDERING,STALE_CLAIM,wp-page-69926,wikiMonument,es,"",the-solar-boat-museum,body[1][_key==es].value[0],"Desvelando lo enigmático El barco solar Museo de Khufu","/wiki route redirect-mapped away, page never renders",
MOOT_NONRENDERING,STALE_CLAIM,wp-page-69926,wikiMonument,es,"",the-solar-boat-museum,body[1][_key==es].value[10],"Entre las innumerables embarcaciones del Antiguo Egipto, la Barca Solar de Khufu es un testimonio del ingenio y la devoción humanos. En la actualidad, un museo dedicado a esta extraordinaria embarcación se encuentra a tiro de piedra del lugar del descubrimiento original, en el flanco sur de la Gran Pirámide. Aquí, los ","/wiki route redirect-mapped away, page never renders",
MOOT_NONRENDERING,STALE_CLAIM,wp-page-69926,wikiMonument,es,"",the-solar-boat-museum,body[1][_key==es].value[35],"El Museo del Barco Solar","/wiki route redirect-mapped away, page never renders",
MOOT_NONRENDERING,STALE_CLAIM,wp-page-69926,wikiMonument,es,"",the-solar-boat-museum,name[1][_key==es].value,"El Museo del Barco Solar","/wiki route redirect-mapped away, page never renders",
MOOT_NONRENDERING,STALE_CLAIM,wp-page-69926,wikiMonument,es,"",the-solar-boat-museum,summary[1][_key==es].value,"Desvelando lo enigmático El barco solar Museo de Khufu En el año 1950, entre las arenas eternas de Giza, un arqueólogo y arquitecto llamado Kamal el-Mallakh desempeñó un papel fundamental como inspector de antigüedades. Poco podía imaginar ","/wiki route redirect-mapped away, page never renders",
MOOT_NONRENDERING,STALE_CLAIM,wp-page-69926,wikiMonument,ja,"",the-solar-boat-museum,body[2][_key==ja].value[0],"謎に包まれたクフ王の太陽の船博物館を紐解く","/wiki route redirect-mapped away, page never renders",
MOOT_NONRENDERING,STALE_CLAIM,wp-page-69926,wikiMonument,ja,"",the-solar-boat-museum,body[2][_key==ja].value[10],"エジプト古代の船の数々の中でも、クフ王の太陽の船は、工夫と献身の結晶として際立っています。今日、この驚異的な船に捧げられた博物館が発見現場のすぐそばに立っており、大ピラミッドの南側に位置しています。訪れる者は、古代の匠の技術の奇跡と、王や魂が天空に抱かれた時代を感じる旅に出ることができるのです。","/wiki route redirect-mapped away, page never renders",
MOOT_NONRENDERING,STALE_CLAIM,wp-page-69926,wikiMonument,ja,"",the-solar-boat-museum,body[2][_key==ja].value[35],"太陽の船博物館","/wiki route redirect-mapped away, page never renders",
MOOT_NONRENDERING,STALE_CLAIM,wp-page-69926,wikiMonument,ja,"",the-solar-boat-museum,name[2][_key==ja].value,"太陽の船博物館","/wiki route redirect-mapped away, page never renders",
MOOT_NONRENDERING,STALE_CLAIM,wp-page-69926,wikiMonument,ja,"",the-solar-boat-museum,summary[2][_key==ja].value,"謎に包まれたクフ王の太陽の船博物館を紐解く 1950年、ギザの悠久の砂丘の中、考古学者であり建築家でもあったカマル・エル＝マッラークは、遺跡の検査官として重要な任務に就いていました。その彼が、その後、歴史的に極めて重要な発見へと導かれることになろうとは、当時誰も予想していませんでした。それは、クフ王の太陽の船との出会いでした。 舞台はギザ大ピラミッドの南に広がる砂丘。観光用の道路建設が進められていた場所で、労働者たちは不思議な発見をしました。長く狭いモルタルのラインに沿った、","/wiki route redirect-mapped away, page never renders",
MOOT_NONRENDERING,STALE_CLAIM,wp-page-69928,wikiMonument,es,"",abusir-necropolis,body[1][_key==es].value[34],"El Museo del Barco Solar","/wiki route redirect-mapped away, page never renders",
MOOT_NONRENDERING,STALE_CLAIM,wp-page-69928,wikiMonument,ja,"",abusir-necropolis,body[2][_key==ja].value[34],"太陽の船博物館","/wiki route redirect-mapped away, page never renders",
MOOT_NONRENDERING,STALE_CLAIM,wp-page-69929,wikiMonument,es,"",abusir-pyramid-of-neferirkare,body[1][_key==es].value[30],"El Museo del Barco Solar","/wiki route redirect-mapped away, page never renders",
MOOT_NONRENDERING,STALE_CLAIM,wp-page-69929,wikiMonument,ja,"",abusir-pyramid-of-neferirkare,body[2][_key==ja].value[30],"太陽の船博物館","/wiki route redirect-mapped away, page never renders",
MOOT_NONRENDERING,STALE_CLAIM,wp-page-69930,wikiMonument,es,"",abusir-pyramid-of-niuserre,body[1][_key==es].value[32],"El Museo del Barco Solar","/wiki route redirect-mapped away, page never renders",
MOOT_NONRENDERING,STALE_CLAIM,wp-page-69930,wikiMonument,ja,"",abusir-pyramid-of-niuserre,body[2][_key==ja].value[32],"太陽の船博物館","/wiki route redirect-mapped away, page never renders",
MOOT_NONRENDERING,STALE_CLAIM,wp-page-69931,wikiMonument,es,"",abusir-pyramid-of-khentkawes,body[1][_key==es].value[31],"El Museo del Barco Solar","/wiki route redirect-mapped away, page never renders",
MOOT_NONRENDERING,STALE_CLAIM,wp-page-69931,wikiMonument,ja,"",abusir-pyramid-of-khentkawes,body[2][_key==ja].value[31],"太陽の船博物館","/wiki route redirect-mapped away, page never renders",
MOOT_NONRENDERING,STALE_CLAIM,wp-page-69932,wikiMonument,es,"",abusir-pyramid-of-sahure,body[1][_key==es].value[29],"El Museo del Barco Solar","/wiki route redirect-mapped away, page never renders",
MOOT_NONRENDERING,STALE_CLAIM,wp-page-69932,wikiMonument,ja,"",abusir-pyramid-of-sahure,body[2][_key==ja].value[29],"太陽の船博物館","/wiki route redirect-mapped away, page never renders",
MOOT_NONRENDERING,STALE_CLAIM,wp-page-69953,wikiMonument,es,"",pyramids-of-zawyet-el-aryan,body[1][_key==es].value[34],"El Museo del Barco Solar","/wiki route redirect-mapped away, page never renders",
MOOT_NONRENDERING,STALE_CLAIM,wp-page-69953,wikiMonument,ja,"",pyramids-of-zawyet-el-aryan,body[2][_key==ja].value[34],"太陽の船博物館","/wiki route redirect-mapped away, page never renders",
MOOT_NONRENDERING,STALE_CLAIM,wp-page-69954,wikiMonument,es,"",abu-rawash-pyramid-of-djedefre,body[1][_key==es].value[32],"El Museo del Barco Solar","/wiki route redirect-mapped away, page never renders",
MOOT_NONRENDERING,STALE_CLAIM,wp-page-69954,wikiMonument,ja,"",abu-rawash-pyramid-of-djedefre,body[2][_key==ja].value[78],"太陽の船博物館","/wiki route redirect-mapped away, page never renders",
MOOT_NONRENDERING,STALE_CLAIM,wp-page-69956,wikiMonument,es,"",the-saqqara-necropolis,body[1][_key==es].value[30],"El Museo del Barco Solar","/wiki route redirect-mapped away, page never renders",
MOOT_NONRENDERING,STALE_CLAIM,wp-page-69956,wikiMonument,ja,"",the-saqqara-necropolis,body[2][_key==ja].value[36],"太陽の船博物館","/wiki route redirect-mapped away, page never renders",
MOOT_NONRENDERING,STALE_CLAIM,wp-page-69957,wikiMonument,es,"",tomb-of-general-horemheb,body[1][_key==es].value[56],"El Museo del Barco Solar","/wiki route redirect-mapped away, page never renders",
MOOT_NONRENDERING,STALE_CLAIM,wp-page-69957,wikiMonument,ja,"",tomb-of-general-horemheb,body[2][_key==ja].value[59],"太陽の船博物館","/wiki route redirect-mapped away, page never renders",
MOOT_NONRENDERING,STALE_CLAIM,wp-page-69958,wikiMonument,es,"",tomb-of-mereruka,body[1][_key==es].value[34],"El Museo del Barco Solar","/wiki route redirect-mapped away, page never renders",
MOOT_NONRENDERING,STALE_CLAIM,wp-page-69958,wikiMonument,ja,"",tomb-of-mereruka,body[2][_key==ja].value[34],"太陽の船博物館","/wiki route redirect-mapped away, page never renders",
MOOT_NONRENDERING,STALE_CLAIM,wp-page-69959,wikiMonument,es,"",imhotep-museum,body[1][_key==es].value[36],"El Museo del Barco Solar","/wiki route redirect-mapped away, page never renders",
MOOT_NONRENDERING,STALE_CLAIM,wp-page-69959,wikiMonument,ja,"",imhotep-museum,body[2][_key==ja].value[36],"太陽の船博物館","/wiki route redirect-mapped away, page never renders",
MOOT_NONRENDERING,STALE_CLAIM,wp-page-69961,wikiMonument,es,"",memphis-mit-rahina-museum,body[1][_key==es].value[29],"El Museo del Barco Solar","/wiki route redirect-mapped away, page never renders",
MOOT_NONRENDERING,STALE_CLAIM,wp-page-69961,wikiMonument,ja,"",memphis-mit-rahina-museum,body[2][_key==ja].value[27],"太陽の船博物館","/wiki route redirect-mapped away, page never renders",