url,instances,locale,carrier_docs
"https://travel2egypt.org/es/guia-de-viaje-de-nuweiba/explorando/",40,es,"wp-page-87976:tour | wp-page-59427:guideArticle | wp-page-78361:guideArticle | wp-page-78400:guideArticle | wp-page-59393:guideArticle | wp-page-58802:guideArticle | wp-page-68016:guideArticle | wp-page-58798:guideArticle | wp-page-59585:guideArticle | wp-page-59587:guideArticle | wp-page-58693:guideArticle | wp-page-58736:guideArticle"
"https://travel2egypt.org/es/guia-de-viaje-de-alejandria/viaje/",37,es,"guideArticle.cairo.madrassa-mausoleum-of-qalawun:guideArticle | wp-post-257609-en:article | wp-post-144441-es:article | wp-post-257611-ja:article | wp-page-78361:guideArticle | wp-page-68016:guideArticle | wp-page-88609:tour | wp-page-59644:guideArticle | wp-page-60628:guideArticle | wp-page-78399:guideArticle | wp-page-60458:guideArticle | wp-page-60461:guideArticle"
"https://travel2egypt.org/es/guia-de-viaje-del-oasis-de-dajla/viajes/",26,es,"wp-post-257609-en:article | wp-post-144441-es:article | wp-post-257611-ja:article | wp-page-59212:guideArticle | wp-page-59427:guideArticle | wp-page-58642:guideArticle | wp-page-58802:guideArticle | wp-page-58798:guideArticle | wp-page-59210:guideArticle | wp-page-58736:guideArticle | wp-page-59316:guideArticle | wp-page-59376:guideArticle"
"https://travel2egypt.org/es/vista-de-las-piramides-excursion-de-un-dia-a-el-cairo-en-avion-desde-sharm-el-sheikh/",25,es,"wp-post-257609-en:article | wp-post-144441-es:article | wp-post-257611-ja:article | wp-page-59212:guideArticle | wp-page-87729:tour | wp-page-59393:guideArticle | wp-page-60121:guideArticle | wp-page-58640:guideArticle | wp-page-59287:guideArticle | wp-page-59702:guideArticle | wp-page-60458:guideArticle | wp-page-60712:guideArticle"
"https://travel2egypt.org/es/egipto-con-una-feluca-tradicional/",23,es,"wp-page-59212:guideArticle | wp-page-87273:tour | wp-page-59427:guideArticle | wp-page-60628:guideArticle | wp-page-88555:tour | wp-page-78375:guideArticle | wp-page-57838:guideArticle | wp-page-59257:guideArticle | wp-page-59261:guideArticle | wp-page-60388:guideArticle | wp-page-60436:guideArticle | wp-page-60487:guideArticle"
"https://travel2egypt.org/es/guia-de-safaga/lugares/",21,es,"wp-page-59427:guideArticle | wp-page-78361:guideArticle | wp-post-144544-es:article | wp-page-68016:guideArticle | wp-page-58798:guideArticle | wp-page-59587:guideArticle | wp-page-60207:guideArticle | wp-page-58693:guideArticle | wp-page-59478:guideArticle | wp-page-59390:guideArticle | wp-page-60458:guideArticle | wp-page-60461:guideArticle"
"https://travel2egypt.org/nuweiba-travel-guide/exploring/",20,en,"wp-page-56930:guideArticle | wp-page-78400:guideArticle | wp-page-59571:guideArticle | wp-page-58802:guideArticle | wp-page-68016:guideArticle | wp-page-58798:guideArticle | wp-page-59259:guideArticle | wp-page-59585:guideArticle | wp-page-59587:guideArticle | wp-page-58693:guideArticle | wp-page-59316:guideArticle | wp-page-58701:guideArticle"
"https://travel2egypt.org/es/guia-de-viaje-de-dahab/experiencias/",16,es,"wp-post-257609-en:article | wp-post-144441-es:article | wp-post-257611-ja:article | wp-page-59212:guideArticle | wp-page-59704:guideArticle | wp-page-58802:guideArticle | wp-page-87835:tour | wp-page-58798:guideArticle | wp-page-59287:guideArticle | wp-page-83360:guideArticle | wp-page-57838:guideArticle | wp-page-154883:tour"
"https://travel2egypt.org/es/guia-de-viaje-de-esna/viaje/",16,es,"wp-page-59212:guideArticle | wp-page-58642:guideArticle | wp-page-59571:guideArticle | wp-page-58802:guideArticle | wp-page-58798:guideArticle | wp-page-59587:guideArticle | wp-page-59316:guideArticle | wp-page-59345:guideArticle | wp-page-59376:guideArticle | wp-page-59287:guideArticle | wp-page-59261:guideArticle | wp-page-59615:guideArticle"
"https://travel2egypt.org/es/el-corazon-espiritual-de-el-cairo-excursion-islamica-de-un-dia-por-el-cairo/",16,es,"wp-page-59427:guideArticle | wp-page-78361:guideArticle | wp-page-59393:guideArticle | wp-page-88565:tour | wp-post-144544-es:article | wp-page-60121:guideArticle | wp-page-58640:guideArticle | wp-page-59478:guideArticle | wp-page-59603:guideArticle | wp-page-59283:guideArticle | wp-page-59390:guideArticle | wp-page-78375:guideArticle"
"https://travel2egypt.org/es/guia-de-viaje-de-kom-ombo/excursion/",14,es,"wp-page-59427:guideArticle | wp-page-59393:guideArticle | wp-page-59210:guideArticle | wp-page-60207:guideArticle | wp-page-59316:guideArticle | wp-page-60654:guideArticle | wp-page-59287:guideArticle | wp-page-60461:guideArticle | wp-page-60582:guideArticle | wp-page-60442:guideArticle | wp-page-60487:guideArticle | wp-page-60231:guideArticle"
"https://travel2egypt.org/es/guia-de-viaje-de-suez/destacados/",14,es,"wp-page-57848:guideArticle | wp-page-88170:tour | wp-page-59390:guideArticle | wp-page-60653:guideArticle | wp-page-59257:guideArticle | wp-page-59615:guideArticle | wp-page-59590:guideArticle | wp-page-60133:guideArticle | wp-page-60536:guideArticle | wp-page-58729:guideArticle | wp-page-60585:guideArticle | wp-page-60631:guideArticle"
"https://travel2egypt.org/es/propinas-en-egipto/",13,es,"guideArticle.kom-ombo.khnum-temple:guideArticle | wp-page-87830:tour | wp-page-58693:guideArticle | wp-page-59603:guideArticle | wp-page-135878:tour | wp-page-88397:tour | wp-page-59390:guideArticle | wp-page-83360:guideArticle | wp-page-60586:guideArticle | wp-page-59392:guideArticle | wp-page-75745:guideArticle | wp-page-60445:guideArticle"
"https://travel2egypt.org/es/el-nil-elegance-crucero-de-7-dias-dahabiya-por-el-nilo/",12,es,"wp-post-257609-en:article | wp-post-144441-es:article | wp-post-257611-ja:article | wp-page-78400:guideArticle | wp-page-59210:guideArticle | wp-page-60628:guideArticle | wp-page-58701:guideArticle | wp-page-60653:guideArticle | wp-page-78375:guideArticle | wp-page-60539:guideArticle | wp-page-60075:guideArticle | wp-page-59387:guideArticle"
"https://travel2egypt.org/es/guia-de-viaje-de-asuan/el-mausoleo-de-agha-khan/",12,es,"wp-post-257609-en:article | wp-post-144441-es:article | wp-post-257611-ja:article | wp-page-60207:guideArticle | wp-page-59644:guideArticle | wp-page-60458:guideArticle | wp-page-60653:guideArticle | wp-page-60484:guideArticle | wp-page-59253:guideArticle | wp-page-59209:guideArticle | wp-page-60644:guideArticle | wp-page-60490:guideArticle"
"https://travel2egypt.org/es/consejos-para-las-familias/",12,es,"wp-page-68016:guideArticle | wp-page-60628:guideArticle | wp-page-78375:guideArticle | wp-page-59493:guideArticle | wp-page-59590:guideArticle | wp-page-60439:guideArticle | wp-page-60537:guideArticle | wp-page-87637:tour | wp-page-60081:guideArticle | wp-page-60122:guideArticle | wp-page-75745:guideArticle | wp-page-60719:guideArticle"
"https://travel2egypt.org/es/guia-de-viaje-de-marsa-alam/experiencias-unicas/",11,es,"wp-page-78400:guideArticle | wp-page-59704:guideArticle | wp-page-60654:guideArticle | wp-page-59283:guideArticle | wp-page-60458:guideArticle | wp-page-59493:guideArticle | wp-page-60436:guideArticle | wp-page-58801:guideArticle | wp-page-59387:guideArticle | wp-page-60512:guideArticle | wp-page-58796:guideArticle"
"https://travel2egypt.org/es/visita-privada-a-las-iconicas-piramides-de-guiza-y-la-esfinge/",10,es,"wp-post-257609-en:article | wp-post-144441-es:article | wp-post-257611-ja:article | wp-page-59393:guideArticle | wp-page-59478:guideArticle | wp-page-88173:tour | wp-page-60061:guideArticle | wp-page-60075:guideArticle | wp-page-60081:guideArticle | wp-page-75745:guideArticle"
"https://travel2egypt.org/al-minya-travel-guide/adventures/",10,en,"wp-page-59259:guideArticle | wp-page-59587:guideArticle | wp-page-59345:guideArticle | wp-page-78399:guideArticle | wp-page-59733:guideArticle | wp-page-253330:guideArticle | wp-page-60123:guideArticle | wp-page-59209:guideArticle | wp-page-59706:guideArticle"
"https://travel2egypt.org/es/guia-de-viaje-del-oasis-de-siwa/excursiones-en-el-oasis-de-siwa/",9,es,"wp-post-257609-en:article | wp-post-144441-es:article | wp-post-257611-ja:article | wp-page-59571:guideArticle | wp-page-68016:guideArticle | wp-page-59316:guideArticle | wp-page-59603:guideArticle | wp-page-59387:guideArticle | wp-page-156550:tour"
"https://travel2egypt.org/es/guia-de-viaje-de-qena/no-te-pierdas/",9,es,"wp-post-257609-en:article | wp-post-144441-es:article | wp-post-257611-ja:article | wp-page-89602:tour | wp-page-60207:guideArticle | wp-page-121250:tour | wp-page-155767:guideArticle | wp-page-60323:guideArticle | wp-page-60324:guideArticle"
"https://travel2egypt.org/es/guia-de-viaje-de-sohag/explora/",9,es,"wp-post-257609-en:article | wp-post-144441-es:article | wp-post-257611-ja:article | wp-page-58642:guideArticle | wp-page-88565:tour | wp-page-59257:guideArticle | wp-page-60582:guideArticle | wp-page-59458:guideArticle | wp-page-60583:guideArticle"
"https://travel2egypt.org/ismailia-travel-guide/best-times-visit/",9,en,"wp-page-58802:guideArticle | wp-page-59210:guideArticle | wp-page-59259:guideArticle | wp-page-59587:guideArticle | wp-page-59345:guideArticle | wp-page-78399:guideArticle | wp-page-59733:guideArticle | wp-page-253330:guideArticle | wp-page-60123:guideArticle"
"https://travel2egypt.org/es/guia-de-viajes-de-sharm-el-sheij/",8,es,"wp-post-257609-en:article | wp-post-144441-es:article | wp-post-257611-ja:article | wp-page-78448:guideArticle | wp-page-60695:guideArticle | wp-page-59655:guideArticle | wp-page-60442:guideArticle | wp-page-60300:guideArticle"
"https://travel2egypt.org/es/patrimonio-mediterraneo-excursion-privada-de-2-dias-a-alejandria-desde-el-cairo/",8,es,"wp-post-257609-en:article | wp-post-144441-es:article | wp-post-257611-ja:article | wp-page-59427:guideArticle | wp-page-78361:guideArticle | wp-page-58640:guideArticle | wp-page-60223:guideArticle | wp-page-78370:guideArticle"
"https://travel2egypt.org/es/guia-de-viaje-de-al-minya/explorando/",7,es,"wp-post-257609-en:article | wp-post-144441-es:article | wp-post-257611-ja:article | wp-page-56930:guideArticle | wp-page-58642:guideArticle | wp-page-57838:guideArticle | wp-page-156421:tour"
"https://travel2egypt.org/es/guia-de-viaje-de-beni-suef/actividades-explorar/",7,es,"wp-post-257609-en:article | wp-post-144441-es:article | wp-post-257611-ja:article | wp-page-59212:guideArticle | wp-page-59210:guideArticle | wp-page-59345:guideArticle | wp-page-58576:guideArticle"
"https://travel2egypt.org/es/precios-de-las-entradas-para-las-atracciones-del-desierto-occidental/",7,es,"wp-post-257609-en:article | wp-post-144441-es:article | wp-post-257611-ja:article | wp-page-56930:guideArticle | wp-page-78375:guideArticle | wp-page-156014:tour | wp-page-59655:guideArticle"
"https://travel2egypt.org/akhmim-travel-guide/tours/",7,en,"wp-page-56930:guideArticle | wp-page-58642:guideArticle | wp-page-59210:guideArticle | wp-page-58693:guideArticle | wp-page-59316:guideArticle | wp-page-59253:guideArticle | wp-page-60648:guideArticle"
"https://travel2egypt.org/es/guia-de-viaje-de-port-said/joyas-ocultas/",7,es,"wp-page-78361:guideArticle | wp-page-87830:tour | wp-page-58693:guideArticle | wp-page-58736:guideArticle | wp-page-59702:guideArticle | wp-page-75745:guideArticle | wp-page-59494:guideArticle"
"https://travel2egypt.org/kom-ombo-travel-guide/excursion/",7,en,"wp-page-78400:guideArticle | wp-page-59704:guideArticle | wp-page-60207:guideArticle | wp-page-59702:guideArticle | wp-page-60712:guideArticle | wp-page-145987:guideArticle | wp-page-60300:guideArticle"
"https://travel2egypt.org/es/maravillas-marinas-aventura-de-snorkel-en-grupo-en-marsa-alam/",7,es,"wp-page-78400:guideArticle | wp-page-60207:guideArticle | wp-page-60695:guideArticle | wp-page-78403:guideArticle | wp-page-88174:tour | wp-page-60441:guideArticle | wp-page-60706:guideArticle"
"https://travel2egypt.org/es/guia-de-viaje-de-beni-suef/visitas/",7,es,"wp-page-58802:guideArticle | wp-page-88609:tour | wp-page-59210:guideArticle | wp-page-59316:guideArticle | wp-page-59345:guideArticle | wp-page-59253:guideArticle | wp-page-59458:guideArticle"
"https://travel2egypt.org/ras-sudr-travel-guide/journey-travel-guide/",6,en,"wp-page-58802:guideArticle | wp-page-59376:guideArticle | wp-page-59644:guideArticle | wp-page-58701:guideArticle | wp-page-59619:guideArticle | wp-page-59312:guideArticle"
"https://travel2egypt.org/es/egipto-los-mejores-hoteles-y-cruceros-por-el-nilo/",6,es,"wp-page-58736:guideArticle | wp-page-60654:guideArticle | wp-page-59493:guideArticle | wp-page-60537:guideArticle | wp-page-60122:guideArticle | wp-page-58796:guideArticle"
"https://travel2egypt.org/es/las-orillas-del-tiempo-excursion-de-un-dia-a-esna-y-el-kab-desde-luxor/",6,es,"wp-page-60628:guideArticle | wp-page-58576:guideArticle | wp-page-78375:guideArticle | wp-page-154883:tour | wp-page-60649:guideArticle | wp-page-60238:guideArticle"
"https://travel2egypt.org/es/el-tiempo-en-egipto/",5,es,"wp-post-257609-en:article | wp-post-144441-es:article | wp-post-257611-ja:article | guideArticle.kom-ombo.khnum-temple:guideArticle | wp-page-88173:tour"
"https://travel2egypt.org/es/viajar-con-ninos/",5,es,"wp-post-257609-en:article | wp-post-144441-es:article | wp-post-257611-ja:article | wp-page-88604:tour | wp-page-88558:tour"
"https://travel2egypt.org/alexandria-travel-guide/activities-must-visit/",5,en,"wp-page-59212:guideArticle | wp-page-78400:guideArticle | wp-page-59229:guideArticle | wp-page-59616:guideArticle | wp-page-60648:guideArticle"
"https://travel2egypt.org/es/experiencia-definitiva-de-4-dias-en-el-lago-nasser/",5,es,"wp-page-59212:guideArticle | wp-page-56930:guideArticle | wp-page-59427:guideArticle | wp-page-78361:guideArticle | wp-page-58798:guideArticle"
"https://travel2egypt.org/es/excursion-de-un-dia-completo-para-bucear-con-delfines-desde-hurghada/",5,es,"wp-page-59427:guideArticle | wp-page-59704:guideArticle | wp-page-60436:guideArticle | wp-page-60512:guideArticle | wp-page-78152:guideArticle"
"https://travel2egypt.org/es/excursion-al-antiguo-egipto-y-el-mar-rojo/",5,es,"wp-page-87760:tour | wp-page-58655:guideArticle | wp-page-78448:guideArticle | wp-page-60481:guideArticle | wp-page-60564:guideArticle"
"https://travel2egypt.org/es/guia-de-viaje-de-santa-catalina/montana-de-moises/",5,es,"wp-page-58642:guideArticle | wp-page-60624:guideArticle | wp-page-59253:guideArticle | wp-page-60442:guideArticle | wp-page-60230:guideArticle"
"https://travel2egypt.org/es/guia-de-viaje-de-qena/excursiones/",5,es,"wp-post-144544-es:article | wp-page-60207:guideArticle | wp-page-60461:guideArticle | wp-page-60582:guideArticle | wp-page-60583:guideArticle"
"https://travel2egypt.org/es/guia-de-viaje-de-esna/templo-de-khnum/",5,es,"wp-page-68016:guideArticle | wp-page-59644:guideArticle | wp-page-59603:guideArticle | wp-page-88483:tour | wp-page-59615:guideArticle"
"https://travel2egypt.org/es/home/experiencias/",5,es,"wp-page-60654:guideArticle | wp-page-60299:guideArticle | wp-page-60444:guideArticle | wp-page-197000:guideArticle | wp-page-60510:guideArticle"
"https://travel2egypt.org/es/egipto-y-el-paraiso-del-mar-rojo/",5,es,"wp-page-60485:guideArticle | wp-page-78403:guideArticle | wp-page-60444:guideArticle | wp-page-78396:guideArticle | wp-page-60440:guideArticle"
"https://travel2egypt.org/es/guia-de-viaje-de-al-minya/actividades/",4,es,"wp-post-257609-en:article | wp-post-144441-es:article | wp-post-257611-ja:article | wp-page-88558:tour"
"https://travel2egypt.org/es/guia-de-viaje-del-oasis-de-kharga/aventurarse-en-el-desierto/",4,es,"wp-post-257609-en:article | wp-post-144441-es:article | wp-post-257611-ja:article | wp-page-59704:guideArticle"
"https://travel2egypt.org/es/guia-de-viajes-de-marsa-matruh/exploraciones/",4,es,"wp-post-257609-en:article | wp-post-144441-es:article | wp-post-257611-ja:article | wp-page-155767:guideArticle"
"https://travel2egypt.org/es/guia-de-viaje-de-al-minya/aventuras/",4,es,"wp-post-257609-en:article | wp-post-144441-es:article | wp-post-257611-ja:article | wp-page-60654:guideArticle"
"https://travel2egypt.org/es/crucero-de-4-dias-por-el-lago-nasser-desde-abu-simble/",4,es,"wp-post-257609-en:article | wp-post-144441-es:article | wp-post-257611-ja:article | wp-page-88597:tour"
"https://travel2egypt.org/es/guia-de-viaje-de-qena/techo-hipostilo/",4,es,"guideArticle.kom-ombo.khnum-temple:guideArticle | wp-page-59571:guideArticle | wp-page-59603:guideArticle | wp-page-88397:tour"
"https://travel2egypt.org/es/guia-de-viaje-de-asuan/la-presa-alta/",4,es,"wp-page-89602:tour | wp-page-56930:guideArticle | wp-page-88597:tour | wp-page-88599:tour"
"https://travel2egypt.org/es/guia-de-viaje-de-abu-simble/el-pequeno-templo-de-abu-simbel/",4,es,"wp-page-56930:guideArticle | wp-page-57848:guideArticle | wp-page-57838:guideArticle | wp-page-59257:guideArticle"
"https://travel2egypt.org/siwa-oasis-travel-guide/discoveries/",4,en,"wp-page-78361:guideArticle | wp-page-59644:guideArticle | wp-page-59260:guideArticle | wp-page-59588:guideArticle"
"https://travel2egypt.org/es/la-experiencia-del-espectaculo-de-luz-y-sonido-de-giza/",4,es,"wp-page-57848:guideArticle | wp-page-59590:guideArticle | wp-page-60081:guideArticle | wp-page-60384:guideArticle"
"https://travel2egypt.org/es/guia-de-viajes-de-sharm-el-sheij/atracciones/",4,es,"wp-page-59393:guideArticle | wp-page-87830:tour | wp-page-60537:guideArticle | wp-page-59236:guideArticle"
"https://travel2egypt.org/beni-suef-travel-guide/activities-exploring/",4,en,"wp-page-58802:guideArticle | wp-page-59345:guideArticle | wp-page-59347:guideArticle | wp-page-59348:guideArticle"
"https://travel2egypt.org/esna-travel-guide/legacy-details/",4,en,"wp-page-68016:guideArticle | wp-page-59610:guideArticle | wp-page-59616:guideArticle | wp-page-59619:guideArticle"
"https://travel2egypt.org/es/guia-de-safaga/actividades-para-probar/",4,es,"wp-page-58798:guideArticle | wp-page-60388:guideArticle | wp-page-60603:guideArticle | wp-page-78370:guideArticle"
"https://travel2egypt.org/edfu-travel-guide/expeditions/",4,en,"wp-page-59585:guideArticle | wp-page-58576:guideArticle | wp-page-59229:guideArticle"
"https://travel2egypt.org/al-fayoum-travel-guide/stay-traditional-modern/",4,en,"wp-page-59587:guideArticle | wp-page-58655:guideArticle | wp-page-59262:guideArticle | wp-page-58803:guideArticle"
"https://travel2egypt.org/es/guia-de-viaje-de-guiza/menfis-la-ciudad-antigua/",4,es,"wp-page-59587:guideArticle | wp-page-58640:guideArticle | wp-page-59615:guideArticle | wp-page-59496:guideArticle"
"https://travel2egypt.org/es/guia-de-viaje-del-oasis-de-dajla/cosas-que-explorar/",4,es,"wp-page-58736:guideArticle | wp-page-60628:guideArticle | wp-page-59478:guideArticle | wp-page-59493:guideArticle"
"https://travel2egypt.org/es/guia-de-viaje-de-dahab/como-llegar-a-dahab-tu-companero-de-viaje-definitivo/",4,es,"wp-page-121250:tour | wp-page-88555:tour | wp-page-88179:tour | wp-page-88561:tour"
"https://travel2egypt.org/sharm-el-sheikh-travel-guide/ras-mohamed-national-park/",4,en,"wp-page-60458:guideArticle | wp-page-145987:guideArticle | wp-page-60484:guideArticle | wp-page-60486:guideArticle"
"https://travel2egypt.org/dahab-travel-guide/the-colored-canyon/",4,en,"wp-page-60582:guideArticle | wp-page-60586:guideArticle | wp-page-60299:guideArticle | wp-page-60304:guideArticle"
"http://travel2egypt.org/es/programas-de-viaje-por-egipto/",4,es,"wp-page-60536:guideArticle | wp-page-60381:guideArticle | wp-page-60370:guideArticle | wp-page-76463:guideArticle"
"https://travel2egypt.org/es/maravillas-antiguas-las-piramides-de-egipto-al-descubierto/",3,es,"wp-post-257609-en:article | wp-post-144441-es:article | wp-post-257611-ja:article"
"https://travel2egypt.org/es/ecos-de-alejandria-visita-privada-de-un-dia-en-alejandria/",3,es,"wp-post-257609-en:article | wp-post-144441-es:article | wp-post-257611-ja:article"
"https://travel2egypt.org/es/guia-de-viaje-del-oasis-de-kharga/navegar-por/",3,es,"wp-post-257609-en:article | wp-post-144441-es:article | wp-post-257611-ja:article"
"http://travel2egypt.org/nile-cruise-hurghada-14-nights/",3,en,"wp-post-257609-en:article | wp-post-144441-es:article | wp-post-257611-ja:article"
"https://travel2egypt.org/es/guia-de-viaje-de-kom-ombo/templos-antiguos/",3,es,"wp-post-257609-en:article | wp-post-144441-es:article | wp-post-257611-ja:article"
"https://travel2egypt.org/es/guia-de-viaje-de-esna/el-tiempo/",3,es,"wp-post-257609-en:article | wp-post-144441-es:article | wp-post-257611-ja:article"
"https://travel2egypt.org/es/guias-de-viajes-de-aventura-las-expediciones-mas-emocionantes/",3,es,"wp-post-257609-en:article | wp-post-144441-es:article | wp-post-257611-ja:article"
"https://travel2egypt.org/es/guia-de-viaje-del-oasis-de-bahariya/sabores-del-oasis-degustacion-del-patrimonio-culinario-del-oasis-de-bahariya/",3,es,"wp-post-257609-en:article | wp-post-144441-es:article | wp-post-257611-ja:article"
"http://travel2egypt.org/cairo-city-break/",3,en,"wp-post-257609-en:article | wp-post-144441-es:article | wp-post-257611-ja:article"
"https://travel2egypt.org/es/guia-cinematografica-de-los-sitios-de-cine-de-egipto/",3,es,"wp-post-257609-en:article | wp-post-144441-es:article | wp-post-257611-ja:article"
"https://travel2egypt.org/es/los-mejores-lugares-historicos-de-egipto-un-viaje-en-el-tiempo/",3,es,"wp-post-257609-en:article | wp-post-144441-es:article | wp-post-257611-ja:article"
"https://travel2egypt.org/es/tours-por-egipto-desde-alemania/",3,es,"wp-post-257609-en:article | wp-post-144441-es:article | wp-post-257611-ja:article"
"https://travel2egypt.org/es/guia-de-viaje-de-wadi-al-natron/festin-en-el-desierto-las-tradiciones-culinarias-de-wadi-al-natron/",3,es,"wp-post-257609-en:article | wp-post-144441-es:article | wp-post-257611-ja:article"
"https://travel2egypt.org/es/dinastias-del-desierto-excursion-de-6-dias-a-los-grandes-faraones-y-el-desierto-blanco/",3,es,"wp-post-257609-en:article | wp-post-144441-es:article | wp-post-257611-ja:article"
"https://travel2egypt.org/es/la-epopeya-de-los-faraones-paquete-de-exploracion-de-18-dias-por-el-gran-egipto/",3,es,"wp-post-257609-en:article | wp-post-144441-es:article | wp-post-257611-ja:article"
"https://travel2egypt.org/es/viajar-por-egipto-la-mejor-experiencia-de-viaje-por-egipto/",3,es,"wp-post-257609-en:article | wp-post-144441-es:article | wp-post-257611-ja:article"
"https://travel2egypt.org/es/explorando-los-lugares-historicos-del-sinai-un-viaje-a-traves-del-tiempo-y-la-fe/",3,es,"wp-post-257609-en:article | wp-post-144441-es:article | wp-post-257611-ja:article"
"https://travel2egypt.org/es/guia-de-viaje-de-dahab/cuando-visitar-dahab-tiempo-estacional-y-mejores-epocas/",3,es,"wp-post-257609-en:article | wp-post-144441-es:article | wp-post-257611-ja:article"
"https://travel2egypt.org/es/seguro-de-viaje/",3,es,"wp-post-257609-en:article | wp-post-144441-es:article | wp-post-257611-ja:article"
"https://travel2egypt.org/es/guia-de-viaje-de-port-said/cuando-visitar/",3,es,"wp-post-257609-en:article | wp-post-144441-es:article | wp-post-257611-ja:article"
"https://travel2egypt.org/es/aventuras-inolvidables-consejos-para-quienes-visitan-egipto-por-primera-vez-en-familia/",3,es,"wp-post-257609-en:article | wp-post-144441-es:article | wp-post-257611-ja:article"
"https://travel2egypt.org/es/ramadan-en-egipto/",3,es,"wp-post-257609-en:article | wp-post-144441-es:article | wp-post-257611-ja:article"
"https://travel2egypt.org/es/mujer-viajera-sola-en-egipto/",3,es,"wp-post-257609-en:article | wp-post-144441-es:article | wp-post-257611-ja:article"
"http://travel2egypt.org/marriott-mena-house-stay-of-distinction/",3,en,"wp-post-257609-en:article | wp-post-144441-es:article | wp-post-257611-ja:article"
"https://travel2egypt.org/es/hotel-four-seasons-nile-plaza/",3,es,"wp-post-257609-en:article | wp-post-144441-es:article | wp-post-257611-ja:article"
"https://travel2egypt.org/es/guia-de-viaje-de-hurghada/delicias-culinarias/",3,es,"wp-post-257609-en:article | wp-post-144441-es:article | wp-post-257611-ja:article"
"https://travel2egypt.org/es/hoteles-boutique-en-egipto-descubre-alojamientos-de-lujo-unicos/",3,es,"wp-post-257609-en:article | wp-post-144441-es:article | wp-post-257611-ja:article"
"https://travel2egypt.org/es/velas-del-nilo-explora-egipto-con-una-feluca-tradicional/",3,es,"wp-post-257609-en:article | wp-post-144441-es:article | wp-post-257611-ja:article"
"https://travel2egypt.org/es/ecos-del-pasado-viajes-al-egipto-historico/",3,es,"wp-post-257609-en:article | wp-post-144441-es:article | wp-post-257611-ja:article"
"https://travel2egypt.org/es/33-cosas-increibles-que-hacer-en-hurghada/",3,es,"wp-post-257609-en:article | wp-post-144441-es:article | wp-post-257611-ja:article"
"https://travel2egypt.org/es/guia-de-viaje-de-al-arish/calendario-cultural/",3,es,"wp-post-257609-en:article | wp-post-144441-es:article | wp-post-257611-ja:article"
"https://travel2egypt.org/es/guia-de-viaje-del-oasis-de-siwa/viaje-aventura/",3,es,"wp-post-257609-en:article | wp-post-144441-es:article | wp-post-257611-ja:article"
"http://travel2egypt.org/the-elegant-cairo-tour/",3,en,"wp-post-257609-en:article | wp-post-144441-es:article | wp-post-257611-ja:article"
"https://travel2egypt.org/cultural-immersions/",3,en,"wp-page-88412:tour | wp-page-60323:guideArticle | wp-page-60599:guideArticle"
"https://travel2egypt.org/es/guia-de-viaje-de-al-arish/guia-de-movimiento/",3,es,"wp-page-87761:tour | wp-page-60654:guideArticle | wp-page-60551:guideArticle"
"https://travel2egypt.org/es/abu-simble-y-el-antiguo-egipto/",3,es,"wp-page-56930:guideArticle | wp-page-57848:guideArticle | wp-page-88178:tour"
"https://travel2egypt.org/es/guia-de-viaje-de-el-cairo/el-museo-egipcio/",3,es,"wp-page-87729:tour | wp-post-144544-es:article | wp-page-88173:tour"
"https://travel2egypt.org/es/guia-de-viajes-de-sharm-el-sheij/eventos-desvelados-descubre-las-vibrantes-celebraciones-de-sharm-el-sheikh/",3,es,"wp-page-87729:tour | wp-page-59458:guideArticle | wp-page-60333:guideArticle"
"https://travel2egypt.org/es/guia-de-viaje-del-oasis-de-kharga/safaris/",3,es,"wp-page-59427:guideArticle | wp-page-58736:guideArticle | wp-page-59478:guideArticle"
"https://travel2egypt.org/es/guia-de-viaje-de-kom-ombo/mas-alla-de-los-templos/",3,es,"wp-page-59427:guideArticle | wp-page-60695:guideArticle | wp-page-63606:guideArticle"
"https://travel2egypt.org/kom-ombo-travel-guide/ancient-temples/",3,en,"wp-page-78361:guideArticle | wp-page-57848:guideArticle | wp-page-59749:guideArticle"
"https://travel2egypt.org/es/guia-de-viaje-del-oasis-de-kharga/actividades-de-ocio/",3,es,"wp-page-58642:guideArticle | wp-page-60583:guideArticle | wp-page-60384:guideArticle"
"https://travel2egypt.org/es/guia-de-viajes-de-baris/mas-alla-del-espejismo-en-baris/",3,es,"wp-page-59571:guideArticle | wp-page-88178:tour | wp-page-75692:guideArticle"
"https://travel2egypt.org/es/guia-de-viaje-de-marsa-alam/gema-del-mar-rojo/",3,es,"wp-page-59704:guideArticle | wp-page-59422:guideArticle | wp-page-59711:guideArticle"
"https://travel2egypt.org/es/guia-de-viaje-de-hurghada/viajes/",3,es,"wp-page-68016:guideArticle | wp-page-60484:guideArticle | wp-page-60486:guideArticle"
"https://travel2egypt.org/es/programas-de-viaje-por-egipto/",3,es,"wp-page-88609:tour | wp-page-60458:guideArticle | wp-page-60539:guideArticle"
"https://travel2egypt.org/aswan-travel-guide/transportation-tips/",3,en,"wp-page-59259:guideArticle | wp-page-58693:guideArticle | wp-page-60123:guideArticle"
"http://travel2egypt.org/es/lo-mejor-que-hacer-en-luxor-egipto/",3,es,"wp-page-59585:guideArticle | wp-page-60661:guideArticle | wp-page-63523:hotel"
"https://travel2egypt.org/explore-egypt-with-a-felucca/",3,en,"wp-page-60207:guideArticle | wp-page-59229:guideArticle | wp-page-78380:guideArticle"
"https://travel2egypt.org/alexandria-travel-guide/travel-routes/",3,en,"wp-page-59345:guideArticle | wp-page-78399:guideArticle | wp-page-59347:guideArticle"
"https://travel2egypt.org/siwa-oasis-travel-guide/historical-tapestry/",3,en,"wp-page-59345:guideArticle | wp-page-60118:guideArticle | wp-page-59629:guideArticle"
"https://travel2egypt.org/es/majestad-de-los-templos-excursion-privada-a-los-templos-de-karnak-y-luxor/",3,es,"wp-page-59376:guideArticle | wp-page-59257:guideArticle | wp-page-60643:guideArticle"
"https://travel2egypt.org/es/10-dias-en-la-ruta-de-los-sonadores-del-nilo/",3,es,"wp-page-60628:guideArticle | wp-page-58752:guideArticle | wp-page-60370:guideArticle"
"https://travel2egypt.org/baris-travel-guide/events/",3,en,"wp-page-58576:guideArticle | wp-page-59262:guideArticle | wp-page-102370:tour"
"https://travel2egypt.org/es/guia-de-viaje-de-al-gouna/mas-alla-de-las-playas/",3,es,"wp-page-58576:guideArticle | wp-page-60712:guideArticle | wp-page-75692:guideArticle"
"https://travel2egypt.org/es/guia-de-viaje-de-al-quseir/navega-por-los-viajes/",3,es,"wp-page-60461:guideArticle | wp-page-83360:guideArticle | wp-page-60536:guideArticle"
"https://travel2egypt.org/es/planifica-tu-viaje/",3,es,"wp-page-59261:guideArticle | wp-page-59348:guideArticle | wp-page-60536:guideArticle"
"https://travel2egypt.org/es/horario-y-dias-festivos/",3,es,"wp-page-59262:guideArticle | wp-page-60481:guideArticle | wp-page-60320:guideArticle"
"https://travel2egypt.org/es/guia-de-viajes-de-marsa-matruh/lugares/",3,es,"wp-page-60223:guideArticle | wp-page-60230:guideArticle | wp-page-60237:guideArticle"
"http://travel2egypt.org/es/guia-de-viajes-de-sharm-el-sheij/",3,es,"wp-page-60481:guideArticle | wp-page-58801:guideArticle | wp-page-60490:guideArticle"
"http://travel2egypt.org/farafra-oasis-travel-guide/the-white-desert/",3,en,"wp-page-131814:hotel"
"https://travel2egypt.org/ja/%e3%82%ab%e3%82%a4%e3%83%ad%e6%97%85%e8%a1%8c%e3%82%ac%e3%82%a4%e3%83%89/%e3%83%8f%e3%83%bc%e3%83%b3%e3%83%bb%e3%82%a2%e3%83%ab%e3%83%bb%e3%83%8f%e3%83%aa%e3%83%aa-%e3%83%90%e3%82%b6%e3%83%bc%e3%83%ab/",2,ja,"guideArticle.cairo.madrassa-mausoleum-of-qalawun:guideArticle | wp-page-88093:tour"
"https://travel2egypt.org/egypt-travel-faqs/",2,en,"wp-post-257609-en:article | wp-page-60624:guideArticle"
"https://travel2egypt.org/ja/%e3%82%a2%e3%83%96%e3%83%bb%e3%82%b7%e3%83%b3%e3%83%99%e3%83%ab%e6%97%85%e8%a1%8c%e3%82%ac%e3%82%a4%e3%83%89/%e3%82%a2%e3%83%96%e3%83%bb%e3%82%b7%e3%83%b3%e3%83%99%e3%83%ab%e5%a4%a7%e5%af%ba%e9%99%a2/",2,ja,"guideArticle.luxor.the-mortuary-temple-of-queen-hatshepsut:guideArticle"
"https://travel2egypt.org/es/guia-de-viaje-del-oasis-de-siwa/tapiz-historico/",2,es,"wp-page-87976:tour"
"https://travel2egypt.org/es/excursion-de-un-dia-a-la-isla-giftun-para-hacer-snorkel-desde-hurghada/",2,es,"wp-page-89602:tour | wp-page-59704:guideArticle"
"https://travel2egypt.org/al-minya-travel-guide/beni-hassan/",2,en,"wp-page-87761:tour | wp-page-58642:guideArticle"
"https://travel2egypt.org/al-minya-travel-guide/tal-el-amarna/",2,en,"wp-page-87761:tour | wp-page-58655:guideArticle"
"https://travel2egypt.org/al-wadi-al-gadid-travel-guide/journey-heart/",2,en,"wp-page-56930:guideArticle | wp-page-59712:guideArticle"
"https://travel2egypt.org/abu-simble-travel-guide/the-small-temple-of-abu-simble/",2,en,"wp-page-56930:guideArticle | wp-page-57838:guideArticle"
"https://travel2egypt.org/es/guia-de-viaje-de-abu-simble/",2,es,"wp-page-56930:guideArticle | wp-page-60624:guideArticle"
"https://travel2egypt.org/beni-suef-travel-guide/tours/",2,en,"wp-page-56930:guideArticle | wp-page-145987:guideArticle"
"https://travel2egypt.org/es/mi-cuenta/",2,es,"wp-page-87273:tour | wp-page-135878:tour"
"https://travel2egypt.org/shared-seas-full-day-snorkeling-tour/",2,en,"wp-page-59427:guideArticle | wp-page-88604:tour"
"https://travel2egypt.org/es/guia-de-viaje-del-oasis-de-bahariya/aventuras-en-el-oasis-de-bahariya-desvelando-las-gemas-del-desierto/",2,es,"wp-page-78361:guideArticle | wp-page-60586:guideArticle"
"https://travel2egypt.org/es/guia-de-viaje-de-abu-simble/el-gran-templo-de-abu-simble/",2,es,"wp-page-87760:tour | wp-page-60133:guideArticle"
"http://travel2egypt.org/abu-simble-travel-guide/the-small-temple-of-abu-simble/",2,en,"wp-page-57848:guideArticle | wp-page-102370:tour"
"https://travel2egypt.org/es/guia-de-viaje-de-esna/detalles-del-legado/",2,es,"wp-page-57848:guideArticle | wp-page-60076:guideArticle"
"https://travel2egypt.org/es/guia-de-viaje-de-al-minya/descubrir-lo-invisible/",2,es,"wp-page-58642:guideArticle | wp-page-58640:guideArticle"
"https://travel2egypt.org/suez-travel-guide/highlights/",2,en,"wp-page-59393:guideArticle | wp-page-60631:guideArticle"
"https://travel2egypt.org/es/llegada-sin-contratiempos-traslado-del-aeropuerto-de-el-cairo-al-hotel/",2,es,"wp-page-59393:guideArticle | wp-page-60695:guideArticle"
"https://travel2egypt.org/qena-travel-guide/sacred-lake/",2,en,"wp-page-59571:guideArticle | wp-page-60323:guideArticle"
"https://travel2egypt.org/hurghada-travel-guide/giftun-islands/",2,en,"wp-page-59704:guideArticle | wp-page-59702:guideArticle"
"https://travel2egypt.org/es/guia-de-viaje-de-nuweiba/mejor-momento-para-visitar/",2,es,"wp-page-87830:tour | wp-page-59711:guideArticle"
"https://travel2egypt.org/aswan-travel-guide/the-high-dam/",2,en,"wp-page-59210:guideArticle | wp-page-60207:guideArticle"
"https://travel2egypt.org/asyut-travel-guide/getting-around/",2,en,"wp-page-59259:guideArticle | wp-page-60586:guideArticle"
"https://travel2egypt.org/enchanting-expeditions/",2,en,"wp-page-59585:guideArticle | wp-page-59590:guideArticle"
"https://travel2egypt.org/rosetta-rasheed-travel-guide/journey-through-time/",2,en,"wp-page-59587:guideArticle | wp-page-59616:guideArticle"
"https://travel2egypt.org/ismailia-travel-guide/discovering-ismailia/",2,en,"wp-page-60121:guideArticle"
"https://travel2egypt.org/siwa-oasis-travel-guide/journey-adventure/",2,en,"wp-page-60121:guideArticle"
"https://travel2egypt.org/marsa-matruh-travel-guide/discovering-travel-guide/",2,en,"wp-page-60121:guideArticle"
"https://travel2egypt.org/rosetta-rasheed-travel-guide/wandering-through/",2,en,"wp-page-59376:guideArticle | wp-page-59481:guideArticle"
"https://travel2egypt.org/esna-travel-guide/temple-of-khnum/",2,en,"wp-page-59644:guideArticle | wp-page-59619:guideArticle"
"https://travel2egypt.org/es/guia-de-viaje-del-oasis-de-farafra/experiencias-unicas/",2,es,"wp-page-60654:guideArticle | wp-page-60333:guideArticle"
"https://travel2egypt.org/es/viaje-de-10-dias-a-egipto-inolvidable/",2,es,"wp-page-58640:guideArticle | wp-page-60383:guideArticle"
"https://travel2egypt.org/giza-travel-guide/the-giza-sound-and-light-show/",2,en,"wp-page-58701:guideArticle | wp-page-60648:guideArticle"
"https://travel2egypt.org/marsa-alam-travel-guide/access-guide/",2,en,"wp-page-78399:guideArticle | wp-page-60712:guideArticle"
"https://travel2egypt.org/luxor-travel-guide/the-valley-of-the-queens/",2,en,"wp-page-135878:tour | wp-page-88177:tour"
"https://travel2egypt.org/es/espectaculo-de-luz-y-sonido-en-el-templo-de-karnak-de-luxor/",2,es,"wp-page-135878:tour | wp-page-156421:tour"
"https://travel2egypt.org/es/guia-de-viaje-de-abu-simble/sabores-locales/",2,es,"wp-page-88483:tour | wp-page-58752:guideArticle"
"https://travel2egypt.org/es/guia-de-viaje-de-hurghada/",2,es,"wp-page-88555:tour | wp-page-88556:tour"
"https://travel2egypt.org/saint-catherine-travel-guide/moses-mountain/",2,en,"wp-page-59229:guideArticle | wp-page-60583:guideArticle"
"https://travel2egypt.org/es/aventura-en-el-desierto-de-fayoum-una-odisea-de-2-dias/",2,es,"wp-page-59283:guideArticle | wp-page-59734:guideArticle"
"https://travel2egypt.org/es/explora-luxor-coche-privado-y-servicio-de-guia/",2,es,"wp-page-59287:guideArticle | wp-page-60653:guideArticle"
"https://travel2egypt.org/es/de-alejandria-a-el-cairo-excursion-privada-de-un-dia-a-las-piramides-de-guiza-la-esfinge-el-museo-egipcio-y-khan-el-khalili/",2,es,"wp-page-60461:guideArticle | wp-page-253700:guideArticle"
"https://travel2egypt.org/es/guia-de-viaje-de-al-fayoum/sigue-siendo-tradicional-moderno/",2,es,"wp-page-60461:guideArticle | wp-page-58803:guideArticle"
"https://travel2egypt.org/cairo-travel-guide/the-khayrbek-complex/",2,en,"wp-page-60653:guideArticle | wp-page-59458:guideArticle"
"https://travel2egypt.org/es/carretera-de-la-costa-traslado-en-coche-privado-de-luxor-a-marsa-alam/",2,es,"wp-page-60653:guideArticle | wp-page-78403:guideArticle"
"http://travel2egypt.org/es/aventura-semisubmarina-en-marsa-alam/",2,es,"wp-page-60712:guideArticle | wp-page-60238:guideArticle"
"https://travel2egypt.org/es/precios-de-las-entradas-para-las-atracciones-en-el-mar-rojo-y-el-sinai/",2,es,"wp-page-78375:guideArticle | wp-page-78152:guideArticle"
"https://travel2egypt.org/sharm-el-sheikh-travel-guide/resort-city/",2,en,"wp-page-78448:guideArticle | wp-page-145987:guideArticle"
"https://travel2egypt.org/al-arish-travel-guide/the-protected-area-of-zaranik/",2,en,"wp-page-83360:guideArticle | wp-page-133463:tour"
"https://travel2egypt.org/es/guia-de-viaje-de-al-quseir/experiencias-exclusivas/",2,es,"wp-page-59260:guideArticle | wp-page-59261:guideArticle"
"https://travel2egypt.org/es/del-desierto-al-mar-traslado-aeropuerto-sharm-el-sheikh/",2,es,"wp-page-60484:guideArticle | wp-page-60489:guideArticle"
"http://travel2egypt.org/es/egipto-los-mejores-hoteles-y-cruceros-por-el-nilo/",2,es,"wp-page-60484:guideArticle | wp-page-60439:guideArticle"
"https://travel2egypt.org/es/guia-de-viaje-de-al-gouna/como-desplazarse/",2,es,"wp-page-60486:guideArticle | wp-page-59236:guideArticle"
"https://travel2egypt.org/sohag-travel-guide/beyond-nile/",2,en,"wp-page-60582:guideArticle | wp-page-60487:guideArticle"
"https://travel2egypt.org/saint-catherine-travel-guide/saint-catherines-monastery-and-mount-sinai/",2,en,"wp-page-60586:guideArticle | wp-page-60485:guideArticle"
"https://travel2egypt.org/port-said-travel-guide/melting-pot/",2,en,"wp-page-60695:guideArticle | wp-page-76458:guideArticle"
"https://travel2egypt.org/es/guia-de-viaje-del-oasis-de-siwa/descubrimientos/",2,es,"wp-page-88178:tour | wp-page-59588:guideArticle"
"https://travel2egypt.org/farafra-oasis-travel-guide/activities-adventures/",2,en,"wp-page-253330:guideArticle"
"https://travel2egypt.org/es/safari-taziry-ecolodge-siwa/",2,es,"wp-page-59590:guideArticle | wp-page-59711:guideArticle"
"https://travel2egypt.org/es/egipto-para-observar-aves/",2,es,"wp-page-60388:guideArticle | wp-page-60384:guideArticle"
"https://travel2egypt.org/es/felucca-por-asuan/",2,es,"wp-page-60539:guideArticle | wp-page-87637:tour"
"http://travel2egypt.org/es/guia-de-viajes-de-egipto/",2,es,"wp-page-60558:guideArticle | wp-page-60464:guideArticle"
"https://travel2egypt.org/es/ritmos-del-nilo-el-cairo-cena-crucero-con-danza-del-vientre/",2,es,"wp-page-88174:tour | wp-page-88179:tour"
"https://travel2egypt.org/es/aventura-de-snorkel-en-sharm-el-luli-desde-marsa-alam/",2,es,"wp-page-88174:tour | wp-page-78396:guideArticle"
"https://travel2egypt.org/es/leyendas-de-los-oasis-excursion-al-oasis-de-fayoum-y-las-piramides-de-beni-suif/",2,es,"wp-page-155767:guideArticle | wp-page-60706:guideArticle"
"https://travel2egypt.org/nuweiba-travel-guide/serene-getaway/",2,en,"wp-page-59209:guideArticle | wp-page-75859:guideArticle"
"https://travel2egypt.org/exclusive-escape-private-snorkeling-sea-trip-in-sharm-el-sheikh/",2,en,"wp-page-59706:guideArticle"
"https://travel2egypt.org/port-said-travel-guide/when-to-visit/",2,en,"wp-post-73355-en:article | wp-page-72327:guideArticle"
"https://travel2egypt.org/qena-travel-guide/discover-qena/",2,en,"wp-page-76533:guideArticle"
"https://travel2egypt.org/underwater-archaeology-and-wreck-diving-in-the-red-sea/",2,en,"wp-page-115573:tour | wp-page-115615:tour"
"https://travel2egypt.org/hilton-sharm-sharks-bay/",1,en,"guideArticle.cairo.madrassa-mausoleum-of-qalawun:guideArticle"
"https://travel2egypt.org/es/guia-de-viaje-de-el-cairo/guia-de-viaje-sobre-el-clima-de-el-cairo-navegando-por-las-estaciones/",1,es,"guideArticle.cairo.madrassa-mausoleum-of-qalawun:guideArticle"
"https://travel2egypt.org/es/historia-de-cairo/",1,es,"guideArticle.cairo.madrassa-mausoleum-of-qalawun:guideArticle"
"https://travel2egypt.org/es/mejores-hoteles-en-cairo/",1,es,"guideArticle.cairo.madrassa-mausoleum-of-qalawun:guideArticle"
"https://travel2egypt.org/es/como-moverse-en-cairo/",1,es,"guideArticle.cairo.madrassa-mausoleum-of-qalawun:guideArticle"
"https://travel2egypt.org/es/beit-al-suhaymicasa-al-suhaymi/",1,es,"guideArticle.cairo.madrassa-mausoleum-of-qalawun:guideArticle"
"https://travel2egypt.org/es/beit-zeinab-al-jatun/",1,es,"guideArticle.cairo.madrassa-mausoleum-of-qalawun:guideArticle"
"https://travel2egypt.org/es/calle-bein-al-qasreen/",1,es,"guideArticle.cairo.madrassa-mausoleum-of-qalawun:guideArticle"
"https://travel2egypt.org/es/terraza-gawhara/",1,es,"guideArticle.cairo.madrassa-mausoleum-of-qalawun:guideArticle"
"https://travel2egypt.org/es/midan-al-husseinplaza-sayedna-al-hussein/",1,es,"guideArticle.cairo.madrassa-mausoleum-of-qalawun:guideArticle"
"https://travel2egypt.org/es/museo-mevlevi/",1,es,"guideArticle.cairo.madrassa-mausoleum-of-qalawun:guideArticle"
"https://travel2egypt.org/es/recinto-norte/",1,es,"guideArticle.cairo.madrassa-mausoleum-of-qalawun:guideArticle"
"https://travel2egypt.org/es/muros-y-puertas-del-norte/",1,es,"guideArticle.cairo.madrassa-mausoleum-of-qalawun:guideArticle"
"https://travel2egypt.org/es/el-complejo-del-sultan-ashraf-barsbey/",1,es,"guideArticle.cairo.madrassa-mausoleum-of-qalawun:guideArticle"
"https://travel2egypt.org/es/el-complejo-khayrbek/",1,es,"guideArticle.cairo.madrassa-mausoleum-of-qalawun:guideArticle"
"https://travel2egypt.org/es/wikala-al-bazara/",1,es,"guideArticle.cairo.madrassa-mausoleum-of-qalawun:guideArticle"
"https://travel2egypt.org/es/wikala-de-al-ghouri/",1,es,"guideArticle.cairo.madrassa-mausoleum-of-qalawun:guideArticle"
"https://travel2egypt.org/es/tours-destacados-en-el-cairo/",1,es,"guideArticle.cairo.madrassa-mausoleum-of-qalawun:guideArticle"
"https://travel2egypt.org/es/lo-mejor-de-el-cairo/",1,es,"guideArticle.cairo.madrassa-mausoleum-of-qalawun:guideArticle"
"https://travel2egypt.org/ja/カイロの歴史をたどる旅/",1,ja,"guideArticle.cairo.madrassa-mausoleum-of-qalawun:guideArticle"
"https://travel2egypt.org/ja/%e3%82%ab%e3%82%a4%e3%83%ad%e3%81%ae%e5%a4%a9%e6%b0%97%e3%81%a8%e6%b0%97%e6%b8%a9/",1,ja,"guideArticle.cairo.madrassa-mausoleum-of-qalawun:guideArticle"
"https://travel2egypt.org/ja/%e3%82%ab%e3%82%a4%e3%83%ad%e3%81%ab%e8%a1%8c%e3%81%8f%e3%81%ab%e3%81%af%e3%81%a9%e3%81%86%e3%81%99%e3%82%8b/",1,ja,"guideArticle.cairo.madrassa-mausoleum-of-qalawun:guideArticle"
"https://travel2egypt.org/ja/カイロでの宿泊に最適な場所/",1,ja,"guideArticle.cairo.madrassa-mausoleum-of-qalawun:guideArticle"
"https://travel2egypt.org/ja/カイロの移動手段ガイド/",1,ja,"guideArticle.cairo.madrassa-mausoleum-of-qalawun:guideArticle"
"https://travel2egypt.org/ja/%e3%82%ab%e3%82%a4%e3%83%ad%e6%97%85%e8%a1%8c%e3%82%ac%e3%82%a4%e3%83%89/%e3%82%a8%e3%82%b8%e3%83%97%e3%83%88%e3%81%ae%e5%bf%83%ef%bc%9a%e3%82%ab%e3%82%a4%e3%83%ad%e3%81%a7%e3%81%ae%e5%bf%85%e8%a6%8b%e3%82%a2%e3%82%af%e3%83%86%e3%82%a3%e3%83%93%e3%83%86%e3%82%a3/",1,ja,"guideArticle.cairo.madrassa-mausoleum-of-qalawun:guideArticle"
"https://travel2egypt.org/ja/%e3%82%ab%e3%82%a4%e3%83%ad%e6%97%85%e8%a1%8c%e3%82%ac%e3%82%a4%e3%83%89/%e3%82%a8%e3%82%b8%e3%83%97%e3%83%88%e8%80%83%e5%8f%a4%e5%ad%a6%e5%8d%9a%e7%89%a9%e9%a4%a8/",1,ja,"guideArticle.cairo.madrassa-mausoleum-of-qalawun:guideArticle"
"https://travel2egypt.org/ja/%e3%82%ab%e3%82%a4%e3%83%ad%e6%97%85%e8%a1%8c%e3%82%ac%e3%82%a4%e3%83%89/%e5%8c%97%e5%a2%93%e5%9c%b0/",1,ja,"guideArticle.cairo.madrassa-mausoleum-of-qalawun:guideArticle"
"https://travel2egypt.org/ja/%e3%82%ab%e3%82%a4%e3%83%ad%e6%97%85%e8%a1%8c%e3%82%ac%e3%82%a4%e3%83%89/%e3%82%b9%e3%83%ab%e3%82%bf%e3%83%b3%e3%83%bb%e3%82%a2%e3%82%b7%e3%83%a5%e3%83%a9%e3%83%95%e3%83%bb%e3%83%90%e3%83%ab%e3%82%b9%e3%83%99%e3%82%a4%e3%81%ae%e8%a4%87%e5%90%88%e6%96%bd%e8%a8%ad/",1,ja,"guideArticle.cairo.madrassa-mausoleum-of-qalawun:guideArticle"
"https://travel2egypt.org/ja/%e3%82%ab%e3%82%a4%e3%83%ad%e6%97%85%e8%a1%8c%e3%82%ac%e3%82%a4%e3%83%89/%e3%83%95%e3%82%a1%e3%83%a9%e3%82%b0%e3%83%bb%e3%82%a4%e3%83%96%e3%83%b3%e3%83%bb%e3%83%90%e3%83%ab%e3%82%af%e3%83%bc%e3%82%af%e3%81%ae%e3%83%8f%e3%83%b3%e3%82%ab%e3%83%bc%e3%81%a8%e9%9c%8a%e5%bb%9f/",1,ja,"guideArticle.cairo.madrassa-mausoleum-of-qalawun:guideArticle"
"https://travel2egypt.org/ja/%e3%82%ab%e3%82%a4%e3%83%ad%e6%97%85%e8%a1%8c%e3%82%ac%e3%82%a4%e3%83%89/%e3%82%b9%e3%83%ab%e3%82%bf%e3%83%b3%e3%83%bb%e3%82%ab%e3%82%a4%e3%83%88%e3%83%99%e3%82%a4%e3%81%ae%e3%83%a2%e3%82%b9%e3%82%af/",1,ja,"guideArticle.cairo.madrassa-mausoleum-of-qalawun:guideArticle"
"https://travel2egypt.org/ja/%e3%82%ab%e3%82%a4%e3%83%ad%e6%97%85%e8%a1%8c%e3%82%ac%e3%82%a4%e3%83%89/%e3%82%ac%e3%82%a4%e3%83%a4%e3%83%bc%e3%83%bb%e3%82%a2%e3%83%b3%e3%83%80%e3%83%bc%e3%82%bd%e3%83%b3%e5%8d%9a%e7%89%a9%e9%a4%a8/",1,ja,"guideArticle.cairo.madrassa-mausoleum-of-qalawun:guideArticle"
"https://travel2egypt.org/ja/%e3%82%ab%e3%82%a4%e3%83%ad%e6%97%85%e8%a1%8c%e3%82%ac%e3%82%a4%e3%83%89/%e3%82%a4%e3%83%96%e3%83%b3%e3%83%bb%e3%83%88%e3%82%a5%e3%83%bc%e3%83%ab%e3%83%bc%e3%83%b3%e3%83%bb%e3%83%a2%e3%82%b9%e3%82%af/",1,ja,"guideArticle.cairo.madrassa-mausoleum-of-qalawun:guideArticle"
"https://travel2egypt.org/ja/%e3%82%ab%e3%82%a4%e3%83%ad%e6%97%85%e8%a1%8c%e3%82%ac%e3%82%a4%e3%83%89/%e3%83%a1%e3%83%b4%e3%83%ac%e3%83%b4%e3%82%a3%e5%8d%9a%e7%89%a9%e9%a4%a8/",1,ja,"guideArticle.cairo.madrassa-mausoleum-of-qalawun:guideArticle"
"https://travel2egypt.org/ja/%e3%82%ab%e3%82%a4%e3%83%ad%e6%97%85%e8%a1%8c%e3%82%ac%e3%82%a4%e3%83%89/%e3%82%a2%e3%83%9f%e3%83%bc%e3%83%ab%e3%83%bb%e3%82%bf%e3%82%ba%e5%ae%ae%e6%ae%bf/",1,ja,"guideArticle.cairo.madrassa-mausoleum-of-qalawun:guideArticle"
"https://travel2egypt.org/ja/%e3%82%ab%e3%82%a4%e3%83%ad%e6%97%85%e8%a1%8c%e3%82%ac%e3%82%a4%e3%83%89/%e3%82%a2%e3%83%ab%ef%bc%9d%e3%82%a2%e3%82%ba%e3%83%8f%e3%83%ab%e3%81%8b%e3%82%89%e5%9f%8e%e5%a1%9e%ef%bc%88%e3%82%b7%e3%82%bf%e3%83%87%e3%83%ab%ef%bc%89%e3%81%b8/",1,ja,"guideArticle.cairo.madrassa-mausoleum-of-qalawun:guideArticle"
"https://travel2egypt.org/ja/%e3%82%ab%e3%82%a4%e3%83%ad%e6%97%85%e8%a1%8c%e3%82%ac%e3%82%a4%e3%83%89/%e3%82%b5%e3%83%a9%e3%83%87%e3%82%a3%e3%83%b3%e3%81%ae%e5%9f%8e%e5%a1%9e/",1,ja,"guideArticle.cairo.madrassa-mausoleum-of-qalawun:guideArticle"
"https://travel2egypt.org/ja/%e3%82%ab%e3%82%a4%e3%83%ad%e6%97%85%e8%a1%8c%e3%82%ac%e3%82%a4%e3%83%89/%e3%82%b9%e3%83%ab%e3%82%bf%e3%83%b3%e3%83%bb%e3%83%8f%e3%82%b5%e3%83%b3%e3%83%bb%e3%83%a2%e3%82%b9%e3%82%af%e3%81%a8%e3%83%9e%e3%83%89%e3%83%a9%e3%82%b5/",1,ja,"guideArticle.cairo.madrassa-mausoleum-of-qalawun:guideArticle"
"https://travel2egypt.org/ja/%e3%82%ab%e3%82%a4%e3%83%ad%e6%97%85%e8%a1%8c%e3%82%ac%e3%82%a4%e3%83%89/%e5%8c%97%e3%81%ae%e5%9b%b2%e9%83%ad%ef%bc%88%e3%83%8e%e3%83%bc%e3%82%b6%e3%83%b3%e3%83%bb%e3%82%a8%e3%83%b3%e3%82%af%e3%83%ad%e3%83%bc%e3%82%b8%e3%83%a3%e3%83%bc%ef%bc%89/",1,ja,"guideArticle.cairo.madrassa-mausoleum-of-qalawun:guideArticle"
"https://travel2egypt.org/ja/%e3%82%ab%e3%82%a4%e3%83%ad%e6%97%85%e8%a1%8c%e3%82%ac%e3%82%a4%e3%83%89/%e3%82%ac%e3%82%a6%e3%83%8f%e3%83%a9%e3%83%bb%e3%83%86%e3%83%a9%e3%82%b9/",1,ja,"guideArticle.cairo.madrassa-mausoleum-of-qalawun:guideArticle"
"https://travel2egypt.org/ja/%e3%82%ab%e3%82%a4%e3%83%ad%e6%97%85%e8%a1%8c%e3%82%ac%e3%82%a4%e3%83%89/%e3%82%a2%e3%83%ab%ef%bc%9d%e3%83%8a%e3%83%bc%e3%82%b9%e3%82%a3%e3%83%ab%e3%83%bb%e3%83%a0%e3%83%8f%e3%83%b3%e3%83%9e%e3%83%89%e3%83%bb%e3%82%a4%e3%83%96%e3%83%b3%e3%83%bb%e3%82%ab%e3%83%a9%e3%82%a6/",1,ja,"guideArticle.cairo.madrassa-mausoleum-of-qalawun:guideArticle"
"https://travel2egypt.org/ja/%e3%82%ab%e3%82%a4%e3%83%ad%e6%97%85%e8%a1%8c%e3%82%ac%e3%82%a4%e3%83%89/%e3%83%a0%e3%83%8f%e3%83%b3%e3%83%9e%e3%83%89%e3%83%bb%e3%82%a2%e3%83%aa%e3%83%bc%e3%83%bb%e3%83%a2%e3%82%b9%e3%82%af/",1,ja,"guideArticle.cairo.madrassa-mausoleum-of-qalawun:guideArticle"
"https://travel2egypt.org/ja/%e3%82%ab%e3%82%a4%e3%83%ad%e6%97%85%e8%a1%8c%e3%82%ac%e3%82%a4%e3%83%89/%e3%82%a4%e3%83%96%e3%83%b3%e3%83%bb%e3%83%88%e3%82%a5%e3%83%bc%e3%83%ab%e3%83%bc%e3%83%b3%e5%9f%8e%e5%a1%9e/",1,ja,"guideArticle.cairo.madrassa-mausoleum-of-qalawun:guideArticle"
"https://travel2egypt.org/ja/%e3%82%ab%e3%82%a4%e3%83%ad%e6%97%85%e8%a1%8c%e3%82%ac%e3%82%a4%e3%83%89/%e3%83%8f%e3%82%a4%e3%83%bc%e3%83%ab%e3%83%99%e3%82%a4%e3%83%bb%e3%82%b3%e3%83%b3%e3%83%97%e3%83%ac%e3%83%83%e3%82%af%e3%82%b9/",1,ja,"guideArticle.cairo.madrassa-mausoleum-of-qalawun:guideArticle"
"https://travel2egypt.org/ja/%e3%82%ab%e3%82%a4%e3%83%ad%e6%97%85%e8%a1%8c%e3%82%ac%e3%82%a4%e3%83%89/%e3%82%a2%e3%82%af%e3%82%b9%e3%83%8c%e3%83%bc%e3%83%ab%e3%83%bb%e3%83%a2%e3%82%b9%e3%82%af/",1,ja,"guideArticle.cairo.madrassa-mausoleum-of-qalawun:guideArticle"
"https://travel2egypt.org/ja/%e3%82%ab%e3%82%a4%e3%83%ad%e6%97%85%e8%a1%8c%e3%82%ac%e3%82%a4%e3%83%89/%e3%82%a6%e3%83%a0%e3%83%bb%e3%82%b9%e3%83%ab%e3%82%bf%e3%83%b3%e3%83%bb%e3%82%b7%e3%83%a3%e3%82%a2%e3%83%90%e3%83%bc%e3%83%b3%e3%81%ae%e3%83%a2%e3%82%b9%e3%82%af%e3%81%a8%e3%83%9e%e3%83%89%e3%83%a9/",1,ja,"guideArticle.cairo.madrassa-mausoleum-of-qalawun:guideArticle"
"https://travel2egypt.org/ja/%e3%82%ab%e3%82%a4%e3%83%ad%e6%97%85%e8%a1%8c%e3%82%ac%e3%82%a4%e3%83%89/%e3%82%a2%e3%82%b9%e3%83%a9%e3%83%a0%e3%83%bb%e3%82%a2%e3%83%ab%e3%83%bb%e3%82%b7%e3%83%a9%e3%83%95%e3%83%80%e3%83%ab%e3%83%bb%e3%83%a2%e3%82%b9%e3%82%af/",1,ja,"guideArticle.cairo.madrassa-mausoleum-of-qalawun:guideArticle"
"https://travel2egypt.org/ja/%e3%82%ab%e3%82%a4%e3%83%ad%e6%97%85%e8%a1%8c%e3%82%ac%e3%82%a4%e3%83%89/%e3%82%a4%e3%82%b9%e3%83%a9%e3%83%a0%e7%be%8e%e8%a1%93%e9%a4%a8/",1,ja,"guideArticle.cairo.madrassa-mausoleum-of-qalawun:guideArticle"
"https://travel2egypt.org/ja/%e3%82%ab%e3%82%a4%e3%83%ad%e6%97%85%e8%a1%8c%e3%82%ac%e3%82%a4%e3%83%89/%e3%82%a2%e3%83%ab%ef%bc%9d%e3%83%a0%e3%82%a2%e3%82%a4%e3%83%a4%e3%83%89%e3%83%bb%e3%82%b7%e3%83%a3%e3%82%a4%e3%83%95%e3%83%bb%e3%83%a2%e3%82%b9%e3%82%af/",1,ja,"guideArticle.cairo.madrassa-mausoleum-of-qalawun:guideArticle"
"https://travel2egypt.org/ja/%e3%82%ab%e3%82%a4%e3%83%ad%e6%97%85%e8%a1%8c%e3%82%ac%e3%82%a4%e3%83%89/%e3%83%90%e3%83%96%e3%83%bb%e3%82%ba%e3%82%a6%e3%82%a7%e3%82%a4%e3%83%a9/",1,ja,"guideArticle.cairo.madrassa-mausoleum-of-qalawun:guideArticle"
"https://travel2egypt.org/ja/%e3%82%ab%e3%82%a4%e3%83%ad%e6%97%85%e8%a1%8c%e3%82%ac%e3%82%a4%e3%83%89/%e3%83%a0%e3%83%8f%e3%83%b3%e3%83%9e%e3%83%89%e3%83%bb%e3%82%a2%e3%83%aa%e3%83%bc%e3%83%bb%e3%83%91%e3%82%b7%e3%83%a3%e3%81%ae%e3%82%b5%e3%83%93%e3%83%bc%e3%83%ab/",1,ja,"guideArticle.cairo.madrassa-mausoleum-of-qalawun:guideArticle"
"https://travel2egypt.org/ja/%e3%82%ab%e3%82%a4%e3%83%ad%e6%97%85%e8%a1%8c%e3%82%ac%e3%82%a4%e3%83%89/%e3%82%a2%e3%83%ab%ef%bc%9d%e3%82%b0%e3%83%bc%e3%83%aa%e3%83%bc%e3%83%bb%e3%82%a6%e3%82%a3%e3%82%ab%e3%83%a9/",1,ja,"guideArticle.cairo.madrassa-mausoleum-of-qalawun:guideArticle"
"https://travel2egypt.org/ja/%e3%82%ab%e3%82%a4%e3%83%ad%e6%97%85%e8%a1%8c%e3%82%ac%e3%82%a4%e3%83%89/%e3%82%a2%e3%83%ab%ef%bc%9d%e3%82%b0%e3%83%bc%e3%83%aa%e3%83%bc%e3%83%bb%e3%83%a2%e3%82%b9%e3%82%af%e5%85%bc%e3%83%9e%e3%83%89%e3%83%a9%e3%82%b5/",1,ja,"guideArticle.cairo.madrassa-mausoleum-of-qalawun:guideArticle"
"https://travel2egypt.org/ja/%e3%82%ab%e3%82%a4%e3%83%ad%e6%97%85%e8%a1%8c%e3%82%ac%e3%82%a4%e3%83%89/%e3%82%a2%e3%83%ab%e3%83%bb%e3%82%b0%e3%83%bc%e3%83%aa%e5%bb%9f/",1,ja,"guideArticle.cairo.madrassa-mausoleum-of-qalawun:guideArticle"
"https://travel2egypt.org/ja/%e3%82%ab%e3%82%a4%e3%83%ad%e6%97%85%e8%a1%8c%e3%82%ac%e3%82%a4%e3%83%89/%e3%83%99%e3%82%a4%e3%83%88%e3%83%bb%e3%82%a2%e3%83%ab%e3%83%bb%e3%83%8f%e3%83%a9%e3%82%a6%e3%82%a3/",1,ja,"guideArticle.cairo.madrassa-mausoleum-of-qalawun:guideArticle"
"https://travel2egypt.org/ja/%e3%82%ab%e3%82%a4%e3%83%ad%e6%97%85%e8%a1%8c%e3%82%ac%e3%82%a4%e3%83%89/%e3%83%99%e3%82%a4%e3%83%88%e3%83%bb%e3%82%bc%e3%82%a4%e3%83%8a%e3%83%96%e3%83%bb%e3%82%a2%e3%83%ab%ef%bc%9d%e3%82%ab%e3%83%88%e3%82%a5%e3%83%bc%e3%83%b3/",1,ja,"guideArticle.cairo.madrassa-mausoleum-of-qalawun:guideArticle"
"https://travel2egypt.org/ja/%e3%82%ab%e3%82%a4%e3%83%ad%e6%97%85%e8%a1%8c%e3%82%ac%e3%82%a4%e3%83%89/%e3%82%a2%e3%82%ba%e3%83%8f%e3%83%ab%e3%83%bb%e3%83%a2%e3%82%b9%e3%82%af/",1,ja,"guideArticle.cairo.madrassa-mausoleum-of-qalawun:guideArticle"
"https://travel2egypt.org/ja/%e3%82%ab%e3%82%a4%e3%83%ad%e6%97%85%e8%a1%8c%e3%82%ac%e3%82%a4%e3%83%89/%e3%82%b7%e3%83%a3%e3%83%bc%e3%83%aa%e3%82%a2%e3%83%bb%e3%82%a2%e3%83%ab%ef%bc%9d%e3%83%a0%e3%82%a4%e3%83%83%e3%82%ba%e3%83%bb%e3%83%aa%e3%83%83%e3%83%87%e3%82%a3%e3%83%bc%e3%83%b3%e3%83%bb%e3%82%a2/",1,ja,"guideArticle.cairo.madrassa-mausoleum-of-qalawun:guideArticle"
"https://travel2egypt.org/ja/%e3%82%ab%e3%82%a4%e3%83%ad%e6%97%85%e8%a1%8c%e3%82%ac%e3%82%a4%e3%83%89/%e3%82%a2%e3%83%ab%ef%bc%9d%e3%82%a2%e3%82%af%e3%83%9e%e3%83%ab%e3%83%bb%e3%83%a2%e3%82%b9%e3%82%af/",1,ja,"guideArticle.cairo.madrassa-mausoleum-of-qalawun:guideArticle"
"https://travel2egypt.org/ja/%e3%82%ab%e3%82%a4%e3%83%ad%e6%97%85%e8%a1%8c%e3%82%ac%e3%82%a4%e3%83%89/%e3%83%99%e3%82%a4%e3%83%88%e3%83%bb%e3%82%a2%e3%83%ab%ef%bc%9d%e3%82%b9%e3%83%8f%e3%82%a4%e3%83%9f%ef%bc%88%e3%82%a2%e3%83%ab%ef%bc%9d%e3%82%b9%e3%83%8f%e3%82%a4%e3%83%9f%e9%82%b8%ef%bc%89/",1,ja,"guideArticle.cairo.madrassa-mausoleum-of-qalawun:guideArticle"
"https://travel2egypt.org/ja/%e3%82%ab%e3%82%a4%e3%83%ad%e6%97%85%e8%a1%8c%e3%82%ac%e3%82%a4%e3%83%89/%e3%82%a2%e3%83%ab%e3%83%bb%e3%83%8f%e3%82%ad%e3%83%a0%e3%83%bb%e3%83%a2%e3%82%b9%e3%82%af/",1,ja,"guideArticle.cairo.madrassa-mausoleum-of-qalawun:guideArticle"
"https://travel2egypt.org/ja/%e3%82%ab%e3%82%a4%e3%83%ad%e6%97%85%e8%a1%8c%e3%82%ac%e3%82%a4%e3%83%89/%e5%8c%97%e5%81%b4%e3%81%ae%e5%a3%81%e3%81%a8%e9%96%80/",1,ja,"guideArticle.cairo.madrassa-mausoleum-of-qalawun:guideArticle"
"https://travel2egypt.org/ja/%e3%82%ab%e3%82%a4%e3%83%ad%e6%97%85%e8%a1%8c%e3%82%ac%e3%82%a4%e3%83%89/%e3%82%a6%e3%82%a3%e3%82%ab%e3%83%a9%e3%83%bb%e3%82%a2%e3%83%ab%ef%bc%9d%e3%83%90%e3%82%b6%e3%83%bc%e3%83%a9/",1,ja,"guideArticle.cairo.madrassa-mausoleum-of-qalawun:guideArticle"
"https://travel2egypt.org/ja/%e3%82%ab%e3%82%a4%e3%83%ad%e6%97%85%e8%a1%8c%e3%82%ac%e3%82%a4%e3%83%89/%e3%82%b9%e3%83%ab%e3%82%bf%e3%83%b3%e3%83%bb%e3%83%90%e3%82%a4%e3%83%90%e3%83%ab%e3%82%b9%e3%83%bb%e3%82%a2%e3%83%ab%ef%bc%9d%e3%82%ac%e3%82%b7%e3%83%a3%e3%83%b3%e3%82%ad%e3%83%bc%e3%83%ab%e3%81%ae/",1,ja,"guideArticle.cairo.madrassa-mausoleum-of-qalawun:guideArticle"
"https://travel2egypt.org/ja/%e3%82%ab%e3%82%a4%e3%83%ad%e6%97%85%e8%a1%8c%e3%82%ac%e3%82%a4%e3%83%89/%e3%82%a8%e3%82%b8%e3%83%97%e3%83%88%e7%b9%94%e7%89%a9%e5%8d%9a%e7%89%a9%e9%a4%a8/",1,ja,"guideArticle.cairo.madrassa-mausoleum-of-qalawun:guideArticle"
"https://travel2egypt.org/ja/%e3%82%ab%e3%82%a4%e3%83%ad%e6%97%85%e8%a1%8c%e3%82%ac%e3%82%a4%e3%83%89/%e3%82%a2%e3%83%96%e3%83%89%e3%83%ab%e3%83%bb%e3%83%a9%e3%83%bc%e3%83%9e%e3%83%b3%e3%83%bb%e3%82%ab%e3%83%88%e3%83%95%e3%83%80%e3%83%bc%e3%81%ae%e3%82%b5%e3%83%93%e3%83%bc%e3%83%ab%e3%81%a8%e3%82%af/",1,ja,"guideArticle.cairo.madrassa-mausoleum-of-qalawun:guideArticle"
"https://travel2egypt.org/ja/%e3%82%ab%e3%82%a4%e3%83%ad%e6%97%85%e8%a1%8c%e3%82%ac%e3%82%a4%e3%83%89/%e3%82%a2%e3%83%b3%ef%bc%9d%e3%83%8a%e3%83%bc%e3%82%b9%e3%82%a3%e3%83%ab%e3%83%bb%e3%83%a0%e3%83%8f%e3%83%b3%e3%83%9e%e3%83%89%e3%83%bb%e3%82%b9%e3%83%ab%e3%82%bf%e3%83%b3%e3%81%ae%e3%83%9e%e3%83%89/",1,ja,"guideArticle.cairo.madrassa-mausoleum-of-qalawun:guideArticle"
"https://travel2egypt.org/ja/%e3%82%ab%e3%82%a4%e3%83%ad%e6%97%85%e8%a1%8c%e3%82%ac%e3%82%a4%e3%83%89/%e3%83%90%e3%83%ab%e3%82%af%e3%83%bc%e3%82%af%e3%81%ae%e3%83%9e%e3%83%89%e3%83%a9%e3%82%b5%e3%81%a8%e9%9c%8a%e5%bb%9f/",1,ja,"guideArticle.cairo.madrassa-mausoleum-of-qalawun:guideArticle"
"https://travel2egypt.org/ja/%e3%82%ab%e3%82%a4%e3%83%ad%e6%97%85%e8%a1%8c%e3%82%ac%e3%82%a4%e3%83%89/%e3%82%b5%e3%83%bc%e3%83%aa%e3%83%95%e3%83%bb%e3%83%8a%e3%82%b8%e3%83%a5%e3%83%a0%e3%83%bb%e3%82%a8%e3%83%83%e3%83%87%e3%82%a3%e3%83%bc%e3%83%b3%e3%83%bb%e3%82%a2%e3%82%a4%e3%83%a6%e3%83%bc%e3%83%96/",1,ja,"guideArticle.cairo.madrassa-mausoleum-of-qalawun:guideArticle"
"https://travel2egypt.org/ja/%e3%82%ab%e3%82%a4%e3%83%ad%e6%97%85%e8%a1%8c%e3%82%ac%e3%82%a4%e3%83%89/%e3%83%99%e3%82%a4%e3%83%b3%e3%83%bb%e3%82%a2%e3%83%ab%ef%bc%9d%e3%82%ab%e3%82%b9%e3%83%ac%e3%82%a4%e3%83%b3%e9%80%9a%e3%82%8a/",1,ja,"guideArticle.cairo.madrassa-mausoleum-of-qalawun:guideArticle"
"https://travel2egypt.org/ja/%e3%82%ab%e3%82%a4%e3%83%ad%e6%97%85%e8%a1%8c%e3%82%ac%e3%82%a4%e3%83%89/%e3%82%ab%e3%83%a9%e3%83%bc%e3%82%a6%e3%83%bc%e3%83%b3%e3%81%ae%e3%83%9e%e3%83%89%e3%83%a9%e3%82%b5%e3%81%a8%e9%9c%8a%e5%bb%9f/",1,ja,"guideArticle.cairo.madrassa-mausoleum-of-qalawun:guideArticle"
"https://travel2egypt.org/ja/%e3%82%ab%e3%82%a4%e3%83%ad%e6%97%85%e8%a1%8c%e3%82%ac%e3%82%a4%e3%83%89/%e3%82%b7%e3%82%a7%e3%82%a4%e3%83%89%e3%83%8a%e3%83%bb%e3%82%a2%e3%83%ab%ef%bc%9d%e3%83%95%e3%82%bb%e3%82%a4%e3%83%b3%e3%81%ae%e3%83%a2%e3%82%b9%e3%82%af/",1,ja,"guideArticle.cairo.madrassa-mausoleum-of-qalawun:guideArticle"
"https://travel2egypt.org/ja/%e3%82%ab%e3%82%a4%e3%83%ad%e6%97%85%e8%a1%8c%e3%82%ac%e3%82%a4%e3%83%89/%e3%83%9f%e3%83%80%e3%83%b3%e3%83%bb%e3%82%a2%e3%83%ab%ef%bc%9d%e3%83%95%e3%82%bb%e3%82%a4%e3%83%b3%ef%bc%88%e3%82%b7%e3%82%a7%e3%82%a4%e3%83%89%e3%83%8a%e3%83%bb%e3%82%a2%e3%83%ab%ef%bc%9d%e3%83%95/",1,ja,"guideArticle.cairo.madrassa-mausoleum-of-qalawun:guideArticle"
"https://travel2egypt.org/ja/%e3%82%ab%e3%82%a4%e3%83%ad%e6%97%85%e8%a1%8c%e3%82%ac%e3%82%a4%e3%83%89/%e3%82%b3%e3%83%97%e3%83%88%e3%83%bb%e3%82%ab%e3%82%a4%e3%83%ad/",1,ja,"guideArticle.cairo.madrassa-mausoleum-of-qalawun:guideArticle"
"https://travel2egypt.org/ja/%e3%82%ab%e3%82%a4%e3%83%ad%e6%97%85%e8%a1%8c%e3%82%ac%e3%82%a4%e3%83%89/%e3%82%a2%e3%83%a0%e3%83%ab%e3%83%bb%e3%82%a4%e3%83%96%e3%83%b3%e3%83%bb%e3%82%a2%e3%83%ab%e3%83%bb%e3%82%a2%e3%83%bc%e3%82%b9%e3%81%ae%e3%83%a2%e3%82%b9%e3%82%af/",1,ja,"guideArticle.cairo.madrassa-mausoleum-of-qalawun:guideArticle"
"https://travel2egypt.org/ja/%e3%82%ab%e3%82%a4%e3%83%ad%e6%97%85%e8%a1%8c%e3%82%ac%e3%82%a4%e3%83%89/%e3%83%99%e3%83%b3%e3%83%bb%e3%82%a8%e3%82%ba%e3%83%a9%e3%83%bb%e3%82%b7%e3%83%8a%e3%82%b4%e3%83%bc%e3%82%b0/",1,ja,"guideArticle.cairo.madrassa-mausoleum-of-qalawun:guideArticle"
"https://travel2egypt.org/ja/%e3%82%ab%e3%82%a4%e3%83%ad%e6%97%85%e8%a1%8c%e3%82%ac%e3%82%a4%e3%83%89/%e3%83%ad%e3%83%bc%e3%83%9e%e3%81%ae%e5%a1%94/",1,ja,"guideArticle.cairo.madrassa-mausoleum-of-qalawun:guideArticle"
"https://travel2egypt.org/ja/%e3%82%ab%e3%82%a4%e3%83%ad%e6%97%85%e8%a1%8c%e3%82%ac%e3%82%a4%e3%83%89/%e8%81%96%e3%82%bb%e3%83%ab%e3%82%ae%e3%82%a6%e3%82%b9%e3%81%a8%e3%83%90%e3%83%83%e3%82%ab%e3%82%b9%e6%95%99%e4%bc%9a/",1,ja,"guideArticle.cairo.madrassa-mausoleum-of-qalawun:guideArticle"
"https://travel2egypt.org/ja/%e3%82%ab%e3%82%a4%e3%83%ad%e6%97%85%e8%a1%8c%e3%82%ac%e3%82%a4%e3%83%89/%e3%82%b3%e3%83%97%e3%83%88%e5%8d%9a%e7%89%a9%e9%a4%a8/",1,ja,"guideArticle.cairo.madrassa-mausoleum-of-qalawun:guideArticle"
"https://travel2egypt.org/ja/%e3%82%ab%e3%82%a4%e3%83%ad%e6%97%85%e8%a1%8c%e3%82%ac%e3%82%a4%e3%83%89/%e8%81%96%e3%83%90%e3%83%ab%e3%83%90%e3%83%a9%e6%95%99%e4%bc%9a/",1,ja,"guideArticle.cairo.madrassa-mausoleum-of-qalawun:guideArticle"
"https://travel2egypt.org/ja/%e3%83%8f%e3%83%b3%e3%82%ae%e3%83%b3%e3%82%b0%e3%83%bb%e3%83%81%e3%83%a3%e3%83%bc%e3%83%81/",1,ja,"guideArticle.cairo.madrassa-mausoleum-of-qalawun:guideArticle"
"https://travel2egypt.org/ja/%e3%82%ab%e3%82%a4%e3%83%ad%e6%97%85%e8%a1%8c%e3%82%ac%e3%82%a4%e3%83%89/%e8%a6%b3%e5%85%89%e3%83%ab%e3%83%bc%e3%83%88/",1,ja,"guideArticle.cairo.madrassa-mausoleum-of-qalawun:guideArticle"
"https://travel2egypt.org/ja/%e3%82%ab%e3%82%a4%e3%83%ad%e6%97%85%e8%a1%8c%e3%82%ac%e3%82%a4%e3%83%89/%e3%82%ab%e3%82%a4%e3%83%ad%e3%81%ae%e7%be%8e%e9%a3%9f%e6%8e%a2%e8%a8%aa%ef%bc%9a%e3%82%a8%e3%82%b8%e3%83%97%e3%83%88%e9%a6%96%e9%83%bd%e3%81%ae%e5%91%b3%e3%82%8f%e3%81%84/",1,ja,"guideArticle.cairo.madrassa-mausoleum-of-qalawun:guideArticle"
"https://travel2egypt.org/ja/%e3%82%ab%e3%82%a4%e3%83%ad%e6%97%85%e8%a1%8c%e3%82%ac%e3%82%a4%e3%83%89/%e3%82%ab%e3%82%a4%e3%83%ad%e3%81%ae%e7%9c%9f%e5%ae%9f%ef%bc%9a%e5%8d%83%e3%81%ae%e3%83%9f%e3%83%8a%e3%83%ac%e3%83%83%e3%83%88%e3%81%ae%e8%a1%97/",1,ja,"guideArticle.cairo.madrassa-mausoleum-of-qalawun:guideArticle"
"https://travel2egypt.org/ja/%e3%82%ab%e3%82%a4%e3%83%ad%e6%97%85%e8%a1%8c%e3%82%ac%e3%82%a4%e3%83%89/%e3%82%ab%e3%82%a4%e3%83%ad%e3%81%ae%e3%82%a4%e3%83%99%e3%83%b3%e3%83%88%e3%83%9b%e3%83%a9%e3%82%a4%e3%82%ba%e3%83%b3%ef%bc%9a%e6%96%87%e5%8c%96%e7%9a%84%e7%a5%ad%e3%82%8a%e3%81%ae%e6%97%85%e8%a1%8c/",1,ja,"guideArticle.cairo.madrassa-mausoleum-of-qalawun:guideArticle"
"https://travel2egypt.org/nuweiba-travel-guide/culinary-scene/",1,en,"wp-post-257609-en:article"
"https://travel2egypt.org/es/historia-de-abu-simple/",1,es,"guideArticle.luxor.the-mortuary-temple-of-queen-hatshepsut:guideArticle"
"https://travel2egypt.org/es/clima-en-abu-simble/",1,es,"guideArticle.luxor.the-mortuary-temple-of-queen-hatshepsut:guideArticle"
"https://travel2egypt.org/es/mejores-hoteles-en-abu-simbel/",1,es,"guideArticle.luxor.the-mortuary-temple-of-queen-hatshepsut:guideArticle"
"https://travel2egypt.org/es/como-moverse-en-abu-simbel/",1,es,"guideArticle.luxor.the-mortuary-temple-of-queen-hatshepsut:guideArticle"
"https://travel2egypt.org/es/cosas-que-hacer-en-abu-simbel/",1,es,"guideArticle.luxor.the-mortuary-temple-of-queen-hatshepsut:guideArticle"
"https://travel2egypt.org/es/el-gran-templo-de-abu-simble/",1,es,"guideArticle.luxor.the-mortuary-temple-of-queen-hatshepsut:guideArticle"
"https://travel2egypt.org/es/el-pequeno-templo-de-abu-simbel/",1,es,"guideArticle.luxor.the-mortuary-temple-of-queen-hatshepsut:guideArticle"
"https://travel2egypt.org/es/mejores-tours-en-abu-simbel/",1,es,"guideArticle.luxor.the-mortuary-temple-of-queen-hatshepsut:guideArticle"
"https://travel2egypt.org/es/sabores-locales/flavors-local-2/",1,es,"guideArticle.luxor.the-mortuary-temple-of-queen-hatshepsut:guideArticle"
"https://travel2egypt.org/es/solo-abu-simbel/",1,es,"guideArticle.luxor.the-mortuary-temple-of-queen-hatshepsut:guideArticle"
"https://travel2egypt.org/ja/アブシンベルの歴史について/",1,ja,"guideArticle.luxor.the-mortuary-temple-of-queen-hatshepsut:guideArticle"
"https://travel2egypt.org/ja/%e3%82%a2%e3%83%96%e3%83%bb%e3%82%b7%e3%83%b3%e3%83%99%e3%83%ab%e3%81%ae%e5%a4%a9%e6%b0%97%e4%ba%88%e5%a0%b1/",1,ja,"guideArticle.luxor.the-mortuary-temple-of-queen-hatshepsut:guideArticle"
"https://travel2egypt.org/ja/%e3%82%a2%e3%83%96%e3%83%bb%e3%82%b7%e3%83%b3%e3%83%99%e3%83%ab%e3%81%b8%e3%81%ae%e4%ba%a4%e9%80%9a%e6%89%8b%e6%ae%b5/",1,ja,"guideArticle.luxor.the-mortuary-temple-of-queen-hatshepsut:guideArticle"
"https://travel2egypt.org/ja/アブ・シンベルの宿泊オプション/",1,ja,"guideArticle.luxor.the-mortuary-temple-of-queen-hatshepsut:guideArticle"
"https://travel2egypt.org/ja/アブ・シンベルの移動ガイド/",1,ja,"guideArticle.luxor.the-mortuary-temple-of-queen-hatshepsut:guideArticle"
"https://travel2egypt.org/ja/%e3%82%a2%e3%83%96%e3%83%bb%e3%82%b7%e3%83%b3%e3%83%99%e3%83%ab%e6%97%85%e8%a1%8c%e3%82%ac%e3%82%a4%e3%83%89/%e8%a8%aa%e5%95%8f%e8%80%85%e3%82%ac%e3%82%a4%e3%83%89/",1,ja,"guideArticle.luxor.the-mortuary-temple-of-queen-hatshepsut:guideArticle"
"https://travel2egypt.org/ja/%e3%82%a2%e3%83%96%e3%83%bb%e3%82%b7%e3%83%b3%e3%83%99%e3%83%ab%e6%97%85%e8%a1%8c%e3%82%ac%e3%82%a4%e3%83%89/%e3%82%a2%e3%83%96%e3%83%bb%e3%82%b7%e3%83%b3%e3%83%99%e3%83%ab%e3%81%ae%e5%b0%8f%e7%a5%9e%e6%ae%bf/",1,ja,"guideArticle.luxor.the-mortuary-temple-of-queen-hatshepsut:guideArticle"
"https://travel2egypt.org/ja/%e3%82%a2%e3%83%96%e3%83%bb%e3%82%b7%e3%83%b3%e3%83%99%e3%83%ab%e6%97%85%e8%a1%8c%e3%82%ac%e3%82%a4%e3%83%89/%e3%82%ab%e3%82%b9%e3%83%ab%e3%83%bb%e3%82%a4%e3%83%96%e3%83%aa%e3%83%a0/",1,ja,"guideArticle.luxor.the-mortuary-temple-of-queen-hatshepsut:guideArticle"
"https://travel2egypt.org/ja/%e3%82%a2%e3%83%96%e3%83%bb%e3%82%b7%e3%83%b3%e3%83%99%e3%83%ab%e6%97%85%e8%a1%8c%e3%82%ac%e3%82%a4%e3%83%89/%e3%82%a2%e3%83%9e%e3%83%80%e7%a5%9e%e6%ae%bf/",1,ja,"guideArticle.luxor.the-mortuary-temple-of-queen-hatshepsut:guideArticle"
"https://travel2egypt.org/ja/%e3%82%a2%e3%83%96%e3%83%bb%e3%82%b7%e3%83%b3%e3%83%99%e3%83%ab%e6%97%85%e8%a1%8c%e3%82%ac%e3%82%a4%e3%83%89/%e3%83%87%e3%83%bc%e3%83%ab%e7%a5%9e%e6%ae%bf/",1,ja,"guideArticle.luxor.the-mortuary-temple-of-queen-hatshepsut:guideArticle"
"https://travel2egypt.org/ja/%e3%82%a2%e3%83%96%e3%83%bb%e3%82%b7%e3%83%b3%e3%83%99%e3%83%ab%e6%97%85%e8%a1%8c%e3%82%ac%e3%82%a4%e3%83%89/%e5%86%92%e9%99%ba%e3%82%92%e6%8e%a2%e8%a8%aa%e3%81%99%e3%82%8b/",1,ja,"guideArticle.luxor.the-mortuary-temple-of-queen-hatshepsut:guideArticle"
"https://travel2egypt.org/ja/%e3%82%a2%e3%83%96%e3%83%bb%e3%82%b7%e3%83%b3%e3%83%99%e3%83%ab%e6%97%85%e8%a1%8c%e3%82%ac%e3%82%a4%e3%83%89/%e5%9c%b0%e5%85%83%e3%81%ae%e5%91%b3%e8%a6%9a/",1,ja,"guideArticle.luxor.the-mortuary-temple-of-queen-hatshepsut:guideArticle"
"https://travel2egypt.org/ja/%e3%82%a2%e3%83%96%e3%83%bb%e3%82%b7%e3%83%b3%e3%83%99%e3%83%ab%e6%97%85%e8%a1%8c%e3%82%ac%e3%82%a4%e3%83%89/%e3%82%a2%e3%83%96%e3%83%bb%e3%82%b7%e3%83%b3%e3%83%99%e3%83%ab%ef%bc%9a%e3%83%a6%e3%83%8b%e3%83%bc%e3%82%af%e3%81%aa%e7%99%ba%e8%a6%8b%e3%81%a8%e9%9a%a0%e3%82%8c%e3%81%9f%e5%ae%9d%e7%9f%b3/",1,ja,"guideArticle.luxor.the-mortuary-temple-of-queen-hatshepsut:guideArticle"
"https://travel2egypt.org/ja/%e3%82%a2%e3%83%96%e3%83%bb%e3%82%b7%e3%83%b3%e3%83%99%e3%83%ab%e6%97%85%e8%a1%8c%e3%82%ac%e3%82%a4%e3%83%89/%e5%a4%aa%e9%99%bd%e3%81%ae%e7%a5%ad%e3%82%8a/",1,ja,"guideArticle.luxor.the-mortuary-temple-of-queen-hatshepsut:guideArticle"
"https://travel2egypt.org/es/templo-de-khnum/temple-of-khnum-2/",1,es,"guideArticle.kom-ombo.khnum-temple:guideArticle"
"https://travel2egypt.org/ja/歴史のエスナ/",1,ja,"guideArticle.kom-ombo.khnum-temple:guideArticle"
"https://travel2egypt.org/ja/エスナの天候情報/",1,ja,"guideArticle.kom-ombo.khnum-temple:guideArticle"
"https://travel2egypt.org/ja/エスナへどうやって行く/",1,ja,"guideArticle.kom-ombo.khnum-temple:guideArticle"
"https://travel2egypt.org/ja/エスナの宿泊先/",1,ja,"guideArticle.kom-ombo.khnum-temple:guideArticle"
"https://travel2egypt.org/ja/エスナでの移動/",1,ja,"guideArticle.kom-ombo.khnum-temple:guideArticle"
"https://travel2egypt.org/ja/訪問アイデア/",1,ja,"guideArticle.kom-ombo.khnum-temple:guideArticle"
"https://travel2egypt.org/ja/エスナ発のツアー/",1,ja,"guideArticle.kom-ombo.khnum-temple:guideArticle"
"https://travel2egypt.org/ja/食事/",1,ja,"guideArticle.kom-ombo.khnum-temple:guideArticle"
"https://travel2egypt.org/es/guia-de-viaje-de-alejandria/catacumbas-de-kom-el-shuqafa/",1,es,"wp-page-87976:tour"
"https://travel2egypt.org/es/guia-de-viaje-de-alejandria/pilar-de-pompeyo/",1,es,"wp-page-87976:tour"
"https://travel2egypt.org/es/guia-de-viaje-de-alejandria/mezquita-al-mursi-abu-al-abbas/",1,es,"wp-page-87976:tour"
"https://travel2egypt.org/es/guia-de-viaje-de-alejandria/fuerte-de-qaitbey/",1,es,"wp-page-87976:tour"
"https://travel2egypt.org/es/guia-de-viaje-de-alejandria/alojamientos-diversos/",1,es,"wp-page-87976:tour"
"https://travel2egypt.org/alexandria-travel-guide/the-roman-amphitheater/",1,en,"wp-page-87976:tour"
"https://travel2egypt.org/es/guia-de-viaje-de-alejandria/el-museo-nacional/",1,es,"wp-page-87976:tour"
"https://travel2egypt.org/es/excursion-de-un-dia-en-avion-de-luxor-a-el-cairo/",1,es,"wp-page-89602:tour"
"https://travel2egypt.org/es/guia-de-viaje-de-guiza/el-museo-del-barco-solar/",1,es,"wp-page-89602:tour"
"https://travel2egypt.org/es/oasis-de-fayoum-con-las-piramides-de-meydum-y-hawara/",1,es,"wp-page-89602:tour"
"https://travel2egypt.org/es/abu-simble-en-avion-desde-asuan/",1,es,"wp-page-89602:tour"
"https://travel2egypt.org/es/aventura-en-felucca-por-asuan-con-almuerzo-junto-al-nilo/",1,es,"wp-page-89602:tour"
"https://travel2egypt.org/es/guia-de-viaje-de-el-cairo/sinagoga-ben-ezra/",1,es,"wp-page-89602:tour"
"https://travel2egypt.org/al-fayoum-travel-guide/approach-roads/",1,en,"wp-page-59212:guideArticle"
"https://travel2egypt.org/beni-suef-travel-guide/travel-accessing/",1,en,"wp-page-59212:guideArticle"
"https://travel2egypt.org/hurghada-travel-guide/traveling-sand-sea/",1,en,"wp-page-59212:guideArticle"
"https://travel2egypt.org/kom-ombo-travel-guide/path-to-kom-ombo/",1,en,"wp-page-59212:guideArticle"
"http://travel2egypt.org/es/guia-de-viaje-de-abu-simble/",1,es,"wp-page-59212:guideArticle"
"https://travel2egypt.org/es/consejos-para-viajar-a-egipto/",1,es,"wp-page-59212:guideArticle"
"https://travel2egypt.org/es/vacaciones-en-egipto-crucero-por-el-nilo-de-11-dias-de-luxor-a-el-cairo-desde-espana/",1,es,"wp-page-88412:tour"
"https://travel2egypt.org/es/los-secretos-de-asuan-excursion-de-un-dia-al-museo-nubio-y-al-mercado-local/",1,es,"wp-page-88412:tour"
"https://travel2egypt.org/es/inmersiones-culturales/",1,es,"wp-page-88412:tour"
"https://travel2egypt.org/my-account/",1,en,"wp-page-87761:tour"
"https://travel2egypt.org/farafra-oasis-travel-guide/the-road-to-dakhla/",1,en,"wp-page-87761:tour"
"https://travel2egypt.org/siwa-oasis-travel-guide/unveiled-mysteries/",1,en,"wp-page-56930:guideArticle"
"http://travel2egypt.org/es/vacaciones-de-lujo-en-egipto/",1,es,"wp-page-87273:tour"
"https://travel2egypt.org/es/arenas-de-la-historia-descubrimiento-del-grupo-de-templos-de-dendera-y-abydos-desde-hurghada/",1,es,"wp-page-87273:tour"
"https://travel2egypt.org/ja/%e3%82%a8%e3%82%b8%e3%83%97%e3%83%88%e3%83%bb%e3%83%a9%e3%82%b0%e3%82%b8%e3%83%a5%e3%82%a2%e3%83%aa%e3%83%bc%e3%83%9b%e3%83%aa%e3%83%87%e3%83%bc/",1,ja,"wp-page-87273:tour"
"https://travel2egypt.org/cairo-travel-guide/the-egyptian-museum/",1,en,"wp-page-87729:tour"
"https://travel2egypt.org/es/la-iglesia-colgante/",1,es,"wp-page-87729:tour"
"https://travel2egypt.org/es/guia-de-viaje-de-el-cairo/iglesia-de-san-sergio-y-baco/",1,es,"wp-page-87729:tour"
"https://travel2egypt.org/es/viajar-con-discapacidad/",1,es,"wp-page-87729:tour"
"https://travel2egypt.org/aswan-travel-guide/aswan-isis-temple-pompeii/",1,en,"wp-page-78361:guideArticle"
"https://travel2egypt.org/es/guia-de-viaje-de-taba/aventuras-mas-alla/",1,es,"wp-page-78361:guideArticle"
"https://travel2egypt.org/marsa-alam-travel-guide/hamata-islands-qulaan-archipelago/",1,en,"wp-page-78400:guideArticle"
"https://travel2egypt.org/ras-sudr-travel-guide/exploration-ideas/",1,en,"wp-page-78400:guideArticle"
"https://travel2egypt.org/kharga-oasis-travel-guide/safaris/",1,en,"wp-page-78400:guideArticle"
"https://travel2egypt.org/luxor-travel-guide/eternal-sunshine/",1,en,"wp-page-78400:guideArticle"
"https://travel2egypt.org/private-day-tours/",1,en,"wp-page-78400:guideArticle"
"https://travel2egypt.org/es/guia-de-viaje-de-marsa-alam/puerto-deportivo-de-port-ghalib/",1,es,"wp-page-78400:guideArticle"
"https://travel2egypt.org/es/de-safaga-a-luxor-exploracion-de-un-dia-de-la-ciudad-antigua/",1,es,"wp-page-87760:tour"
"https://travel2egypt.org/es/negociacion-en-egipto/",1,es,"wp-page-87760:tour"
"https://travel2egypt.org/sohag-travel-guide/ancient-civilizations/",1,en,"wp-page-88093:tour"
"https://travel2egypt.org/safaga-travel-guide/exploring-wonders/",1,en,"wp-page-88093:tour"
"https://travel2egypt.org/ja/%E3%82%A8%E3%82%B8%E3%83%97%E3%83%88%E3%83%BB%E3%82%AA%E3%83%B3%E3%83%BB%E3%82%B6%E3%83%BB%E3%82%B4%E3%83%BC/",1,ja,"wp-page-88093:tour"
"https://travel2egypt.org/ja/%e3%82%b0%e3%83%a9%e3%83%b3%e3%83%89%e3%83%bb%e3%82%a4%e3%82%b9%e3%83%a9%e3%83%a0%e3%83%bb%e3%83%87%e3%82%a4%e3%83%84%e3%82%a2%e3%83%bc/",1,ja,"wp-page-88093:tour"
"http://travel2egypt.org/abu-simble-travel-guide/great-temple-of-abu-simble/",1,en,"wp-page-57848:guideArticle"
"http://travel2egypt.org/es/abu-simble-travel-guide/el-gran-templo-de-abu-simble/?_gl=1*1g54juo*_ga*NDY0OTc5MDAxLjE3MjQxNDMxMDc.*_ga_21W25DZ53V*MTcyNDc3MjUyMy40LjEuMTcyNDc4MzYyMS4wLjAuMA..",1,es,"wp-page-57848:guideArticle"
"http://travel2egypt.org/es/abu-simble-travel-guide/el-pequeno-templo-de-abu-simbel/?_gl=1*veclco*_ga*NDY0OTc5MDAxLjE3MjQxNDMxMDc.*_ga_21W25DZ53V*MTcyNDc3MjUyMy40LjEuMTcyNDc4MzYyMi4wLjAuMA..",1,es,"wp-page-57848:guideArticle"
"https://travel2egypt.org/es/guia-de-viaje-de-taba/lista-de-cosas-que-hacer-antes-de-morir/",1,es,"wp-page-58642:guideArticle"
"https://travel2egypt.org/es/los-secretos-de-minya-excursion-de-2-dias-a-minya-desde-el-cairo/",1,es,"wp-page-58642:guideArticle"
"https://travel2egypt.org/grand-nile-tower-hotel-cairo/",1,en,"wp-page-59393:guideArticle"
"https://travel2egypt.org/es/grand-nile-tower-hotel-el-cairo/",1,es,"wp-page-59393:guideArticle"
"http://travel2egypt.org/tours/private-tour-dendera-and-abydos-by-bus/",1,en,"wp-page-59571:guideArticle"
"https://travel2egypt.org/qena-travel-guide/the-pure-place/",1,en,"wp-page-59571:guideArticle"
"https://travel2egypt.org/cairo-travel-guide/northern-enclosure/",1,en,"wp-page-59571:guideArticle"
"https://travel2egypt.org/es/guia-de-viaje-de-al-wadi-al-gadid/reliquias-del-reinado-de-los-faraones/",1,es,"wp-page-59571:guideArticle"
"https://travel2egypt.org/es/guia-de-viaje-de-qena/el-lugar-puro/",1,es,"wp-page-59571:guideArticle"
"https://travel2egypt.org/es/guia-de-viaje-de-el-cairo/muros-y-puertas-del-norte/",1,es,"wp-page-59571:guideArticle"
"http://travel2egypt.org/tours/red-sea/dolphin-full-day-snorkeling-tour/",1,en,"wp-page-59704:guideArticle"
"http://travel2egypt.org/tours/dendara-and-abydos/private-tour-temple-of-dendera-temple-of-abydos-by-bus-from-hurghada/",1,en,"wp-page-59704:guideArticle"
"http://travel2egypt.org/shared-seas-full-day-snorkeling-tour/",1,en,"wp-page-59704:guideArticle"
"http://travel2egypt.org/es/33-cosas-increibles-que-hacer-en-hurghada/",1,es,"wp-page-59704:guideArticle"
"https://travel2egypt.org/es/cruceros-dahabiya-por-el-nilo-por-que-elegir-los-viajes-impulsados-por-el-viento/",1,es,"wp-page-88170:tour"
"https://travel2egypt.org/es/guia-de-viaje-de-luxor/deir-el-madina/",1,es,"wp-page-88170:tour"
"http://travel2egypt.org/cairo-travel-guide/the-egyptian-museum/",1,en,"wp-page-88565:tour"
"https://travel2egypt.org/es/guia-de-viaje-de-el-cairo/mezquita-de-mohammed-ali/",1,es,"wp-page-88565:tour"
"https://travel2egypt.org/es/escapada-a-el-cairo/",1,es,"wp-page-88565:tour"
"http://travel2egypt.org/es/egipto-y-el-mar-rojo/",1,es,"wp-post-144544-es:article"
"http://travel2egypt.org/es/crucero-integral-de-13-dias-por-el-nilo-de-el-cairo-a-luxor/",1,es,"wp-post-144544-es:article"
"https://travel2egypt.org/es/iconos/",1,es,"wp-post-144544-es:article"
"https://travel2egypt.org/es/guia-de-viaje-de-el-cairo/bazar-khan-al-khalili/",1,es,"wp-post-144544-es:article"
"https://travel2egypt.org/aswan-travel-guide/travel-embarking/",1,en,"wp-page-58802:guideArticle"
"https://travel2egypt.org/al-minya-travel-guide/travel-guide-efficient-travel/",1,en,"wp-page-68016:guideArticle"
"https://travel2egypt.org/es/guia-de-viaje-de-luxor/viaje-a-luxor/",1,es,"wp-page-68016:guideArticle"
"https://travel2egypt.org/menya-day-tour/",1,en,"wp-page-87830:tour"
"https://travel2egypt.org/es/guia-de-viaje-de-al-minya/beni-hassan/",1,es,"wp-page-87830:tour"
"https://travel2egypt.org/es/guia-de-viaje-de-al-minya/tal-el-amarna/",1,es,"wp-page-87830:tour"
"https://travel2egypt.org/es/guia-de-viaje-de-santa-catalina/consejos-para-visitar/",1,es,"wp-page-87830:tour"
"https://travel2egypt.org/cairo-travel-guide/wikala-of-al-ghouri/",1,en,"wp-page-87835:tour"
"https://travel2egypt.org/esna-travel-guide/weather/",1,en,"wp-page-87835:tour"
"https://travel2egypt.org/wadi-al-natron-travel-guide/spiritual-retreats/",1,en,"wp-page-87835:tour"
"https://travel2egypt.org/ja/%e3%82%a8%e3%82%b8%e3%83%97%e3%83%88%e3%81%a8%e7%b4%85%e6%b5%b7/",1,ja,"wp-page-88609:tour"
"https://travel2egypt.org/es/guia-de-viaje-de-alejandria/actividades/",1,es,"wp-page-58798:guideArticle"
"https://travel2egypt.org/es/guia-de-viaje-de-al-gouna/playa-de-zeytouna/",1,es,"wp-page-58798:guideArticle"
"http://travel2egypt.org/es/guia-de-viaje-de-asuan/templo-de-isis-de-asuan-pompeya/",1,es,"wp-page-59210:guideArticle"
"https://travel2egypt.org/al-minya-travel-guide/comfort-local-stays/",1,en,"wp-page-59259:guideArticle"
"https://travel2egypt.org/al-gouna-travel-guide/getting-around/",1,en,"wp-page-59259:guideArticle"
"https://travel2egypt.org/es/coche-privado-y-guia-personal-por-un-dia/",1,es,"wp-page-59259:guideArticle"
"https://travel2egypt.org/es/top-de-alojamientos-en-al-minya/",1,es,"wp-page-59259:guideArticle"
"https://travel2egypt.org/dakhla-oasis-travel-guide/past-narratives/",1,en,"wp-page-59585:guideArticle"
"https://travel2egypt.org/es/guia-de-viaje-de-edfu/expediciones/",1,es,"wp-page-59585:guideArticle"
"https://travel2egypt.org/es/guia-de-viaje-de-akhmim/planificacion-del-viaje/",1,es,"wp-page-59585:guideArticle"
"https://travel2egypt.org/es/7-dias-en-egipto-piramides-templos-y-maravillas-eternas/",1,es,"wp-page-59585:guideArticle"
"https://travel2egypt.org/es/guia-de-viaje-de-guiza/espectaculo-de-luz-y-sonido-de-giza/",1,es,"wp-page-88604:tour"
"https://travel2egypt.org/aswan-travel-guide/activities-treasure/",1,en,"wp-page-58693:guideArticle"
"http://travel2egypt.org/es/el-elegante-recorrido-por-el-cairo/",1,es,"wp-page-58693:guideArticle"
"https://travel2egypt.org/al-wadi-al-gadid-travel-guide/travel-planner/",1,en,"wp-page-58736:guideArticle"
"https://travel2egypt.org/giza-travel-guide/tours/",1,en,"wp-page-58736:guideArticle"
"https://travel2egypt.org/es/guia-de-viaje-del-oasis-de-dajla/",1,es,"wp-page-58736:guideArticle"
"https://travel2egypt.org/es/guia-de-viaje-de-wadi-al-natron/los-tesoros-ocultos-de-wadi-al-natron-explorando-mas-alla-de-los-monasterios/",1,es,"wp-page-59376:guideArticle"
"https://travel2egypt.org/es/nilo-elegance-crucero-de-ida-y-vuelta-de-11-dias-por-el-cairo-y-el-nilo/",1,es,"wp-page-59376:guideArticle"
"https://travel2egypt.org/es/guia-de-safaga/explorando-maravillas/",1,es,"wp-page-59644:guideArticle"
"https://travel2egypt.org/es/guia-de-viaje-de-ismailia/mejor-momento-para-visitar/",1,es,"wp-page-60654:guideArticle"
"https://travel2egypt.org/wadi-al-natron-travel-guide/exploration-guide/",1,en,"wp-page-58576:guideArticle"
"https://travel2egypt.org/es/guia-de-viaje-de-al-arish/mas-alla-de-lo-ordinario-en-al-arish-aventuras-unicas/",1,es,"wp-page-58576:guideArticle"
"http://travel2egypt.org/es/guia-de-viaje-de-qena/descubre-qena/",1,es,"wp-page-58640:guideArticle"
"https://travel2egypt.org/category/lifestyle/",1,en,"wp-page-59478:guideArticle"
"https://travel2egypt.org/es/guia-de-viaje-del-oasis-de-farafra/el-desierto-blanco/",1,es,"wp-page-59478:guideArticle"
"https://travel2egypt.org/abu-simble-travel-guide/the-great-temple-of-abu-simble/",1,en,"wp-page-59603:guideArticle"
"https://travel2egypt.org/es/guia-de-safaga/lo-esencial-para-viajar/",1,es,"wp-page-59603:guideArticle"
"https://travel2egypt.org/alexandria-travel-guide/travel-journey/",1,en,"wp-page-78399:guideArticle"
"https://travel2egypt.org/es/safari-de-5-dias-por-las-cuevas-de-obeiyed/",1,es,"wp-page-78399:guideArticle"
"https://travel2egypt.org/es/guia-de-viaje-de-al-arish/la-antigua-ciudad-de-pelusium/",1,es,"wp-page-88483:tour"
"https://travel2egypt.org/es/vida-nubia-excursion-privada-por-la-aldea-nubia-y-el-nilo-en-barco-a-motor/",1,es,"wp-page-88483:tour"
"https://travel2egypt.org/es/grandes-faraones-y-el-desierto-blanco/",1,es,"wp-page-88555:tour"
"http://travel2egypt.org/al-minya/tal-el-amarna/",1,en,"wp-page-58655:guideArticle"
"http://travel2egypt.org/es/guia-de-viaje-de-al-minya/tal-el-amarna/",1,es,"wp-page-58655:guideArticle"
"https://travel2egypt.org/es/guia-de-viaje-de-kom-ombo/los-speos-de-horemheb/",1,es,"wp-page-58655:guideArticle"
"https://travel2egypt.org/abu-simble-travel-guide/weather-insights/",1,en,"wp-page-59229:guideArticle"
"https://travel2egypt.org/bahariya-oasis-travel-guide/the-crystal-mountain/",1,en,"wp-page-59283:guideArticle"
"https://travel2egypt.org/es/guia-de-viaje-del-oasis-de-bahariya/la-montana-de-cristal/",1,es,"wp-page-59283:guideArticle"
"https://travel2egypt.org/es/salida-elegante-traslado-al-aeropuerto-internacional-de-el-cairo/",1,es,"wp-page-59287:guideArticle"
"https://travel2egypt.org/es/guia-de-viaje-del-oasis-de-bahariya/viaje-al-oasis-de-bahariya/",1,es,"wp-page-59287:guideArticle"
"http://travel2egypt.org/tours/private-tour-2-day-trip-to-alexandria/",1,en,"wp-page-59390:guideArticle"
"http://travel2egypt.org/es/patrimonio-mediterraneo-excursion-privada-de-2-dias-a-alejandria-desde-el-cairo/",1,es,"wp-page-59390:guideArticle"
"https://travel2egypt.org/es/guia-de-viaje-de-hurghada/islas-giftun/",1,es,"wp-page-59702:guideArticle"
"https://travel2egypt.org/es/guia-de-viaje-de-abu-simble/informacion-meteorologica/",1,es,"wp-page-59702:guideArticle"
"https://travel2egypt.org/sharm-el-sheikh-travel-guide/transit-options/",1,en,"wp-page-59733:guideArticle"
"https://travel2egypt.org/bahariya-oasis-travel-guide/experiences-unlocked/",1,en,"wp-page-59733:guideArticle"
"https://travel2egypt.org/es/como-moverse-en-sharm-el-sheij/",1,es,"wp-page-59733:guideArticle"
"http://travel2egypt.org/luxor-group-day-tour-adventure-from-hurghada/",1,en,"wp-page-60653:guideArticle"
"https://travel2egypt.org/qena-travel-guide/journeying-across/",1,en,"wp-page-78448:guideArticle"
"https://travel2egypt.org/dahab-travel-guide/dahab-exclusives/",1,en,"wp-page-83360:guideArticle"
"https://travel2egypt.org/dahab-travel-guide/tours/",1,en,"wp-page-83360:guideArticle"
"https://travel2egypt.org/sharm-el-sheikh-travel-guide/tours/",1,en,"wp-page-145987:guideArticle"
"https://travel2egypt.org/marsa-matruh-travel-guide/places/",1,en,"wp-page-145987:guideArticle"
"https://travel2egypt.org/al-arish-travel-guide/the-ancient-city-of-pelusium/",1,en,"wp-page-59260:guideArticle"
"https://travel2egypt.org/es/guia-de-viaje-de-asyut/llamada-a-actividades/",1,es,"wp-page-59260:guideArticle"
"https://travel2egypt.org/al-tabuna-camp-el-dakhla-oasis/",1,en,"wp-page-59493:guideArticle"
"https://travel2egypt.org/egypt-travel-guide/",1,en,"wp-page-60624:guideArticle"
"https://travel2egypt.org/es/guia-de-viaje-de-marsa-alam/parque-nacional-de-wadi-el-gamal/",1,es,"wp-page-156014:tour"
"https://travel2egypt.org/es/paquetes-de-viaje-para-grupos-pequenos/",1,es,"wp-page-88558:tour"
"https://travel2egypt.org/es/guia-de-viajes-de-sharm-el-sheij/parque-nacional-de-nabq/",1,es,"wp-page-88558:tour"
"https://travel2egypt.org/es/grupo-de-danza-de-los-delfines-excursion-de-snorkel-de-un-dia-en-mares-compartidos/",1,es,"wp-page-88558:tour"
"https://travel2egypt.org/es/guia-de-viaje-de-esna/",1,es,"wp-page-88597:tour"
"https://travel2egypt.org/es/espectaculo-de-luz-y-sonido-en-el-templo-de-philae-de-asuan/",1,es,"wp-page-88597:tour"
"https://travel2egypt.org/es/10-dias-por-egipto-y-el-nilo/",1,es,"wp-page-88599:tour"
"https://travel2egypt.org/month-by-month-guide-to-egypt/",1,en,"wp-page-59262:guideArticle"
"https://travel2egypt.org/al-fayoum-travel-guide/rich-past/",1,en,"wp-page-59588:guideArticle"
"https://travel2egypt.org/edfu-travel-guide/food/",1,en,"wp-page-59588:guideArticle"
"https://travel2egypt.org/es/guia-de-viaje-de-esna/alimentacion-2/",1,es,"wp-page-59588:guideArticle"
"https://travel2egypt.org/akhmim-travel-guide/unveiled-experiences/",1,en,"wp-page-59610:guideArticle"
"http://travel2egypt.org/es/guia-de-viaje-de-esna/detalles-del-legado/",1,es,"wp-page-59610:guideArticle"
"https://travel2egypt.org/hurghada-travel-guide/journeys/",1,en,"wp-page-59655:guideArticle"
"http://travel2egypt.org//giza/saqqara-sakkara/",1,en,"wp-page-60061:guideArticle"
"https://travel2egypt.org/es/guia-de-viaje-de-ras-sudr/los-vientos-se-encuentran-con-las-olas/",1,es,"wp-page-60061:guideArticle"
"http://travel2egypt.org/es/guia-de-viaje-de-guiza/saqqara-sakkara/",1,es,"wp-page-60061:guideArticle"
"https://travel2egypt.org/kom-ombo-travel-guide/getting-around/",1,en,"wp-page-60123:guideArticle"
"https://travel2egypt.org/abu-simble-travel-guide/",1,en,"wp-page-60133:guideArticle"
"https://travel2egypt.org/abu-simble-temples-day-tour/",1,en,"wp-page-60133:guideArticle"
"https://travel2egypt.org/es/observacion-de-aves-en-asuan/",1,es,"wp-page-60388:guideArticle"
"https://travel2egypt.org/es/excursion-nadando-con-delfines/",1,es,"wp-page-60436:guideArticle"
"https://travel2egypt.org/akhmim-travel-guide/getting-around/",1,en,"wp-page-60439:guideArticle"
"http://travel2egypt.org/es/excursion-al-antiguo-egipto-y-el-mar-rojo/",1,es,"wp-page-60442:guideArticle"
"https://travel2egypt.org/baris-travel-guide/accommodations-havens/fayrouz-resort-sharm-el-sheikh/",1,en,"wp-page-60485:guideArticle"
"https://travel2egypt.org/es/unicamente-en-sharm-el-sheij/",1,es,"wp-page-60485:guideArticle"
"http://travel2egypt.org/es/consejos-para-viajar-a-egipto/",1,es,"wp-page-60487:guideArticle"
"https://travel2egypt.org/es/guia-de-viaje-de-santa-catalina/explorando-mas-alla/",1,es,"wp-page-60537:guideArticle"
"https://travel2egypt.org/taba-travel-guide/expedition-guides/",1,en,"wp-page-60558:guideArticle"
"http://travel2egypt.org/es/guia-de-viaje-de-taba/alturas-de-tabaalturas-de-tabaalturas-de-taba/",1,es,"wp-page-60583:guideArticle"
"https://travel2egypt.org/9-day-prestigious-egypt-vacation-from-turkey/",1,en,"wp-page-60649:guideArticle"
"https://travel2egypt.org/es/puerta-al-pasado-traslado-al-aeropuerto-de-luxor-2/",1,es,"wp-page-60649:guideArticle"
"https://travel2egypt.org/es/guia-de-viaje-de-rosetta-rasheed/lugares/",1,es,"wp-page-60649:guideArticle"
"https://travel2egypt.org/giza-travel-guide/tomb-of-general-horemheb/",1,en,"wp-page-113193:tour"
"http://travel2egypt.org/luxor-travel-guide/the-valley-of-the-kings/",1,en,"wp-page-115614:tour"
"https://travel2egypt.org/desert-quad-bike-safari-to-bedouin-village/",1,en,"wp-page-87637:tour"
"https://travel2egypt.org/es/guia-de-viajes-de-marsa-matruh/",1,es,"wp-page-88174:tour"
"http://travel2egypt.org/es/viajes-rapidos-en-egipto/",1,es,"wp-page-88177:tour"
"https://travel2egypt.org/es/guia-de-viaje-de-edfu/templo-de-edfu/",1,es,"wp-page-88179:tour"
"https://travel2egypt.org/es/gran-egipto/",1,es,"wp-page-88556:tour"
"https://travel2egypt.org/es/guia-de-viaje-de-hurghada/mantente-con-estilo/",1,es,"wp-page-155767:guideArticle"
"https://travel2egypt.org/kharga-oasis-travel-guide/navigating-through/",1,en,"wp-page-58752:guideArticle"
"https://travel2egypt.org/fayoum-oasis-and-beni-suif-pyramids-tour/",1,en,"wp-page-59348:guideArticle"
"https://travel2egypt.org/es/guia-de-viaje-de-port-said/viaje-comedor/",1,es,"wp-page-59422:guideArticle"
"https://travel2egypt.org/es/guia-de-viaje-de-rosetta-rasheed/descubrimientos/",1,es,"wp-page-59422:guideArticle"
"http://travel2egypt.org/es/visita-de-un-dia-a-la-ciudad-de-asuan/",1,es,"wp-page-59616:guideArticle"
"https://travel2egypt.org/kharga-oasis-travel-guide/events/",1,en,"wp-page-60118:guideArticle"
"https://travel2egypt.org/es/guia-de-viajes-de-sharm-el-sheij/alimentacion/",1,es,"wp-page-60118:guideArticle"
"https://travel2egypt.org/category/luxury-stay/",1,en,"wp-page-60122:guideArticle"
"https://travel2egypt.org/abu-simble-travel-guide/flavors-local/",1,en,"wp-page-60130:guideArticle"
"https://travel2egypt.org/es/guia-mensual-de-egipto/",1,es,"wp-page-60130:guideArticle"
"https://travel2egypt.org/es/guia-de-viaje-de-luxor/expedicion/",1,es,"wp-page-60231:guideArticle"
"https://travel2egypt.org/es/puerta-al-pasado-traslado-al-aeropuerto-de-luxor/",1,es,"wp-page-60481:guideArticle"
"https://travel2egypt.org/sharm-el-sheikh-travel-guide/naama-bay/",1,en,"wp-page-60489:guideArticle"
"https://travel2egypt.org/es/guia-de-viajes-de-sharm-el-sheij/parque-nacional-de-ras-mohamed/",1,es,"wp-page-60489:guideArticle"
"https://travel2egypt.org/es/guia-de-viaje-de-el-cairo/el-cairo-al-descubierto-en-la-ciudad-de-los-mil-minaretes/",1,es,"wp-page-63606:guideArticle"
"https://travel2egypt.org/es/guia-de-viaje-de-sohag/templo-de-abydos/",1,es,"wp-page-116301:tour"
"https://travel2egypt.org/al-wadi-al-gadid-travel-guide/voyage-directions/",1,en,"wp-page-58729:guideArticle"
"https://travel2egypt.org/al-wadi-al-gadid-travel-guide/activities-essential/",1,en,"wp-page-58729:guideArticle"
"https://travel2egypt.org/es/guia-de-viaje-de-al-gouna/playa-de-mangroovy/",1,es,"wp-page-58803:guideArticle"
"http://travel2egypt.org/es/rios-del-desierto-paquete-de-10-dias-por-el-nilo-y-el-desierto-occidental/",1,es,"wp-page-59312:guideArticle"
"https://travel2egypt.org/es/guia-de-viaje-del-oasis-de-dajla/cuando-explorar/",1,es,"wp-page-59494:guideArticle"
"http://travel2egypt.org/trip-request/",1,en,"wp-page-59506:guideArticle"
"https://travel2egypt.org/dakhla-oasis-travel-guide/getting-around/",1,en,"wp-page-60229:guideArticle"
"https://travel2egypt.org/es/guia-de-viaje-de-edfu/experiencias-a-tener/",1,es,"wp-page-60333:guideArticle"
"https://travel2egypt.org/es/guia-de-viaje-de-dahab/eventos/",1,es,"wp-page-60585:guideArticle"
"https://travel2egypt.org/es/guia-de-viajes-de-baris/actividades-en-el-desierto-de-baris-una-aventura-sin-igual/",1,es,"wp-page-60631:guideArticle"
"http://travel2egypt.org/es/el-viaje-definitivo-a-sharm-el-sheij/",1,es,"wp-page-60644:guideArticle"
"https://travel2egypt.org/saint-catherine-travel-guide/pilgrims-travel-guide/",1,en,"wp-page-60719:guideArticle"
"https://travel2egypt.org/esna-travel-guide/getting-around/",1,en,"wp-page-78784:guideArticle"
"https://travel2egypt.org/cairo-travel-guide/ibn-tulun-citadel/",1,en,"wp-page-87828:tour"
"https://travel2egypt.org/cairo-travel-guide/church-of-st-sergius-bacchus/",1,en,"wp-page-87828:tour"
"https://travel2egypt.org/saint-catherine-travel-guide/visiting-tips/",1,en,"wp-post-73355-en:article"
"https://travel2egypt.org/es/guia-de-viaje-del-oasis-de-siwa/oasis-del-gusto/",1,es,"wp-page-59480:guideArticle"
"https://travel2egypt.org/es/guia-de-viaje-del-oasis-de-kharga/kharga-desenterrado/",1,es,"wp-page-59742:guideArticle"
"https://travel2egypt.org/group-day-tours/",1,en,"wp-page-60072:guideArticle"
"https://travel2egypt.org/es/guia-de-viaje-de-qena/descubre-qena/",1,es,"wp-page-60324:guideArticle"
"https://travel2egypt.org/es/guia-de-viaje-de-santa-catalina/monasterio-de-santa-catalina-y-monte-sinai/",1,es,"wp-page-60459:guideArticle"
"https://travel2egypt.org/9-day-prestigious-egypt-vacation-from-australia/",1,en,"wp-page-60599:guideArticle"
"https://travel2egypt.org/es/guia-de-viaje-de-marsa-alam/visitas-y-excursiones/",1,es,"wp-page-60643:guideArticle"
"https://travel2egypt.org/es/guia-de-viaje-de-asyut/los-vibrantes-actos-y-festivales-de-asyut/",1,es,"wp-page-60661:guideArticle"
"https://travel2egypt.org/blog/",1,en,"wp-page-110952:tour"
"https://travel2egypt.org/alexandria-travel-guide/the-national-museum/",1,en,"wp-page-110952:tour"
"https://travel2egypt.org/best-of-egypt-2/",1,en,"wp-page-87758:tour"
"http://travel2egypt.org/es/vacaciones-en-familia-en-egipto/",1,es,"wp-page-87829:tour"
"mailto:info@travel2egypt.org",1,en,"editorial-page-contact:editorialPage"
"https://travel2egypt.org/es/la-antigua-ciudad-de-pelusium/",1,es,"wp-page-60535:guideArticle"
"http://travel2egypt.org/ancient-egypt-and-the-red-sea-tour/",1,en,"wp-page-61927:guideArticle"
"http://travel2egypt.org/es/oasis-misteriosos-y-el-nilo/",1,es,"wp-page-83679:hotel"
"https://travel2egypt.org/luxor-and-nile-cruise-vacation-15-day/",1,en,"wp-page-133412:tour"
"http://travel2egypt.org/es/visita-privada-a-las-iconicas-piramides-de-guiza-y-la-esfinge/",1,es,"wp-page-60914:travelTip"